product_id,product_name,product_description,category,subcategory,brand,price,rating_avg_clean,rating_source,rating_avg,calculated_rating_avg,review_count,total_reviews_actual,stock_quantity,date_added,total_views,total_clicks,total_add_to_cart,total_purchase_rows,total_orders,total_quantity_sold,total_revenue,avg_unit_price,avg_dwell_seconds,ctr_percent,add_to_cart_rate_percent,click_to_purchase_rate_percent,cart_to_purchase_rate_percent,revenue_per_view,revenue_per_click
8826d916-cdfb-41c6-81ff-91a761565a70,The Elite Cipher - PlayStation 5 Edition,"Bring joy to playtime with the The Elite Cipher - PlayStation 5 Edition.

Key Features:
  - Easy to learn, with endless replay value.
  - Safe, non-toxic materials certified for children.
  - Encourages creative thinking and problem-solving skills.
  - STEM-focused learning through play.
  - Expandable with additional sets and accessories.

Winner of multiple toy awards.",Toys & Games,Video Games,Hasbro,12.93,,No rating available,,,0,0.0,16,2024-09-04,10.0,4.0,1.0,0.0,0.0,0.0,0.0,0.0,23.84,40.0,25.0,0.0,0.0,0.0,0.0
2416da6e-c212-4ddb-8d88-00160eb686b2,KitchenAid Ultra-Soft Bedding,"Designed to make your home more beautiful and functional.

Key Features:
  - Stackable design for efficient storage.
  - Built to withstand daily use with durable construction.
  - Easy to clean and maintain for everyday use.
  - Versatile design complements any decor style.
  - Crafted from premium {material} for lasting quality.

Whether you are redecorating or just looking for that perfect finishing touch, this piece fits beautifully.

Backed by our satisfaction guarantee.",Home & Kitchen,Bedding,KitchenAid,31.65,2.0,Original from products,2.0,2.0,1,1.0,12,2024-06-02,10.0,7.0,5.0,1.0,1.0,1.0,32.56,32.56,19.83,70.0,71.43,14.29,20.0,3.26,4.65
eb819333-b501-4c18-8c53-c786ed62c2f9,Mobil Premium Car Care,"The Mobil Premium Car Care delivers professional-grade results.

Key Features:
  - Quick-drying formula saves time.
  - Weather-resistant for year-round protection.
  - Compatible with all major vehicle makes and models.
  - UV-resistant formula prevents fading and cracking.
  - Professional-grade formula for superior results.
  - Long-lasting protection against the elements.

Additional Details:
  - Temperature range: {temp_range}
  - Application: {app_method}
  - Volume: {volume_ml}ml

Your vehicle deserves the best care.",Automotive,Car Care,Mobil,42.34,1.0,Original from products,1.0,1.0,1,1.0,1,2024-03-26,20.0,9.0,7.0,2.0,2.0,2.0,87.36,43.68,19.6,45.0,77.78,22.22,28.57,4.37,9.71
71445abc-2f0d-4ac2-8097-acb7a3823bc9,Wilson Cycling - Navy,"Engineered for peak performance in any condition.

Key Features:
  - Lightweight design for effortless portability.
  - Adjustable features for customized fit.
  - Reinforced stress points for long-lasting durability.
  - Ergonomic design reduces fatigue during extended use.
  - Compression-molded for compact storage.

Trusted by athletes and adventurers worldwide.",Sports & Outdoors,Cycling,Wilson,37.73,4.5,Original from products,4.5,4.5,2,2.0,1,2023-06-19,12.0,3.0,4.0,3.0,3.0,3.0,109.5,36.5,19.15,25.0,133.33,100.0,75.0,9.12,36.5
13d16283-160e-4c20-aebd-f9d6297e4c73,Samsung Prime Prime15,"Experience cutting-edge technology with the Samsung Prime Prime15.

Key Features:
  - Supports high-resolution audio for immersive sound.
  - Enhanced security features including biometric authentication.
  - Intuitive user interface with customizable settings.
  - Advanced cooling system for sustained performance.
  - Features a high-resolution display with vivid color accuracy.
  - Long-lasting battery designed for all-day productivity.

Designed with the modern user in mind, it combines powerful performance with an intuitive interface.

Perfect for professionals and enthusiasts alike.",Electronics,Smartphones,Samsung,123.44,3.5,Original from products,3.5,3.5,2,2.0,2,2023-03-07,76.0,32.0,19.0,2.0,2.0,2.0,254.31,127.155,17.08,42.11,59.38,6.25,10.53,3.35,7.95
29101780-8b9e-4c5e-af92-bb2e667840ed,Nestle Certified Organic Organic Food,"Savor the rich flavors of the Nestle Certified Organic Organic Food.

Key Features:
  - Perfect for gifting or everyday indulgence.
  - Versatile ingredient for countless recipes.
  - No artificial preservatives or additives.
  - Rich, authentic flavor profile.
  - Expertly crafted using traditional methods.

A taste worth savoring.",Grocery & Gourmet,Organic Foods,Nestle,9.98,5.0,Original from products,5.0,5.0,2,2.0,1,2025-11-05,19.0,15.0,7.0,2.0,2.0,4.0,38.019999999999996,9.504999999999999,20.01,78.95,46.67,13.33,28.57,2.0,2.53
06ce14c8-3158-44a4-b6a0-04674d81a0d2,Introduction to Deep Learning,"Discover the story behind Introduction to Deep Learning.

Key Features:
  - Comprehensive coverage of the subject matter.
  - Meticulously researched and expertly presented.
  - Thought-provoking themes that resonate long after reading.
  - Includes exclusive content and illustrations.
  - Award-winning author delivers another masterpiece.

Perfect for bedtime reading, book clubs, or casual enjoyment, this book offers something for everyone.

Additional Details:
  - Available in multiple formats for your reading preference.
  - A substantial read that delivers incredible value.
  - Critically acclaimed with outstanding reader reviews.

Already a bestseller in multiple countries.",Books,Educational,HarperCollins,11.76,,No rating available,,,0,0.0,1,2023-02-16,0.0,0.0,0.0,0.0,0.0,0.0,0.0,0.0,0.0,,,,,,
233ea18b-ca97-4371-ba51-51731e512c3a,Apple Prime Prime5,"Experience cutting-edge technology with the Apple Prime Prime5.

Key Features:
  - Advanced connectivity options including WiFi 6 and Bluetooth 5.3.
  - Intuitive user interface with customizable settings.
  - Advanced cooling system for sustained performance.
  - Equipped with the latest processor for seamless multitasking.
  - Premium build quality with aerospace-grade materials.

Designed with the modern user in mind, it combines powerful performance with an intuitive interface.

Order today and experience the difference.",Electronics,Smartphones,Apple,175.72,,No rating available,,,0,0.0,2,2025-10-20,48.0,22.0,10.0,0.0,0.0,0.0,0.0,0.0,14.48,45.83,45.45,0.0,0.0,0.0,0.0
22389617-c344-498d-afbf-4ce3e3535610,Apple X15 Smartphone,"The Apple X15 Smartphone delivers exceptional performance for all your needs.

Key Features:
  - Advanced connectivity options including WiFi 6 and Bluetooth 5.3.
  - Intuitive user interface with customizable settings.
  - Premium build quality with aerospace-grade materials.
  - Enhanced security features including biometric authentication.
  - Sleek, lightweight design for maximum portability.
  - Features a high-resolution display with vivid color accuracy.

Designed with the modern user in mind, it combines powerful performance with an intuitive interface.

Additional Details:
  - Slim and portable form factor for easy travel.
  - Long battery life for all-day usage.
  - Connectivity: USB-C, HDMI, WiFi 6, Bluetooth.

Backed by a comprehensive warranty and dedicated support.",Electronics,Smartphones,Apple,457.39,,No rating available,,,0,0.0,1,2023-11-05,3.0,1.0,0.0,0.0,0.0,0.0,0.0,0.0,31.36,33.33,0.0,0.0,,0.0,0.0
6efab8db-f0a2-4fd3-acb9-d94610c2b4a1,Spalding Z15 Cycling,"Engineered for peak performance in any condition.

Key Features:
  - Reflective elements enhance visibility in low light.
  - Ergonomic design reduces fatigue during extended use.
  - Lightweight design for effortless portability.
  - Weather-resistant materials keep you protected.
  - Durable construction withstands the toughest conditions.

Additional Details:
  - Weight: {weight_g}g
  - Material: {material_quality} {material}
  - Capacity: {capacity_l}L

Trusted by athletes and adventurers worldwide.",Sports & Outdoors,Cycling,Spalding,49.61,5.0,Original from products,5.0,5.0,1,1.0,1248,2025-05-16,11.0,7.0,2.0,0.0,0.0,0.0,0.0,0.0,19.39,63.64,28.57,0.0,0.0,0.0,0.0
f5734c2a-c309-42c2-9f79-55b3be36c25a,Apple Air11 Ultrabook,"Upgrade your setup with the powerful Apple Air11 Ultrabook.

Key Features:
  - Sleek, lightweight design for maximum portability.
  - Equipped with the latest processor for seamless multitasking.
  - Intuitive user interface with customizable settings.
  - Advanced cooling system for sustained performance.
  - Long-lasting battery designed for all-day productivity.

Designed with the modern user in mind, it combines powerful performance with an intuitive interface.

Additional Details:
  - Slim and portable form factor for easy travel.
  - High-resolution display with vivid color reproduction.

Elevate your daily experience with this premium device.",Electronics,Laptops,Apple,342.47,5.0,Original from products,5.0,5.0,1,1.0,1,2026-04-01,41.0,21.0,11.0,2.0,2.0,2.0,699.53,349.765,18.07,51.22,52.38,9.52,18.18,17.06,33.31
89346311-6daa-4ff8-bc93-1872f795a3e4,Nike Gold-Plated Jewelry,"Elevate your wardrobe with the Nike Gold-Plated Jewelry.

Key Features:
  - Classic design that never goes out of style.
  - Reinforced stitching for enhanced durability.
  - Tailored fit that flatters every body type.
  - Breathable material keeps you comfortable all day.
  - Premium {material} fabric for lasting comfort.

From casual outings to formal occasions, this piece transitions effortlessly across settings.

Available in multiple colors to suit your style.",Clothing & Accessories,Jewelry,Nike,48.96,5.0,Original from products,5.0,5.0,1,1.0,1,2025-07-22,33.0,17.0,11.0,1.0,1.0,1.0,49.2,49.2,15.62,51.52,64.71,5.88,9.09,1.49,2.89
b0198cad-0f24-44c7-90c5-88c2a4d7d331,Philips Air18 Fitness Tracker,"Upgrade your setup with the powerful Philips Air18 Fitness Tracker.

Key Features:
  - Intuitive user interface with customizable settings.
  - Features a high-resolution display with vivid color accuracy.
  - Advanced cooling system for sustained performance.
  - Supports high-resolution audio for immersive sound.
  - Equipped with the latest processor for seamless multitasking.
  - Premium build quality with aerospace-grade materials.

Whether you are working from home, gaming, or streaming, this device is built to handle it all with ease.

Backed by a comprehensive warranty and dedicated support.",Electronics,Wearables,Philips,53.71,,No rating available,,,0,0.0,2,2025-06-28,8.0,5.0,1.0,0.0,0.0,0.0,0.0,0.0,21.65,62.5,20.0,0.0,0.0,0.0,0.0
17f2285d-1707-4b77-b944-6f7f3db9360b,KitchenAid Ultra-Soft Bedding,"The KitchenAid Ultra-Soft Bedding brings both style and function to your space.

Key Features:
  - Space-saving design fits perfectly in any room.
  - Crafted from premium {material} for lasting quality.
  - Dishwasher safe for effortless cleaning.
  - Ergonomic design for comfortable use.

Designed to enhance your living space while providing practical everyday functionality.

Additional Details:
  - Easy to clean and maintain.
  - Premium materials for lasting quality.

Designed for real life, built to last.",Home & Kitchen,Bedding,KitchenAid,21.98,,No rating available,,,0,0.0,1,2023-11-27,49.0,19.0,9.0,1.0,1.0,1.0,22.19,22.19,15.96,38.78,47.37,5.26,11.11,0.45,1.17
a0faeb8b-2284-4f27-abe2-4dbed34bdcae,Cuisinart Denim Kitchenware,"Elevate your everyday living with the Cuisinart Denim Kitchenware.

Key Features:
  - Stackable design for efficient storage.
  - Ergonomic design for comfortable use.
  - Elegant finish adds a touch of sophistication.
  - Space-saving design fits perfectly in any room.

Designed to enhance your living space while providing practical everyday functionality.

Designed for real life, built to last.",Home & Kitchen,Kitchenware,Cuisinart,26.18,,No rating available,,,0,0.0,1,2025-01-15,6.0,3.0,0.0,0.0,0.0,0.0,0.0,0.0,15.16,50.0,0.0,0.0,,0.0,0.0
d4c82aec-8ebb-48be-8b4b-dc5dc3b7aef7,Pioneer and the sophisticated pioneer,"Dive into the captivating world of Pioneer and the sophisticated pioneer.

Key Features:
  - Includes exclusive content and illustrations.
  - Includes discussion questions for book clubs.
  - Gripping narrative that keeps you turning pages.
  - Award-winning author delivers another masterpiece.
  - Meticulously researched and expertly presented.
  - Perfect for book clubs and group discussions.

Whether you are a longtime fan or new to the genre, this book will captivate you from the first page.

Additional Details:
  - Expertly crafted with attention to every detail.
  - Available in multiple formats for your reading preference.
  - Critically acclaimed with outstanding reader reviews.

A must-read for fans of the genre.",Books,Children's Books,HarperCollins,9.13,,No rating available,,,0,0.0,1,2025-03-11,0.0,1.0,1.0,0.0,0.0,0.0,0.0,0.0,26.71,,100.0,0.0,0.0,,0.0
227d2d69-694a-4953-a231-d1e78172d65e,Nike Air12 Crossbody Bag,"Designed for those who refuse to compromise on style.

Key Features:
  - Four-way stretch fabric for unrestricted movement.
  - Moisture-wicking technology keeps you dry.
  - Premium {material} fabric for lasting comfort.
  - Tailored fit that flatters every body type.
  - Eco-friendly materials sourced sustainably.

From casual outings to formal occasions, this piece transitions effortlessly across settings.

Join thousands of satisfied customers worldwide.",Clothing & Accessories,Bags,Nike,33.15,3.5,Original from products,3.5,3.5,2,2.0,1,2024-06-14,9.0,1.0,3.0,2.0,2.0,2.0,66.11,33.055,25.76,11.11,300.0,200.0,66.67,7.35,66.11
1f3a8b13-45cf-4478-90ae-b1cbea318130,Samsung Galaxy Book6,"Engineered for excellence, the Samsung Galaxy Book6 sets a new standard.

Key Features:
  - Sleek, lightweight design for maximum portability.
  - Intuitive user interface with customizable settings.
  - Supports high-resolution audio for immersive sound.
  - Features a high-resolution display with vivid color accuracy.
  - Premium build quality with aerospace-grade materials.

Whether you are working from home, gaming, or streaming, this device is built to handle it all with ease.

Additional Details:
  - High-resolution display with vivid color reproduction.
  - Long battery life for all-day usage.
  - Slim and portable form factor for easy travel.

Backed by a comprehensive warranty and dedicated support.",Electronics,Smartphones,Samsung,230.65,,No rating available,,,0,0.0,12,2023-02-17,6.0,1.0,2.0,0.0,0.0,0.0,0.0,0.0,15.3,16.67,200.0,0.0,0.0,0.0,0.0
f6458376-2889-4221-b909-bdaf4cccc779,Wilson 55L Camping Gear,"Engineered for peak performance in any condition.

Key Features:
  - Lightweight design for effortless portability.
  - Durable construction withstands the toughest conditions.
  - Ergonomic design reduces fatigue during extended use.
  - Weather-resistant materials keep you protected.

Ready for wherever your journey takes you.",Sports & Outdoors,Camping Gear,Wilson,116.8,4.0,Original from products,4.0,4.0,1,1.0,1,2026-02-11,10.0,1.0,4.0,0.0,0.0,0.0,0.0,0.0,18.1,10.0,400.0,0.0,0.0,0.0,0.0
35bf8754-29bb-463a-a710-839011ee78ab,Pyrex Premium Kitchenware,"Transform your home with the Pyrex Premium Kitchenware.

Key Features:
  - Crafted from premium {material} for lasting quality.
  - Space-saving design fits perfectly in any room.
  - Built to withstand daily use with durable construction.
  - Temperature resistant up to {temp_c} degrees.
  - Ergonomic design for comfortable use.

Designed to enhance your living space while providing practical everyday functionality.

Additional Details:
  - Premium materials for lasting quality.
  - Dimensions: perfectly sized for your space.
  - Easy to clean and maintain.

Make every day extraordinary.",Home & Kitchen,Kitchenware,Pyrex,54.98,4.3,Original from products,4.3,4.333333333333333,6,6.0,1,2023-09-03,196.0,76.0,52.0,11.0,11.0,15.0,829.02,55.45272727272727,18.31,38.78,68.42,14.47,21.15,4.23,10.91
7ae6b7f0-2a30-496f-81dc-2229f4652ad5,Wilson 77L Camping Gear,"The Wilson 77L Camping Gear is built for those who push their limits.

Key Features:
  - Reinforced stress points for long-lasting durability.
  - Adjustable features for customized fit.
  - Compression-molded for compact storage.
  - Durable construction withstands the toughest conditions.
  - Quick-setup system saves time and hassle.
  - Lightweight design for effortless portability.

Ready for wherever your journey takes you.",Sports & Outdoors,Camping Gear,Wilson,42.09,4.0,Original from products,4.0,4.0,2,2.0,1,2026-04-28,1.0,2.0,2.0,1.0,1.0,1.0,41.77,41.77,13.53,200.0,100.0,50.0,50.0,41.77,20.88
b73b38a1-df92-44b3-bfd8-e3189d42f74f,Apple X1 Activity Band,"The Apple X1 Activity Band delivers exceptional performance for all your needs.

Key Features:
  - Enhanced security features including biometric authentication.
  - Premium build quality with aerospace-grade materials.
  - Sleek, lightweight design for maximum portability.
  - Supports high-resolution audio for immersive sound.

Designed with the modern user in mind, it combines powerful performance with an intuitive interface.

Perfect for professionals and enthusiasts alike.",Electronics,Wearables,Apple,34.92,3.0,Original from products,3.0,3.0,1,1.0,1,2026-03-08,109.0,35.0,23.0,4.0,4.0,5.0,173.9,34.5325,18.76,32.11,65.71,11.43,17.39,1.6,4.97
356b91c4-74fa-4ed5-8a5c-6a6f740905ce,Apple Classic Over-Ear Headphones,"Experience cutting-edge technology with the Apple Classic Over-Ear Headphones.

Key Features:
  - Sleek, lightweight design for maximum portability.
  - Long-lasting battery designed for all-day productivity.
  - Intuitive user interface with customizable settings.
  - Premium build quality with aerospace-grade materials.
  - Equipped with the latest processor for seamless multitasking.

Designed with the modern user in mind, it combines powerful performance with an intuitive interface.

Additional Details:
  - Slim and portable form factor for easy travel.
  - Connectivity: USB-C, HDMI, WiFi 6, Bluetooth.

Elevate your daily experience with this premium device.",Electronics,Headphones,Apple,157.6,5.0,Original from products,5.0,5.0,3,3.0,2,2023-01-24,111.0,48.0,31.0,7.0,7.0,7.0,1105.19,157.8842857142857,15.85,43.24,64.58,14.58,22.58,9.96,23.02
4a1e79d7-75c8-4163-9612-e9e5e0decf49,Calvin Klein Pixel17 Running Shoes,"Elevate your wardrobe with the Calvin Klein Pixel17 Running Shoes.

Key Features:
  - Eco-friendly materials sourced sustainably.
  - Four-way stretch fabric for unrestricted movement.
  - Premium {material} fabric for lasting comfort.
  - Tailored fit that flatters every body type.
  - Reinforced stitching for enhanced durability.
  - Breathable material keeps you comfortable all day.

From casual outings to formal occasions, this piece transitions effortlessly across settings.

Additional Details:
  - Premium fabric construction for lasting wear.
  - Available in multiple sizes for the perfect fit.
  - Designed for comfort with a tailored silhouette.

Join thousands of satisfied customers worldwide.",Clothing & Accessories,Footwear,Calvin Klein,35.55,3.0,Original from products,3.0,3.0,1,1.0,1,2025-07-10,9.0,4.0,2.0,1.0,1.0,2.0,72.48,36.24,20.63,44.44,50.0,25.0,50.0,8.05,18.12
b1a8533d-7d06-48ae-b1d2-02a39ad1c623,"Instant Pot 32"" Kitchenware Set","Elevate your everyday living with the Instant Pot 32"" Kitchenware Set.

Key Features:
  - Ergonomic design for comfortable use.
  - Versatile design complements any decor style.
  - Space-saving design fits perfectly in any room.
  - Built to withstand daily use with durable construction.
  - Temperature resistant up to {temp_c} degrees.

Designed to enhance your living space while providing practical everyday functionality.

Additional Details:
  - Dimensions: perfectly sized for your space.
  - Easy to clean and maintain.

Backed by our satisfaction guarantee.",Home & Kitchen,Kitchenware,Instant Pot,50.68,2.5,Original from products,2.5,2.5,2,2.0,11,2025-03-01,108.0,39.0,25.0,3.0,3.0,3.0,151.2,50.4,16.8,36.11,64.1,7.69,12.0,1.4,3.88
453c2ed5-172f-4d33-87de-0dce637ee201,Corkcicle Premium Furniture,"Designed to make your home more beautiful and functional.

Key Features:
  - Easy to clean and maintain for everyday use.
  - Crafted from premium {material} for lasting quality.
  - Dishwasher safe for effortless cleaning.
  - Ergonomic design for comfortable use.
  - Versatile design complements any decor style.
  - Elegant finish adds a touch of sophistication.

Whether you are redecorating or just looking for that perfect finishing touch, this piece fits beautifully.

Designed for real life, built to last.",Home & Kitchen,Furniture,Corkcicle,176.92,,No rating available,,,0,0.0,1,2023-10-15,5.0,4.0,2.0,1.0,1.0,1.0,176.83,176.83,16.34,80.0,50.0,25.0,50.0,35.37,44.21
31e0fdcb-41e0-43c9-bbf4-c5c76daa33aa,Hasbro Core Deluxe Sam,"Bring joy to playtime with the Hasbro Core Deluxe Sam.

Key Features:
  - Easy to learn, with endless replay value.
  - STEM-focused learning through play.
  - Safe, non-toxic materials certified for children.
  - Award-winning design loved by kids and parents.

Winner of multiple toy awards.",Toys & Games,Action Figures,Hasbro,52.63,,No rating available,,,0,0.0,1,2025-10-10,1.0,2.0,1.0,0.0,0.0,0.0,0.0,0.0,17.28,200.0,50.0,0.0,0.0,0.0,0.0
d79fb878-dfb7-45b4-9d71-f14697dbddc7,Le Creuset Max Appliance,"Designed to make your home more beautiful and functional.

Key Features:
  - Ergonomic design for comfortable use.
  - Built to withstand daily use with durable construction.
  - Easy to clean and maintain for everyday use.
  - Temperature resistant up to {temp_c} degrees.
  - Dishwasher safe for effortless cleaning.

Whether you are redecorating or just looking for that perfect finishing touch, this piece fits beautifully.

Make every day extraordinary.",Home & Kitchen,Appliances,Le Creuset,74.96,,No rating available,,,0,0.0,7,2023-05-19,28.0,7.0,2.0,0.0,0.0,0.0,0.0,0.0,20.58,25.0,28.57,0.0,0.0,0.0,0.0
15e13e8e-1781-4b75-8969-6f81e4059991,Introduction to Linear Algebra,"Discover the story behind Introduction to Linear Algebra.

Key Features:
  - Meticulously researched and expertly presented.
  - Includes exclusive content and illustrations.
  - Thought-provoking themes that resonate long after reading.
  - Beautifully written with vivid prose and memorable characters.
  - Award-winning author delivers another masterpiece.

Whether you are a longtime fan or new to the genre, this book will captivate you from the first page.

Additional Details:
  - Critically acclaimed with outstanding reader reviews.
  - Available in multiple formats for your reading preference.

Order your copy today and start reading.",Books,Educational,HarperCollins,8.65,,No rating available,,,0,0.0,1,2023-11-07,3.0,0.0,0.0,0.0,0.0,0.0,0.0,0.0,63.32,0.0,,,,0.0,
db058a09-6fbc-4923-8eda-d73ec8d7511d,The World History: An Introduction for Beginners,"Dive into the captivating world of The World History: An Introduction for Beginners.

Key Features:
  - Award-winning author delivers another masterpiece.
  - Gripping narrative that keeps you turning pages.
  - Thought-provoking themes that resonate long after reading.
  - Includes discussion questions for book clubs.
  - Beautifully written with vivid prose and memorable characters.

Perfect for bedtime reading, book clubs, or casual enjoyment, this book offers something for everyone.

A must-read for fans of the genre.",Books,Non-Fiction,McGraw-Hill,10.83,,No rating available,,,0,0.0,5,2026-03-29,1.0,0.0,0.0,0.0,0.0,0.0,0.0,0.0,5.71,0.0,,,,0.0,
e6838a70-dd74-4cab-97a6-88a7cec29978,Samsung Air Smartwatch,"The Samsung Air Smartwatch delivers exceptional performance for all your needs.

Key Features:
  - Equipped with the latest processor for seamless multitasking.
  - Features a high-resolution display with vivid color accuracy.
  - Enhanced security features including biometric authentication.
  - Supports high-resolution audio for immersive sound.
  - Advanced connectivity options including WiFi 6 and Bluetooth 5.3.

Whether you are working from home, gaming, or streaming, this device is built to handle it all with ease.

Additional Details:
  - Connectivity: USB-C, HDMI, WiFi 6, Bluetooth.
  - High-resolution display with vivid color reproduction.

Order today and experience the difference.",Electronics,Wearables,Samsung,140.36,,No rating available,,,0,0.0,1,2025-07-15,2.0,1.0,0.0,0.0,0.0,0.0,0.0,0.0,9.65,50.0,0.0,0.0,,0.0,0.0
fc85e6da-3f50-4390-b347-461412f7d6c3,Versatile of thunder,"Versatile of thunder is a compelling read you won't want to put down.

Key Features:
  - Features a foreword by a leading expert in the field.
  - Thought-provoking themes that resonate long after reading.
  - Comprehensive coverage of the subject matter.
  - Gripping narrative that keeps you turning pages.

Whether you are a longtime fan or new to the genre, this book will captivate you from the first page.

Already a bestseller in multiple countries.",Books,Fiction,Penguin Books,9.5,,No rating available,,,0,0.0,1,2023-05-20,3.0,0.0,0.0,0.0,0.0,0.0,0.0,0.0,27.14,0.0,,,,0.0,
c7061993-5ae6-4ca2-a74e-bc902d61b78d,Le Creuset Non-Stick Kitchenware,"Designed to make your home more beautiful and functional.

Key Features:
  - Crafted from premium {material} for lasting quality.
  - Elegant finish adds a touch of sophistication.
  - Built to withstand daily use with durable construction.
  - Temperature resistant up to {temp_c} degrees.
  - Easy to clean and maintain for everyday use.

Designed to enhance your living space while providing practical everyday functionality.

Designed for real life, built to last.",Home & Kitchen,Kitchenware,Le Creuset,62.3,,No rating available,,,0,0.0,2,2023-06-29,11.0,4.0,1.0,0.0,0.0,0.0,0.0,0.0,25.67,36.36,25.0,0.0,0.0,0.0,0.0
7b5c2f17-5333-488f-aa64-7fcb72accf4d,Cuisinart Premium Kitchenware,"The Cuisinart Premium Kitchenware brings both style and function to your space.

Key Features:
  - Space-saving design fits perfectly in any room.
  - Crafted from premium {material} for lasting quality.
  - Ergonomic design for comfortable use.
  - Stackable design for efficient storage.
  - Built to withstand daily use with durable construction.
  - Easy to clean and maintain for everyday use.

Whether you are redecorating or just looking for that perfect finishing touch, this piece fits beautifully.

Additional Details:
  - Dimensions: perfectly sized for your space.
  - Available in a variety of finishes.
  - Easy to clean and maintain.

Make every day extraordinary.",Home & Kitchen,Kitchenware,Cuisinart,56.75,5.0,Original from products,5.0,5.0,1,1.0,1,2023-11-17,5.0,4.0,2.0,2.0,2.0,6.0,353.3,58.86,11.19,80.0,50.0,50.0,100.0,70.66,88.32
6e9b539a-77ad-4307-acb5-f558f8b5cc6f,Apple Accessorie Stand,"Experience cutting-edge technology with the Apple Accessorie Stand.

Key Features:
  - Supports high-resolution audio for immersive sound.
  - Advanced connectivity options including WiFi 6 and Bluetooth 5.3.
  - Sleek, lightweight design for maximum portability.
  - Enhanced security features including biometric authentication.

Whether you are working from home, gaming, or streaming, this device is built to handle it all with ease.

Additional Details:
  - Connectivity: USB-C, HDMI, WiFi 6, Bluetooth.
  - Long battery life for all-day usage.
  - High-resolution display with vivid color reproduction.

Perfect for professionals and enthusiasts alike.",Electronics,Accessories,Apple,70.02,4.1,Original from products,4.1,4.061224489795919,49,49.0,1,2023-03-29,3329.0,1348.0,830.0,84.0,84.0,88.0,6140.92,69.71904761904761,17.94,40.49,61.57,6.23,10.12,1.84,4.56
4ebe94fb-6705-4f36-96df-cb464c559568,L'Oreal Bloom Cologne,"Nourish and pamper yourself with the L'Oreal Bloom Cologne.

Key Features:
  - Cruelty-free and never tested on animals.
  - Antioxidant-rich formula protects against environmental damage.
  - Dermatologist-tested and suitable for all skin types.
  - Clinically proven results with regular use.

Additional Details:
  - Volume: {volume_ml}ml
  - Ingredients: {ingredient_highlight}
  - Shelf life: {shelf_life}m

Your skin deserves the best.",Beauty & Personal Care,Fragrance,L'Oreal,42.49,4.6,Original from products,4.6,4.571428571428571,7,7.0,9,2023-08-16,223.0,70.0,66.0,13.0,13.0,16.0,685.13,42.635384615384616,17.56,31.39,94.29,18.57,19.7,3.07,9.79
81551ffe-b19f-48da-9da3-e1084975e33b,Bosch Professional Tools & Equipment,"Keep your vehicle running at its best with Bosch Professional Tools & Equipment.

Key Features:
  - Exceeds OEM specifications for quality and performance.
  - Tested for quality and reliability.
  - Professional-grade formula for superior results.
  - Quick-drying formula saves time.
  - Compatible with all major vehicle makes and models.
  - Long-lasting protection against the elements.

Additional Details:
  - Temperature range: {temp_range}
  - Compatibility: {compat_info}
  - Application: {app_method}

Professional quality at an affordable price.",Automotive,Tools & Equipment,Bosch,37.6,4.0,Original from products,4.0,4.0,1,1.0,1,2024-12-13,4.0,3.0,4.0,1.0,1.0,1.0,38.05,38.05,15.71,75.0,133.33,33.33,25.0,9.51,12.68
ba4159d2-b0ed-4c0e-bb3e-0ddb55c60848,ASUS Galaxy11 Pro 5G,"Upgrade your setup with the powerful ASUS Galaxy11 Pro 5G.

Key Features:
  - Intuitive user interface with customizable settings.
  - Sleek, lightweight design for maximum portability.
  - Advanced connectivity options including WiFi 6 and Bluetooth 5.3.
  - Equipped with the latest processor for seamless multitasking.
  - Premium build quality with aerospace-grade materials.
  - Long-lasting battery designed for all-day productivity.

Whether you are working from home, gaming, or streaming, this device is built to handle it all with ease.

Elevate your daily experience with this premium device.",Electronics,Smartphones,ASUS,44.71,,No rating available,,,0,0.0,3,2023-01-10,6.0,3.0,3.0,0.0,0.0,0.0,0.0,0.0,19.0,50.0,100.0,0.0,0.0,0.0,0.0
0540ebea-e3f5-484b-9c62-2f6f575c73a9,Wilson Premium Fitness Equipment,"The Wilson Premium Fitness Equipment is built for those who push their limits.

Key Features:
  - Ergonomic design reduces fatigue during extended use.
  - Adjustable features for customized fit.
  - Ventilated design for breathability.
  - Quick-setup system saves time and hassle.
  - Compression-molded for compact storage.

Additional Details:
  - Material: {material_quality} {material}
  - Capacity: {capacity_l}L

Ready for wherever your journey takes you.",Sports & Outdoors,Fitness Equipment,Wilson,53.33,,No rating available,,,0,0.0,1,2023-12-25,5.0,2.0,2.0,0.0,0.0,0.0,0.0,0.0,13.05,40.0,100.0,0.0,0.0,0.0,0.0
2cef5320-bda8-498e-8db2-4881938dadc8,Garnier Cascade Eau de Parfum,"Reveal your natural beauty with the Garnier Cascade Eau de Parfum.

Key Features:
  - Clinically proven results with regular use.
  - Dermatologist-tested and suitable for all skin types.
  - Delicate fragrance that lingers throughout the day.
  - Antioxidant-rich formula protects against environmental damage.
  - Cruelty-free and never tested on animals.
  - Suitable for sensitive skin.

Additional Details:
  - Ingredients: {ingredient_highlight}
  - Shelf life: {shelf_life}m

See the difference with every use.",Beauty & Personal Care,Fragrance,Garnier,25.68,,No rating available,,,0,0.0,44,2024-01-27,41.0,17.0,5.0,0.0,0.0,0.0,0.0,0.0,14.86,41.46,29.41,0.0,0.0,0.0,0.0
bcdc00ff-c173-40aa-9371-c06827f80868,Nike Womenswear Dress,"Designed for those who refuse to compromise on style.

Key Features:
  - Easy care fabric - machine washable.
  - Four-way stretch fabric for unrestricted movement.
  - Moisture-wicking technology keeps you dry.
  - Eco-friendly materials sourced sustainably.
  - Versatile design transitions seamlessly from day to night.

Crafted with attention to detail, it offers the perfect balance of style and practicality.

Additional Details:
  - Designed for comfort with a tailored silhouette.
  - Available in multiple sizes for the perfect fit.

Experience the perfect blend of style and comfort.",Clothing & Accessories,Womenswear,Nike,62.74,,No rating available,,,0,0.0,6,2026-04-25,19.0,7.0,2.0,1.0,1.0,2.0,124.16,62.08,22.41,36.84,28.57,14.29,50.0,6.53,17.74
2758ff6a-d2a3-43d0-ba31-3b52bebcbe2a,Olay Bath & Body Scrub,"Nourish and pamper yourself with the Olay Bath & Body Scrub.

Key Features:
  - Formulated with natural ingredients for gentle care.
  - Cruelty-free and never tested on animals.
  - Suitable for sensitive skin.
  - Dermatologist-tested and suitable for all skin types.
  - Antioxidant-rich formula protects against environmental damage.
  - Free from parabens, sulfates, and phthalates.

Loved by beauty experts and enthusiasts alike.",Beauty & Personal Care,Bath & Body,Olay,18.27,,No rating available,,,0,0.0,1,2026-04-29,8.0,5.0,2.0,0.0,0.0,0.0,0.0,0.0,15.92,62.5,40.0,0.0,0.0,0.0,0.0
bd1f9455-5b75-4005-8a29-2c1b69600d17,Wilson Cycling - Brown,"Take your performance to the next level with the Wilson Cycling - Brown.

Key Features:
  - Compression-molded for compact storage.
  - Adjustable features for customized fit.
  - Lightweight design for effortless portability.
  - Durable construction withstands the toughest conditions.

Ready for wherever your journey takes you.",Sports & Outdoors,Cycling,Wilson,90.39,,No rating available,,,0,0.0,1,2025-11-20,6.0,5.0,4.0,1.0,1.0,1.0,93.52,93.52,14.33,83.33,80.0,20.0,25.0,15.59,18.7
807584c5-da8a-4cb8-9592-5fb20e963d76,"Lavazza Pantry Staple - 14""","Savor the rich flavors of the Lavazza Pantry Staple - 14"".

Key Features:
  - Ethically sourced and sustainably produced.
  - Hand-selected for superior quality.
  - No artificial preservatives or additives.
  - Versatile ingredient for countless recipes.

Additional Details:
  - Net weight: {weight_g}g
  - Shelf life: {shelf_life}m

Quality you can taste.",Grocery & Gourmet,Pantry Staples,Lavazza,8.78,,No rating available,,,0,0.0,1,2024-03-02,23.0,11.0,10.0,1.0,1.0,2.0,17.56,8.78,18.4,47.83,90.91,9.09,10.0,0.76,1.6
8c2591b7-781b-4929-ba24-8fe66a784480,3M X18 Wireless Printer,"Boost your productivity with the 3M X18 Wireless Printer.

Key Features:
  - Space-saving profile fits any desk setup.
  - Streamlines your workflow for maximum efficiency.
  - Eco-friendly materials and packaging.
  - Smooth, quiet operation for focused work.

The smart choice for modern professionals.",Office Products,Printers,3M,9.09,,No rating available,,,0,0.0,1,2024-10-19,0.0,2.0,0.0,0.0,0.0,0.0,0.0,0.0,4.48,,0.0,0.0,,,0.0
d12224f0-0bed-4d26-9c06-517f560d42b2,Apple Wireless Accessorie,"Experience cutting-edge technology with the Apple Wireless Accessorie.

Key Features:
  - Long-lasting battery designed for all-day productivity.
  - Intuitive user interface with customizable settings.
  - Enhanced security features including biometric authentication.
  - Features a high-resolution display with vivid color accuracy.
  - Premium build quality with aerospace-grade materials.
  - Advanced cooling system for sustained performance.

Designed with the modern user in mind, it combines powerful performance with an intuitive interface.

Order today and experience the difference.",Electronics,Accessories,Apple,55.7,,No rating available,,,0,0.0,1,2024-09-20,12.0,4.0,1.0,0.0,0.0,0.0,0.0,0.0,19.63,33.33,25.0,0.0,0.0,0.0,0.0
4a56e17e-344c-4772-8201-8d2a699b8a61,KitchenAid Scandinavian Home Decor,"Designed to make your home more beautiful and functional.

Key Features:
  - Temperature resistant up to {temp_c} degrees.
  - Space-saving design fits perfectly in any room.
  - Dishwasher safe for effortless cleaning.
  - Versatile design complements any decor style.
  - Built to withstand daily use with durable construction.

Designed to enhance your living space while providing practical everyday functionality.

Additional Details:
  - Premium materials for lasting quality.
  - Dimensions: perfectly sized for your space.
  - Available in a variety of finishes.

The perfect addition to any modern home.",Home & Kitchen,Home Decor,KitchenAid,93.35,,No rating available,,,0,0.0,1,2025-12-08,5.0,2.0,1.0,0.0,0.0,0.0,0.0,0.0,14.11,40.0,50.0,0.0,0.0,0.0,0.0
37c91f3d-72e5-4f4d-b001-07af34335aa1,The modern Philosophy Handbook,"The modern Philosophy Handbook offers a fresh perspective on an important topic.

Key Features:
  - Features a foreword by a leading expert in the field.
  - Includes discussion questions for book clubs.
  - Gripping narrative that keeps you turning pages.
  - Includes exclusive content and illustrations.
  - Comprehensive coverage of the subject matter.

Perfect for bedtime reading, book clubs, or casual enjoyment, this book offers something for everyone.

Already a bestseller in multiple countries.",Books,Educational,Penguin Books,25.46,,No rating available,,,0,0.0,1,2025-07-19,8.0,0.0,0.0,0.0,0.0,0.0,0.0,0.0,15.06,0.0,,,,0.0,
b039719b-51c0-4f5c-8469-aef5a0397016,Apple Essential Tablet,"Upgrade your setup with the powerful Apple Essential Tablet.

Key Features:
  - Advanced connectivity options including WiFi 6 and Bluetooth 5.3.
  - Long-lasting battery designed for all-day productivity.
  - Supports high-resolution audio for immersive sound.
  - Intuitive user interface with customizable settings.

Designed with the modern user in mind, it combines powerful performance with an intuitive interface.

Backed by a comprehensive warranty and dedicated support.",Electronics,Tablets,Apple,188.04,,No rating available,,,0,0.0,1,2026-02-04,3.0,2.0,0.0,0.0,0.0,0.0,0.0,0.0,10.88,66.67,0.0,0.0,,0.0,0.0
6c07b457-82a2-451e-b105-c556e3ec3ef6,H&M Casual Womenswear,"The H&M Casual Womenswear combines style with everyday comfort.

Key Features:
  - Classic design that never goes out of style.
  - Tailored fit that flatters every body type.
  - Moisture-wicking technology keeps you dry.
  - Breathable material keeps you comfortable all day.
  - Reinforced stitching for enhanced durability.

From casual outings to formal occasions, this piece transitions effortlessly across settings.

Experience the perfect blend of style and comfort.",Clothing & Accessories,Womenswear,H&M,85.86,,No rating available,,,0,0.0,1,2024-11-18,7.0,1.0,2.0,0.0,0.0,0.0,0.0,0.0,27.87,14.29,200.0,0.0,0.0,0.0,0.0
7972c35d-80be-48e8-bd9f-bc7eb80120b3,Brother Desktop Organization,"The Brother Desktop Organization streamlines your workflow.

Key Features:
  - Ergonomic design reduces strain during extended use.
  - Built to withstand daily use in demanding environments.
  - Adjustable settings for personalized comfort.
  - Easy setup with no assembly required.

Additional Details:
  - Dimensions: {dim_cm} cm
  - Weight: {weight_g}g

Backed by our quality guarantee.",Office Products,Organization,Brother,37.7,4.0,Original from products,4.0,4.0,2,2.0,1,2026-02-20,5.0,1.0,1.0,0.0,0.0,0.0,0.0,0.0,18.23,20.0,100.0,0.0,0.0,0.0,0.0
f84f1975-c50d-4044-9b8a-a4c36cf11bf8,Sony Air1 Pro 5G,"Engineered for excellence, the Sony Air1 Pro 5G sets a new standard.

Key Features:
  - Features a high-resolution display with vivid color accuracy.
  - Advanced connectivity options including WiFi 6 and Bluetooth 5.3.
  - Long-lasting battery designed for all-day productivity.
  - Advanced cooling system for sustained performance.
  - Equipped with the latest processor for seamless multitasking.
  - Supports high-resolution audio for immersive sound.

Whether you are working from home, gaming, or streaming, this device is built to handle it all with ease.

Perfect for professionals and enthusiasts alike.",Electronics,Smartphones,Sony,242.06,,No rating available,,,0,0.0,2,2025-07-16,5.0,1.0,0.0,0.0,0.0,0.0,0.0,0.0,17.99,20.0,0.0,0.0,,0.0,0.0
825d7643-2038-4cc7-b412-da428d1d86b7,Cuisinart Comfort Bedding,"Transform your home with the Cuisinart Comfort Bedding.

Key Features:
  - Temperature resistant up to {temp_c} degrees.
  - Versatile design complements any decor style.
  - Elegant finish adds a touch of sophistication.
  - Crafted from premium {material} for lasting quality.
  - Ergonomic design for comfortable use.

Designed to enhance your living space while providing practical everyday functionality.

Additional Details:
  - Easy to clean and maintain.
  - Premium materials for lasting quality.
  - Dimensions: perfectly sized for your space.

The perfect addition to any modern home.",Home & Kitchen,Bedding,Cuisinart,24.89,,No rating available,,,0,0.0,1,2025-07-10,15.0,5.0,3.0,0.0,0.0,0.0,0.0,0.0,23.04,33.33,60.0,0.0,0.0,0.0,0.0
8555fcc9-fb5a-4973-88c3-a6bc7c9fb145,LEGO Bloom Building Set,"The LEGO Bloom Building Set offers hours of engaging entertainment.

Key Features:
  - Award-winning design loved by kids and parents.
  - Develops fine motor skills and hand-eye coordination.
  - STEM-focused learning through play.
  - Safe, non-toxic materials certified for children.
  - Expandable with additional sets and accessories.
  - Durable design withstands active play.

The perfect gift for any occasion.",Toys & Games,Educational Toys,LEGO,70.65,,No rating available,,,0,0.0,3,2025-04-05,15.0,3.0,0.0,0.0,0.0,0.0,0.0,0.0,24.11,20.0,0.0,0.0,,0.0,0.0
53f54914-fe13-4d18-8025-70725ef310e7,Gap Galaxy10 Training Shoes,"Elevate your wardrobe with the Gap Galaxy10 Training Shoes.

Key Features:
  - Four-way stretch fabric for unrestricted movement.
  - Tailored fit that flatters every body type.
  - Classic design that never goes out of style.
  - Premium {material} fabric for lasting comfort.
  - Reinforced stitching for enhanced durability.

From casual outings to formal occasions, this piece transitions effortlessly across settings.

Additional Details:
  - Premium fabric construction for lasting wear.
  - Designed for comfort with a tailored silhouette.
  - Easy care: machine washable for convenience.

Join thousands of satisfied customers worldwide.",Clothing & Accessories,Footwear,Gap,48.29,5.0,Original from products,5.0,5.0,1,1.0,1,2024-02-23,20.0,10.0,3.0,1.0,1.0,1.0,46.46,46.46,15.85,50.0,30.0,10.0,33.33,2.32,4.65
5de0a820-43c1-4d74-b371-3bb4e115ce33,Dyson Modern Home Decor,"The Dyson Modern Home Decor brings both style and function to your space.

Key Features:
  - Ergonomic design for comfortable use.
  - Stackable design for efficient storage.
  - Easy to clean and maintain for everyday use.
  - Crafted from premium {material} for lasting quality.

Whether you are redecorating or just looking for that perfect finishing touch, this piece fits beautifully.

Additional Details:
  - Available in a variety of finishes.
  - Premium materials for lasting quality.
  - Easy to clean and maintain.

The perfect addition to any modern home.",Home & Kitchen,Home Decor,Dyson,35.02,3.4,Original from products,3.4,3.4,5,5.0,4,2025-01-28,255.0,89.0,66.0,8.0,8.0,10.0,346.03999999999996,34.52375,19.01,34.9,74.16,8.99,12.12,1.36,3.89
30dabbb8-5e2c-434e-8464-04cfd1bb4794,"Staples Supplie - 27""","Boost your productivity with the Staples Supplie - 27"".

Key Features:
  - Compatible with standard office supplies and accessories.
  - Smooth, quiet operation for focused work.
  - Adjustable settings for personalized comfort.
  - Eco-friendly materials and packaging.
  - Ergonomic design reduces strain during extended use.
  - Streamlines your workflow for maximum efficiency.

Backed by our quality guarantee.",Office Products,Supplies,Staples,13.39,5.0,Original from products,5.0,5.0,1,1.0,1,2024-03-20,3.0,1.0,2.0,0.0,0.0,0.0,0.0,0.0,13.72,33.33,200.0,0.0,0.0,0.0,0.0
711d028c-29fb-402d-97a9-9476df124bdb,Zwilling Furniture - Gray,"The Zwilling Furniture - Gray brings both style and function to your space.

Key Features:
  - Stackable design for efficient storage.
  - Ergonomic design for comfortable use.
  - Easy to clean and maintain for everyday use.
  - Dishwasher safe for effortless cleaning.
  - Built to withstand daily use with durable construction.
  - Elegant finish adds a touch of sophistication.

Designed to enhance your living space while providing practical everyday functionality.

Backed by our satisfaction guarantee.",Home & Kitchen,Furniture,Zwilling,53.17,,No rating available,,,0,0.0,1,2025-03-21,26.0,10.0,5.0,1.0,1.0,2.0,108.04,54.02,18.12,38.46,50.0,10.0,20.0,4.16,10.8
3b86ff04-fe55-4ec2-95ad-257e6ab92eb8,Apple Pixel2 Ultra,"The Apple Pixel2 Ultra delivers exceptional performance for all your needs.

Key Features:
  - Advanced connectivity options including WiFi 6 and Bluetooth 5.3.
  - Advanced cooling system for sustained performance.
  - Features a high-resolution display with vivid color accuracy.
  - Premium build quality with aerospace-grade materials.

Whether you are working from home, gaming, or streaming, this device is built to handle it all with ease.

Additional Details:
  - Connectivity: USB-C, HDMI, WiFi 6, Bluetooth.
  - High-resolution display with vivid color reproduction.

Backed by a comprehensive warranty and dedicated support.",Electronics,Smartphones,Apple,46.57,,No rating available,,,0,0.0,1,2023-11-14,4.0,2.0,0.0,0.0,0.0,0.0,0.0,0.0,8.98,50.0,0.0,0.0,,0.0,0.0
09e6cda9-42a6-4d6e-8cd0-044feb4f97a0,"HP Studio 17""","The HP Studio 17"" delivers exceptional performance for all your needs.

Key Features:
  - Enhanced security features including biometric authentication.
  - Advanced connectivity options including WiFi 6 and Bluetooth 5.3.
  - Advanced cooling system for sustained performance.
  - Intuitive user interface with customizable settings.
  - Features a high-resolution display with vivid color accuracy.

Whether you are working from home, gaming, or streaming, this device is built to handle it all with ease.

Order today and experience the difference.",Electronics,Laptops,HP,244.79,,No rating available,,,0,0.0,2,2025-09-23,3.0,2.0,0.0,0.0,0.0,0.0,0.0,0.0,17.24,66.67,0.0,0.0,,0.0,0.0
dfbce523-ca71-4795-8fe9-3d18cd585ca6,Lucas Oil Tools & Equipment Set,"Protect and enhance your vehicle with the Lucas Oil Tools & Equipment Set.

Key Features:
  - Quick-drying formula saves time.
  - Weather-resistant for year-round protection.
  - Professional-grade formula for superior results.
  - UV-resistant formula prevents fading and cracking.

Additional Details:
  - Volume: {volume_ml}ml
  - Application: {app_method}
  - Temperature range: {temp_range}

Your vehicle deserves the best care.",Automotive,Tools & Equipment,Lucas Oil,17.95,4.0,Original from products,4.0,4.0,2,2.0,3,2024-12-13,14.0,3.0,4.0,2.0,2.0,5.0,89.03,17.725,18.6,21.43,133.33,66.67,50.0,6.36,29.68
7d73f5a0-9d24-4e15-8bba-eac1995a726a,Zara Prime1 Hiking Boots,"The Zara Prime1 Hiking Boots combines style with everyday comfort.

Key Features:
  - Tailored fit that flatters every body type.
  - Versatile design transitions seamlessly from day to night.
  - Classic design that never goes out of style.
  - Reinforced stitching for enhanced durability.
  - Four-way stretch fabric for unrestricted movement.

From casual outings to formal occasions, this piece transitions effortlessly across settings.

Additional Details:
  - Designed for comfort with a tailored silhouette.
  - Premium fabric construction for lasting wear.
  - Available in multiple sizes for the perfect fit.

Join thousands of satisfied customers worldwide.",Clothing & Accessories,Footwear,Zara,43.72,,No rating available,,,0,0.0,2,2025-06-04,12.0,2.0,0.0,0.0,0.0,0.0,0.0,0.0,20.66,16.67,0.0,0.0,,0.0,0.0
126471c9-fb39-470a-b0dc-f02dad2e767e,The ultimate horizon,"Dive into the captivating world of The ultimate horizon.

Key Features:
  - Comprehensive coverage of the subject matter.
  - Features a foreword by a leading expert in the field.
  - Includes discussion questions for book clubs.
  - Includes exclusive content and illustrations.
  - Award-winning author delivers another masterpiece.

Perfect for bedtime reading, book clubs, or casual enjoyment, this book offers something for everyone.

A must-read for fans of the genre.",Books,Fiction,Penguin Books,10.79,,No rating available,,,0,0.0,1,2023-10-04,0.0,0.0,0.0,0.0,0.0,0.0,0.0,0.0,0.0,,,,,,
5e862f30-cfc8-4154-9804-1da98889ff24,Samsung Air Tab,"Experience cutting-edge technology with the Samsung Air Tab.

Key Features:
  - Advanced cooling system for sustained performance.
  - Long-lasting battery designed for all-day productivity.
  - Advanced connectivity options including WiFi 6 and Bluetooth 5.3.
  - Supports high-resolution audio for immersive sound.
  - Enhanced security features including biometric authentication.

Designed with the modern user in mind, it combines powerful performance with an intuitive interface.

Order today and experience the difference.",Electronics,Tablets,Samsung,124.65,4.0,Original from products,4.0,4.0,1,1.0,2,2025-09-14,14.0,5.0,5.0,1.0,1.0,1.0,120.8,120.8,15.4,35.71,100.0,20.0,20.0,8.63,24.16
a1f07dad-ec9d-481a-97ef-d82cebdf6f96,KitchenAid Premium Kitchenware,"Designed to make your home more beautiful and functional.

Key Features:
  - Easy to clean and maintain for everyday use.
  - Space-saving design fits perfectly in any room.
  - Elegant finish adds a touch of sophistication.
  - Crafted from premium {material} for lasting quality.
  - Built to withstand daily use with durable construction.
  - Dishwasher safe for effortless cleaning.

Designed to enhance your living space while providing practical everyday functionality.

Additional Details:
  - Dimensions: perfectly sized for your space.
  - Premium materials for lasting quality.
  - Easy to clean and maintain.

Make every day extraordinary.",Home & Kitchen,Kitchenware,KitchenAid,27.51,,No rating available,,,0,0.0,1,2025-09-27,12.0,8.0,5.0,0.0,0.0,0.0,0.0,0.0,15.5,66.67,62.5,0.0,0.0,0.0,0.0
9fb721cb-14fb-4b2b-9a53-cc4c0dacd4ec,Turtle Wax Tools & Equipment Kit,"Keep your vehicle running at its best with Turtle Wax Tools & Equipment Kit.

Key Features:
  - Tested for quality and reliability.
  - Weather-resistant for year-round protection.
  - Compatible with all major vehicle makes and models.
  - UV-resistant formula prevents fading and cracking.
  - Long-lasting protection against the elements.

Trusted by mechanics and enthusiasts worldwide.",Automotive,Tools & Equipment,Turtle Wax,31.26,3.3,Original from products,3.3,3.3333333333333335,3,3.0,2,2023-07-01,19.0,6.0,7.0,4.0,4.0,5.0,159.53,31.8325,25.56,31.58,116.67,66.67,57.14,8.4,26.59
0ee95bfd-3f6c-4094-a217-7172a275cc58,Linear Algebra: A professional History,"Discover the story behind Linear Algebra: A professional History.

Key Features:
  - Gripping narrative that keeps you turning pages.
  - Beautifully written with vivid prose and memorable characters.
  - Includes discussion questions for book clubs.
  - Includes exclusive content and illustrations.

Whether you are a longtime fan or new to the genre, this book will captivate you from the first page.

Additional Details:
  - A substantial read that delivers incredible value.
  - Available in multiple formats for your reading preference.
  - Critically acclaimed with outstanding reader reviews.

Order your copy today and start reading.",Books,Non-Fiction,Penguin Books,36.01,,No rating available,,,0,0.0,3,2024-03-12,7.0,4.0,2.0,1.0,1.0,2.0,69.68,34.84,19.64,57.14,50.0,25.0,50.0,9.95,17.42
25a6c99c-d63c-4697-91ef-744b7879d605,Post-it Premium Stationery Set,"Stay organized and productive with the Post-it Premium Stationery Set.

Key Features:
  - Smooth, quiet operation for focused work.
  - Eco-friendly materials and packaging.
  - Streamlines your workflow for maximum efficiency.
  - Premium materials ensure long-lasting performance.
  - Ergonomic design reduces strain during extended use.

Additional Details:
  - Color: {color_option}
  - Weight: {weight_g}g
  - Dimensions: {dim_cm} cm

Make every day more productive.",Office Products,Stationery,Post-it,45.91,4.1,Original from products,4.1,4.076923076923077,26,26.0,1,2025-04-25,1330.0,477.0,298.0,34.0,34.0,42.0,1926.2,45.805,18.07,35.86,62.47,7.13,11.41,1.45,4.04
d197c826-f822-44f5-8c33-0c6bf03c787b,Puma Accessorie - Olive,"Make a statement with the Puma Accessorie - Olive.

Key Features:
  - Classic design that never goes out of style.
  - Reinforced stitching for enhanced durability.
  - Breathable material keeps you comfortable all day.
  - Tailored fit that flatters every body type.

Crafted with attention to detail, it offers the perfect balance of style and practicality.

Available in multiple colors to suit your style.",Clothing & Accessories,Accessories,Puma,43.29,4.7,Original from products,4.7,4.666666666666667,3,3.0,1,2025-12-25,2.0,2.0,2.0,1.0,1.0,2.0,85.22,42.61,24.05,100.0,100.0,50.0,50.0,42.61,42.61
4e5c9477-fa55-41c8-98fe-a01014cb2d15,Compact Leadership: The Advanced Concepts Explained,"Discover the story behind Compact Leadership: The Advanced Concepts Explained.

Key Features:
  - Features a foreword by a leading expert in the field.
  - Perfect for book clubs and group discussions.
  - Award-winning author delivers another masterpiece.
  - Beautifully written with vivid prose and memorable characters.
  - Thought-provoking themes that resonate long after reading.

Perfect for bedtime reading, book clubs, or casual enjoyment, this book offers something for everyone.

Additional Details:
  - Expertly crafted with attention to every detail.
  - Critically acclaimed with outstanding reader reviews.
  - Available in multiple formats for your reading preference.

Order your copy today and start reading.",Books,Non-Fiction,Penguin Books,13.82,,No rating available,,,0,0.0,2,2025-07-08,1.0,0.0,0.0,0.0,0.0,0.0,0.0,0.0,23.8,0.0,,,,0.0,
d4ec9d46-efa3-457c-bbc8-ceab3cf99e7d,LEGO Cascade Strategy Game,"Bring joy to playtime with the LEGO Cascade Strategy Game.

Key Features:
  - Includes everything needed for immediate play.
  - Develops fine motor skills and hand-eye coordination.
  - STEM-focused learning through play.
  - Expandable with additional sets and accessories.

Trusted by parents and loved by children.",Toys & Games,Board Games,LEGO,41.49,4.0,Original from products,4.0,4.0,1,1.0,1,2024-08-11,4.0,1.0,2.0,1.0,1.0,1.0,42.16,42.16,28.31,25.0,200.0,100.0,50.0,10.54,42.16
2064f070-0165-45f0-9b89-382907c55c92,Le Creuset Modern Lighting,"Transform your home with the Le Creuset Modern Lighting.

Key Features:
  - Ergonomic design for comfortable use.
  - Stackable design for efficient storage.
  - Easy to clean and maintain for everyday use.
  - Crafted from premium {material} for lasting quality.

Designed to enhance your living space while providing practical everyday functionality.

Backed by our satisfaction guarantee.",Home & Kitchen,Lighting,Le Creuset,93.8,,No rating available,,,0,0.0,1,2024-01-10,9.0,1.0,0.0,0.0,0.0,0.0,0.0,0.0,13.95,11.11,0.0,0.0,,0.0,0.0
f08bd08a-f499-4679-bab4-bece5d845844,Nike Sterling Silver Jewelry,"Designed for those who refuse to compromise on style.

Key Features:
  - Premium {material} fabric for lasting comfort.
  - Breathable material keeps you comfortable all day.
  - Versatile design transitions seamlessly from day to night.
  - Classic design that never goes out of style.

Crafted with attention to detail, it offers the perfect balance of style and practicality.

Available in multiple colors to suit your style.",Clothing & Accessories,Jewelry,Nike,21.27,,No rating available,,,0,0.0,307,2026-02-08,25.0,10.0,5.0,1.0,1.0,2.0,42.08,21.04,15.4,40.0,50.0,10.0,20.0,1.68,4.21
55752af4-afb4-4154-a769-858b5cc94a85,LEGO Cascade STEM Kit,"Unleash endless fun with the LEGO Cascade STEM Kit.

Key Features:
  - STEM-focused learning through play.
  - Safe, non-toxic materials certified for children.
  - Easy to learn, with endless replay value.
  - Award-winning design loved by kids and parents.

Winner of multiple toy awards.",Toys & Games,Educational Toys,LEGO,23.86,,No rating available,,,0,0.0,2,2025-12-26,10.0,0.0,1.0,0.0,0.0,0.0,0.0,0.0,16.71,0.0,,,0.0,0.0,
4e0b8bd9-5f80-4c70-9fdb-d848885e8805,KitchenAid Smart Appliance,"Elevate your everyday living with the KitchenAid Smart Appliance.

Key Features:
  - Temperature resistant up to {temp_c} degrees.
  - Easy to clean and maintain for everyday use.
  - Dishwasher safe for effortless cleaning.
  - Stackable design for efficient storage.
  - Versatile design complements any decor style.
  - Space-saving design fits perfectly in any room.

Whether you are redecorating or just looking for that perfect finishing touch, this piece fits beautifully.

Additional Details:
  - Easy to clean and maintain.
  - Premium materials for lasting quality.

Designed for real life, built to last.",Home & Kitchen,Appliances,KitchenAid,13.77,5.0,Original from products,5.0,5.0,1,1.0,1,2026-01-23,1.0,2.0,0.0,0.0,0.0,0.0,0.0,0.0,4.52,200.0,0.0,0.0,,0.0,0.0
9e041a5d-17de-47d3-abde-8902d7ca6ae5,Star Commander: The Complete Reference,"Star Commander: The Complete Reference offers a fresh perspective on an important topic.

Key Features:
  - Thought-provoking themes that resonate long after reading.
  - Perfect for book clubs and group discussions.
  - Comprehensive coverage of the subject matter.
  - Beautifully written with vivid prose and memorable characters.

Whether you are a longtime fan or new to the genre, this book will captivate you from the first page.

Already a bestseller in multiple countries.",Books,Comics,Penguin Books,24.55,,No rating available,,,0,0.0,4,2024-01-15,1.0,0.0,0.0,0.0,0.0,0.0,0.0,0.0,15.8,0.0,,,,0.0,
5db7f68a-425d-4723-a09f-5b4d0d50d58d,Post-it Adjustable Office Furniture,"The Post-it Adjustable Office Furniture streamlines your workflow.

Key Features:
  - Premium materials ensure long-lasting performance.
  - Easy setup with no assembly required.
  - Streamlines your workflow for maximum efficiency.
  - Space-saving profile fits any desk setup.

Make every day more productive.",Office Products,Office Furniture,Post-it,69.04,4.0,Original from products,4.0,4.0,2,2.0,1,2024-06-28,105.0,56.0,23.0,5.0,5.0,5.0,341.46999999999997,68.294,17.73,53.33,41.07,8.93,21.74,3.25,6.1
b533d150-a99e-4b1b-9b3f-7eaa3eed17ac,Adidas Max Casual Sneakers,"The Adidas Max Casual Sneakers combines style with everyday comfort.

Key Features:
  - Easy care fabric - machine washable.
  - Premium {material} fabric for lasting comfort.
  - Eco-friendly materials sourced sustainably.
  - Moisture-wicking technology keeps you dry.

Crafted with attention to detail, it offers the perfect balance of style and practicality.

Additional Details:
  - Designed for comfort with a tailored silhouette.
  - Available in multiple sizes for the perfect fit.

Available in multiple colors to suit your style.",Clothing & Accessories,Footwear,Adidas,36.72,,No rating available,,,0,0.0,10,2023-11-01,12.0,3.0,3.0,0.0,0.0,0.0,0.0,0.0,19.35,25.0,100.0,0.0,0.0,0.0,0.0
018b6e1e-f0ef-4e47-b67a-6e3efaebcfa8,Nike Ultra Sandals,"Make a statement with the Nike Ultra Sandals.

Key Features:
  - Tailored fit that flatters every body type.
  - Premium {material} fabric for lasting comfort.
  - Versatile design transitions seamlessly from day to night.
  - Eco-friendly materials sourced sustainably.
  - Classic design that never goes out of style.
  - Breathable material keeps you comfortable all day.

Crafted with attention to detail, it offers the perfect balance of style and practicality.

Experience the perfect blend of style and comfort.",Clothing & Accessories,Footwear,Nike,9.78,3.0,Original from products,3.0,3.0,1,1.0,5,2026-04-05,111.0,44.0,29.0,4.0,4.0,6.0,58.46,9.7725,19.48,39.64,65.91,9.09,13.79,0.53,1.33
cea6f4ba-ac51-4cba-a5a8-52f0ff14c6c4,Samsung Pixel12 Ultrabook,"Upgrade your setup with the powerful Samsung Pixel12 Ultrabook.

Key Features:
  - Sleek, lightweight design for maximum portability.
  - Long-lasting battery designed for all-day productivity.
  - Features a high-resolution display with vivid color accuracy.
  - Intuitive user interface with customizable settings.
  - Advanced cooling system for sustained performance.

Designed with the modern user in mind, it combines powerful performance with an intuitive interface.

Additional Details:
  - Connectivity: USB-C, HDMI, WiFi 6, Bluetooth.
  - Slim and portable form factor for easy travel.

Backed by a comprehensive warranty and dedicated support.",Electronics,Laptops,Samsung,229.72,,No rating available,,,0,0.0,3,2025-12-17,7.0,5.0,3.0,1.0,1.0,1.0,220.04,220.04,14.16,71.43,60.0,20.0,33.33,31.43,44.01
460c1852-1fe9-441b-be3b-599d95c07fea,KitchenAid Professional Kitchenware,"The KitchenAid Professional Kitchenware brings both style and function to your space.

Key Features:
  - Temperature resistant up to {temp_c} degrees.
  - Dishwasher safe for effortless cleaning.
  - Ergonomic design for comfortable use.
  - Crafted from premium {material} for lasting quality.
  - Built to withstand daily use with durable construction.

Designed to enhance your living space while providing practical everyday functionality.

Backed by our satisfaction guarantee.",Home & Kitchen,Kitchenware,KitchenAid,25.0,,No rating available,,,0,0.0,1,2023-08-05,8.0,5.0,2.0,1.0,1.0,1.0,23.99,23.99,15.42,62.5,40.0,20.0,50.0,3.0,4.8
6dc7a3f9-d94d-4f3a-bc57-883c89de9309,Nike Classic Fit Menswear,"Elevate your wardrobe with the Nike Classic Fit Menswear.

Key Features:
  - Tailored fit that flatters every body type.
  - Easy care fabric - machine washable.
  - Versatile design transitions seamlessly from day to night.
  - Premium {material} fabric for lasting comfort.

From casual outings to formal occasions, this piece transitions effortlessly across settings.

Experience the perfect blend of style and comfort.",Clothing & Accessories,Menswear,Nike,23.51,4.0,Original from products,4.0,4.0,5,5.0,4,2023-11-05,128.0,49.0,29.0,8.0,8.0,15.0,351.54,23.4025,20.66,38.28,59.18,16.33,27.59,2.75,7.17
91c12924-bacf-4a8e-914c-fb8b46c3f45e,Yeti Cycling - Charcoal,"Take your performance to the next level with the Yeti Cycling - Charcoal.

Key Features:
  - Adjustable features for customized fit.
  - Quick-setup system saves time and hassle.
  - Reflective elements enhance visibility in low light.
  - Ventilated design for breathability.
  - Compression-molded for compact storage.

Additional Details:
  - Weight: {weight_g}g
  - Capacity: {capacity_l}L

Built to last, backed by our warranty.",Sports & Outdoors,Cycling,Yeti,80.1,,No rating available,,,0,0.0,2,2024-11-19,11.0,2.0,1.0,0.0,0.0,0.0,0.0,0.0,21.32,18.18,50.0,0.0,0.0,0.0,0.0
5b3d594f-c119-4dd4-a5c8-c4758791e9ce,Nike Platinum Jewelry,"Make a statement with the Nike Platinum Jewelry.

Key Features:
  - Breathable material keeps you comfortable all day.
  - Tailored fit that flatters every body type.
  - Classic design that never goes out of style.
  - Eco-friendly materials sourced sustainably.

From casual outings to formal occasions, this piece transitions effortlessly across settings.

Available in multiple colors to suit your style.",Clothing & Accessories,Jewelry,Nike,40.78,,No rating available,,,0,0.0,1,2024-06-02,5.0,1.0,1.0,0.0,0.0,0.0,0.0,0.0,21.8,20.0,100.0,0.0,0.0,0.0,0.0
950d95f6-b403-4051-baa8-e633fa36f1f3,Spalding Cycling Pro,"Conquer any challenge with the Spalding Cycling Pro.

Key Features:
  - Ergonomic design reduces fatigue during extended use.
  - Reflective elements enhance visibility in low light.
  - Quick-setup system saves time and hassle.
  - Lightweight design for effortless portability.

Additional Details:
  - Material: {material_quality} {material}
  - Dimensions: {dim_cm} cm
  - Weight: {weight_g}g

Built to last, backed by our warranty.",Sports & Outdoors,Cycling,Spalding,41.04,3.5,Original from products,3.5,3.5,6,6.0,1,2024-07-27,228.0,96.0,63.0,10.0,10.0,15.0,618.52,40.979,16.92,42.11,65.62,10.42,15.87,2.71,6.44
4b4a84a2-6897-494a-9d37-329fb5c8da83,Under Armour Essential Womenswear,"Elevate your wardrobe with the Under Armour Essential Womenswear.

Key Features:
  - Tailored fit that flatters every body type.
  - Premium {material} fabric for lasting comfort.
  - Easy care fabric - machine washable.
  - Versatile design transitions seamlessly from day to night.

From casual outings to formal occasions, this piece transitions effortlessly across settings.

Experience the perfect blend of style and comfort.",Clothing & Accessories,Womenswear,Under Armour,23.7,,No rating available,,,0,0.0,1,2024-04-03,21.0,15.0,5.0,0.0,0.0,0.0,0.0,0.0,14.85,71.43,33.33,0.0,0.0,0.0,0.0
23f5d0e7-9ced-4641-a343-cbfd288da0ef,"Cuisinart 15.6"" Kitchenware Set","The Cuisinart 15.6"" Kitchenware Set brings both style and function to your space.

Key Features:
  - Stackable design for efficient storage.
  - Easy to clean and maintain for everyday use.
  - Versatile design complements any decor style.
  - Built to withstand daily use with durable construction.
  - Space-saving design fits perfectly in any room.

Whether you are redecorating or just looking for that perfect finishing touch, this piece fits beautifully.

Additional Details:
  - Easy to clean and maintain.
  - Dimensions: perfectly sized for your space.

Make every day extraordinary.",Home & Kitchen,Kitchenware,Cuisinart,48.84,,No rating available,,,0,0.0,1,2025-04-20,7.0,1.0,1.0,0.0,0.0,0.0,0.0,0.0,18.83,14.29,100.0,0.0,0.0,0.0,0.0
6d7c422e-e9bc-432a-98f7-7c8829437f0b,Cuisinart Modern Home Decor,"Designed to make your home more beautiful and functional.

Key Features:
  - Easy to clean and maintain for everyday use.
  - Space-saving design fits perfectly in any room.
  - Built to withstand daily use with durable construction.
  - Ergonomic design for comfortable use.
  - Stackable design for efficient storage.

Whether you are redecorating or just looking for that perfect finishing touch, this piece fits beautifully.

Make every day extraordinary.",Home & Kitchen,Home Decor,Cuisinart,34.48,3.9,Original from products,3.9,3.888888888888889,9,9.0,1,2026-01-24,396.0,169.0,94.0,14.0,14.0,18.0,622.35,34.537142857142854,18.15,42.68,55.62,8.28,14.89,1.57,3.68
e9057e4c-5b85-426f-a6d9-28f830530cfe,L'Oreal Haircare Serum,"Reveal your natural beauty with the L'Oreal Haircare Serum.

Key Features:
  - Suitable for sensitive skin.
  - Cruelty-free and never tested on animals.
  - Antioxidant-rich formula protects against environmental damage.
  - Clinically proven results with regular use.
  - Free from parabens, sulfates, and phthalates.
  - Dermatologist-tested and suitable for all skin types.

Additional Details:
  - Volume: {volume_ml}ml
  - Ingredients: {ingredient_highlight}
  - Skin type: {skin_type}

Loved by beauty experts and enthusiasts alike.",Beauty & Personal Care,Haircare,L'Oreal,11.95,3.0,Original from products,3.0,3.0,1,1.0,1,2026-02-17,31.0,9.0,1.0,0.0,0.0,0.0,0.0,0.0,19.13,29.03,11.11,0.0,0.0,0.0,0.0
5c52cb26-19f6-44e4-891c-471771c6a4bf,KitchenAid LED Lighting,"Elevate your everyday living with the KitchenAid LED Lighting.

Key Features:
  - Ergonomic design for comfortable use.
  - Versatile design complements any decor style.
  - Built to withstand daily use with durable construction.
  - Easy to clean and maintain for everyday use.
  - Elegant finish adds a touch of sophistication.

Whether you are redecorating or just looking for that perfect finishing touch, this piece fits beautifully.

Additional Details:
  - Available in a variety of finishes.
  - Dimensions: perfectly sized for your space.

The perfect addition to any modern home.",Home & Kitchen,Lighting,KitchenAid,36.25,,No rating available,,,0,0.0,2,2024-07-21,9.0,1.0,4.0,0.0,0.0,0.0,0.0,0.0,21.02,11.11,400.0,0.0,0.0,0.0,0.0
580a7cd8-07fa-4ae4-9eeb-313942ebb8e4,KitchenAid Lighting - Charcoal,"Transform your home with the KitchenAid Lighting - Charcoal.

Key Features:
  - Ergonomic design for comfortable use.
  - Versatile design complements any decor style.
  - Dishwasher safe for effortless cleaning.
  - Crafted from premium {material} for lasting quality.
  - Stackable design for efficient storage.

Whether you are redecorating or just looking for that perfect finishing touch, this piece fits beautifully.

Additional Details:
  - Premium materials for lasting quality.
  - Available in a variety of finishes.

The perfect addition to any modern home.",Home & Kitchen,Lighting,KitchenAid,56.11,,No rating available,,,0,0.0,1,2025-10-29,3.0,2.0,2.0,1.0,1.0,1.0,55.59,55.59,22.61,66.67,100.0,50.0,50.0,18.53,27.8
b1ecb01d-c9e6-4384-a51e-3478f1b9e050,A Ultimate Aurora - Xbox Series X Edition,"Bring joy to playtime with the A Ultimate Aurora - Xbox Series X Edition.

Key Features:
  - Easy to learn, with endless replay value.
  - Suitable for solo play or group activities.
  - Durable design withstands active play.
  - Award-winning design loved by kids and parents.
  - Expandable with additional sets and accessories.

Where learning meets play.",Toys & Games,Video Games,Fisher-Price,22.47,,No rating available,,,0,0.0,7,2025-05-15,4.0,6.0,2.0,0.0,0.0,0.0,0.0,0.0,12.98,150.0,33.33,0.0,0.0,0.0,0.0
5546a905-549b-42c5-accf-e855eea162a9,Saga #8: The Complete Reference,"Discover the story behind Saga #8: The Complete Reference.

Key Features:
  - Includes discussion questions for book clubs.
  - Comprehensive coverage of the subject matter.
  - Includes exclusive content and illustrations.
  - Thought-provoking themes that resonate long after reading.
  - Gripping narrative that keeps you turning pages.

Perfect for bedtime reading, book clubs, or casual enjoyment, this book offers something for everyone.

Additional Details:
  - A substantial read that delivers incredible value.
  - Expertly crafted with attention to every detail.

A must-read for fans of the genre.",Books,Comics,Macmillan,6.91,,No rating available,,,0,0.0,1,2023-09-03,0.0,0.0,0.0,0.0,0.0,0.0,0.0,0.0,9.91,,,,,,
432c0469-6d08-485f-8c4a-e4e2b1f72e18,Nike Pro13 Backpack,"Elevate your wardrobe with the Nike Pro13 Backpack.

Key Features:
  - Breathable material keeps you comfortable all day.
  - Tailored fit that flatters every body type.
  - Moisture-wicking technology keeps you dry.
  - Classic design that never goes out of style.

From casual outings to formal occasions, this piece transitions effortlessly across settings.

Additional Details:
  - Premium fabric construction for lasting wear.
  - Available in multiple sizes for the perfect fit.
  - Designed for comfort with a tailored silhouette.

Experience the perfect blend of style and comfort.",Clothing & Accessories,Bags,Nike,63.36,3.0,Original from products,3.0,3.0,1,1.0,1,2025-09-17,13.0,5.0,2.0,1.0,1.0,1.0,62.8,62.8,25.16,38.46,40.0,20.0,50.0,4.83,12.56
86f492bc-9d9a-4dbf-aa1e-4761c49c3043,Nestle Organic Pantry Staple,"The Nestle Organic Pantry Staple brings premium quality to your table.

Key Features:
  - Rich, authentic flavor profile.
  - Sourced from the finest origins around the world.
  - Ethically sourced and sustainably produced.
  - No artificial preservatives or additives.

Perfect for sharing with loved ones.",Grocery & Gourmet,Pantry Staples,Nestle,2.03,,No rating available,,,0,0.0,1,2024-03-12,40.0,7.0,8.0,2.0,2.0,3.0,6.1899999999999995,2.03,18.64,17.5,114.29,28.57,25.0,0.15,0.88
e5cd5b01-94fc-42ef-b787-9ef2623fb03d,KitchenAid Furniture Set,"The KitchenAid Furniture Set brings both style and function to your space.

Key Features:
  - Temperature resistant up to {temp_c} degrees.
  - Versatile design complements any decor style.
  - Dishwasher safe for effortless cleaning.
  - Space-saving design fits perfectly in any room.
  - Easy to clean and maintain for everyday use.
  - Ergonomic design for comfortable use.

Designed to enhance your living space while providing practical everyday functionality.

The perfect addition to any modern home.",Home & Kitchen,Furniture,KitchenAid,33.67,5.0,Original from products,5.0,5.0,1,1.0,1,2025-02-21,182.0,86.0,33.0,3.0,3.0,5.0,173.26999999999998,34.50333333333333,16.22,47.25,38.37,3.49,9.09,0.95,2.01
95522b08-5910-4d1f-ae0a-5111d2ccc3d4,Samsung Max Z6,"Experience cutting-edge technology with the Samsung Max Z6.

Key Features:
  - Enhanced security features including biometric authentication.
  - Sleek, lightweight design for maximum portability.
  - Equipped with the latest processor for seamless multitasking.
  - Premium build quality with aerospace-grade materials.

Whether you are working from home, gaming, or streaming, this device is built to handle it all with ease.

Additional Details:
  - Slim and portable form factor for easy travel.
  - High-resolution display with vivid color reproduction.

Backed by a comprehensive warranty and dedicated support.",Electronics,Smartphones,Samsung,97.17,5.0,Original from products,5.0,5.0,1,1.0,1,2025-06-17,19.0,4.0,5.0,1.0,1.0,1.0,92.47,92.47,18.18,21.05,125.0,25.0,20.0,4.87,23.12
1d4f54e4-16a4-4d27-a651-2abf2087e42d,Linear Algebra: A compact History,"Dive into the captivating world of Linear Algebra: A compact History.

Key Features:
  - Award-winning author delivers another masterpiece.
  - Comprehensive coverage of the subject matter.
  - Meticulously researched and expertly presented.
  - Includes discussion questions for book clubs.
  - Includes exclusive content and illustrations.
  - Beautifully written with vivid prose and memorable characters.

Whether you are a longtime fan or new to the genre, this book will captivate you from the first page.

Critically acclaimed and reader-approved.",Books,Non-Fiction,HarperCollins,15.08,,No rating available,,,0,0.0,1,2026-03-22,2.0,2.0,2.0,0.0,0.0,0.0,0.0,0.0,12.29,100.0,100.0,0.0,0.0,0.0,0.0
aa68015e-8f26-4199-821f-4db8434ce3df,Sony Prime 5th Gen,"Engineered for excellence, the Sony Prime 5th Gen sets a new standard.

Key Features:
  - Enhanced security features including biometric authentication.
  - Sleek, lightweight design for maximum portability.
  - Advanced cooling system for sustained performance.
  - Equipped with the latest processor for seamless multitasking.

Designed with the modern user in mind, it combines powerful performance with an intuitive interface.

Additional Details:
  - Connectivity: USB-C, HDMI, WiFi 6, Bluetooth.
  - Slim and portable form factor for easy travel.
  - High-resolution display with vivid color reproduction.

Order today and experience the difference.",Electronics,Laptops,Sony,222.25,,No rating available,,,0,0.0,1,2026-03-28,2.0,1.0,2.0,0.0,0.0,0.0,0.0,0.0,26.86,50.0,200.0,0.0,0.0,0.0,0.0
e404770b-d18a-4932-ac69-cf474a5f714f,Puma Essential Menswear,"Elevate your wardrobe with the Puma Essential Menswear.

Key Features:
  - Versatile design transitions seamlessly from day to night.
  - Moisture-wicking technology keeps you dry.
  - Premium {material} fabric for lasting comfort.
  - Easy care fabric - machine washable.
  - Four-way stretch fabric for unrestricted movement.
  - Eco-friendly materials sourced sustainably.

Crafted with attention to detail, it offers the perfect balance of style and practicality.

Available in multiple colors to suit your style.",Clothing & Accessories,Menswear,Puma,68.81,,No rating available,,,0,0.0,4,2025-09-27,3.0,4.0,0.0,0.0,0.0,0.0,0.0,0.0,13.18,133.33,0.0,0.0,,0.0,0.0
f7c07eff-e300-44c7-89dd-0652dd9dc9f8,L'Oreal Bath & Body Scrub,"The L'Oreal Bath & Body Scrub is your new essential for radiant skin.

Key Features:
  - Antioxidant-rich formula protects against environmental damage.
  - Delicate fragrance that lingers throughout the day.
  - Cruelty-free and never tested on animals.
  - Suitable for sensitive skin.

Additional Details:
  - Shelf life: {shelf_life}m
  - Ingredients: {ingredient_highlight}

Part of our commitment to clean beauty.",Beauty & Personal Care,Bath & Body,L'Oreal,14.87,3.0,Original from products,3.0,3.0,1,1.0,9,2024-09-22,4.0,0.0,2.0,1.0,1.0,1.0,15.17,15.17,10.76,0.0,,,50.0,3.79,
2495d27f-0a93-4080-bee3-066f7b77d624,Sony Pro8 Pro 5G,"Experience cutting-edge technology with the Sony Pro8 Pro 5G.

Key Features:
  - Sleek, lightweight design for maximum portability.
  - Long-lasting battery designed for all-day productivity.
  - Intuitive user interface with customizable settings.
  - Advanced connectivity options including WiFi 6 and Bluetooth 5.3.
  - Advanced cooling system for sustained performance.

Designed with the modern user in mind, it combines powerful performance with an intuitive interface.

Additional Details:
  - High-resolution display with vivid color reproduction.
  - Long battery life for all-day usage.

Perfect for professionals and enthusiasts alike.",Electronics,Smartphones,Sony,226.16,,No rating available,,,0,0.0,7,2024-05-14,18.0,5.0,5.0,0.0,0.0,0.0,0.0,0.0,15.17,27.78,100.0,0.0,0.0,0.0,0.0
f90833ef-1b54-4103-9584-9d2cd2bcca3a,An Robust Aurora - Nintendo Switch Edition,"The An Robust Aurora - Nintendo Switch Edition offers hours of engaging entertainment.

Key Features:
  - Includes everything needed for immediate play.
  - Easy to learn, with endless replay value.
  - Develops fine motor skills and hand-eye coordination.
  - Encourages creative thinking and problem-solving skills.

Additional Details:
  - Recommended age: {age_range}+
  - Players: {player_count}

Where learning meets play.",Toys & Games,Video Games,Mattel,28.12,4.5,Original from products,4.5,4.5,4,4.0,1,2024-07-04,108.0,58.0,27.0,6.0,6.0,7.0,196.54,27.845,18.8,53.7,46.55,10.34,22.22,1.82,3.39
920a8047-d219-4f21-bf1e-9904f1097bad,Bosch Prime6 Electronic,"Engineered for peak automotive performance.

Key Features:
  - Tested for quality and reliability.
  - Professional-grade formula for superior results.
  - Long-lasting protection against the elements.
  - Quick-drying formula saves time.
  - UV-resistant formula prevents fading and cracking.

Additional Details:
  - Compatibility: {compat_info}
  - Application: {app_method}

Professional quality at an affordable price.",Automotive,Electronics,Bosch,10.56,4.2,Original from products,4.2,4.166666666666667,6,6.0,1,2026-03-31,176.0,68.0,44.0,10.0,10.0,15.0,158.97,10.613,15.96,38.64,64.71,14.71,22.73,0.9,2.34
c8b124f8-3e6a-401f-afbb-e94ba1d69e81,Theragun Cycling Pro,"Engineered for peak performance in any condition.

Key Features:
  - Compression-molded for compact storage.
  - Reflective elements enhance visibility in low light.
  - Lightweight design for effortless portability.
  - Weather-resistant materials keep you protected.

Trusted by athletes and adventurers worldwide.",Sports & Outdoors,Cycling,Theragun,172.03,5.0,Original from products,5.0,5.0,1,1.0,1,2023-09-13,15.0,10.0,4.0,0.0,0.0,0.0,0.0,0.0,20.62,66.67,40.0,0.0,0.0,0.0,0.0
7ecb70ed-d72e-4bb1-afe7-24c4df0ec494,L'Oreal Cascade Perfume Spray,"Transform your daily routine with the L'Oreal Cascade Perfume Spray.

Key Features:
  - Delicate fragrance that lingers throughout the day.
  - Rich, luxurious texture that absorbs quickly.
  - Clinically proven results with regular use.
  - Dermatologist-tested and suitable for all skin types.
  - Formulated with natural ingredients for gentle care.

Additional Details:
  - Volume: {volume_ml}ml
  - Skin type: {skin_type}

Loved by beauty experts and enthusiasts alike.",Beauty & Personal Care,Fragrance,L'Oreal,9.97,,No rating available,,,0,0.0,5,2024-10-16,2.0,4.0,0.0,0.0,0.0,0.0,0.0,0.0,10.4,200.0,0.0,0.0,,0.0,0.0
76dbc26a-427f-4433-9bb5-43dddd1adbcd,Neutrogena Liquid Makeup,"The Neutrogena Liquid Makeup is your new essential for radiant skin.

Key Features:
  - Hydrating formula restores natural moisture balance.
  - Dermatologist-tested and suitable for all skin types.
  - Suitable for sensitive skin.
  - Formulated with natural ingredients for gentle care.
  - Delicate fragrance that lingers throughout the day.

See the difference with every use.",Beauty & Personal Care,Makeup,Neutrogena,27.71,4.5,Original from products,4.5,4.5,6,6.0,1,2025-04-27,276.0,128.0,77.0,11.0,11.0,12.0,334.09,27.8,17.21,46.38,60.16,8.59,14.29,1.21,2.61
580a6d06-f1eb-44b7-b475-9a15410e2ebd,Sharpie Printer Pro,"The Sharpie Printer Pro streamlines your workflow.

Key Features:
  - Streamlines your workflow for maximum efficiency.
  - Built to withstand daily use in demanding environments.
  - Adjustable settings for personalized comfort.
  - Space-saving profile fits any desk setup.
  - Eco-friendly materials and packaging.
  - Premium materials ensure long-lasting performance.

The smart choice for modern professionals.",Office Products,Printers,Sharpie,25.27,,No rating available,,,0,0.0,1,2023-01-29,18.0,13.0,4.0,0.0,0.0,0.0,0.0,0.0,16.25,72.22,30.77,0.0,0.0,0.0,0.0
10b671d3-3400-4d21-83de-0f6f4b54ae1f,Lodge Microfiber Furniture,"The Lodge Microfiber Furniture brings both style and function to your space.

Key Features:
  - Stackable design for efficient storage.
  - Temperature resistant up to {temp_c} degrees.
  - Versatile design complements any decor style.
  - Easy to clean and maintain for everyday use.
  - Elegant finish adds a touch of sophistication.

Whether you are redecorating or just looking for that perfect finishing touch, this piece fits beautifully.

Additional Details:
  - Easy to clean and maintain.
  - Premium materials for lasting quality.

Make every day extraordinary.",Home & Kitchen,Furniture,Lodge,53.83,3.0,Original from products,3.0,3.0,2,2.0,1,2025-03-02,3.0,1.0,1.0,0.0,0.0,0.0,0.0,0.0,10.14,33.33,100.0,0.0,0.0,0.0,0.0
49683991-45bd-44ed-afdd-b3143cafc765,Samsung Accessorie Cable,"Upgrade your setup with the powerful Samsung Accessorie Cable.

Key Features:
  - Enhanced security features including biometric authentication.
  - Sleek, lightweight design for maximum portability.
  - Long-lasting battery designed for all-day productivity.
  - Features a high-resolution display with vivid color accuracy.
  - Intuitive user interface with customizable settings.

Whether you are working from home, gaming, or streaming, this device is built to handle it all with ease.

Additional Details:
  - Connectivity: USB-C, HDMI, WiFi 6, Bluetooth.
  - Long battery life for all-day usage.

Perfect for professionals and enthusiasts alike.",Electronics,Accessories,Samsung,106.11,5.0,Original from products,5.0,5.0,1,1.0,2,2023-11-21,9.0,3.0,2.0,0.0,0.0,0.0,0.0,0.0,11.6,33.33,66.67,0.0,0.0,0.0,0.0
1e6d1ef9-34f9-4a4d-81f4-d82110d8137d,The sophisticated Guide to Software Engineering,"Discover the story behind The sophisticated Guide to Software Engineering.

Key Features:
  - Beautifully written with vivid prose and memorable characters.
  - Includes exclusive content and illustrations.
  - Perfect for book clubs and group discussions.
  - Thought-provoking themes that resonate long after reading.

Perfect for bedtime reading, book clubs, or casual enjoyment, this book offers something for everyone.

Additional Details:
  - Available in multiple formats for your reading preference.
  - Critically acclaimed with outstanding reader reviews.
  - Expertly crafted with attention to every detail.

Critically acclaimed and reader-approved.",Books,Non-Fiction,Penguin Books,21.17,5.0,Original from products,5.0,5.0,1,1.0,75,2023-12-16,5.0,5.0,3.0,1.0,1.0,2.0,40.8,20.4,11.63,100.0,60.0,20.0,33.33,8.16,8.16
a2b42482-1378-41a9-851a-5150ccb9a3f4,Meditation,"Dive into the captivating world of Meditation.

Key Features:
  - Thought-provoking themes that resonate long after reading.
  - Beautifully written with vivid prose and memorable characters.
  - Award-winning author delivers another masterpiece.
  - Comprehensive coverage of the subject matter.

Perfect for bedtime reading, book clubs, or casual enjoyment, this book offers something for everyone.

Additional Details:
  - Available in multiple formats for your reading preference.
  - Critically acclaimed with outstanding reader reviews.
  - A substantial read that delivers incredible value.

Order your copy today and start reading.",Books,Non-Fiction,Macmillan,6.42,5.0,Original from products,5.0,5.0,1,1.0,362,2025-02-14,0.0,1.0,2.0,1.0,1.0,1.0,6.49,6.49,6.69,,200.0,100.0,50.0,,6.49
0abf6185-388a-4449-9e33-d5f5c63ec0ec,Dell Series19 Activity Band,"Experience cutting-edge technology with the Dell Series19 Activity Band.

Key Features:
  - Long-lasting battery designed for all-day productivity.
  - Sleek, lightweight design for maximum portability.
  - Intuitive user interface with customizable settings.
  - Enhanced security features including biometric authentication.
  - Premium build quality with aerospace-grade materials.
  - Features a high-resolution display with vivid color accuracy.

Designed with the modern user in mind, it combines powerful performance with an intuitive interface.

Additional Details:
  - Slim and portable form factor for easy travel.
  - Connectivity: USB-C, HDMI, WiFi 6, Bluetooth.

Backed by a comprehensive warranty and dedicated support.",Electronics,Wearables,Dell,143.24,5.0,Original from products,5.0,5.0,1,1.0,3,2023-01-12,1.0,0.0,0.0,0.0,0.0,0.0,0.0,0.0,28.79,0.0,,,,0.0,
4443c97f-0e31-4d06-8bce-d0987a75218e,Spalding Max6 Cycling,"The Spalding Max6 Cycling is built for those who push their limits.

Key Features:
  - Reinforced stress points for long-lasting durability.
  - Weather-resistant materials keep you protected.
  - Compression-molded for compact storage.
  - Lightweight design for effortless portability.
  - Ventilated design for breathability.

Additional Details:
  - Weight: {weight_g}g
  - Dimensions: {dim_cm} cm

Trusted by athletes and adventurers worldwide.",Sports & Outdoors,Cycling,Spalding,39.21,3.5,Original from products,3.5,3.5,2,2.0,66,2023-07-15,85.0,43.0,19.0,2.0,2.0,5.0,196.79,39.82,15.54,50.59,44.19,4.65,10.53,2.32,4.58
e4fcf025-6331-4ca2-9a3f-3ed79d171c1b,Dell Elite Over-Ear Headphones,"Upgrade your setup with the powerful Dell Elite Over-Ear Headphones.

Key Features:
  - Advanced connectivity options including WiFi 6 and Bluetooth 5.3.
  - Intuitive user interface with customizable settings.
  - Long-lasting battery designed for all-day productivity.
  - Enhanced security features including biometric authentication.
  - Equipped with the latest processor for seamless multitasking.
  - Supports high-resolution audio for immersive sound.

Whether you are working from home, gaming, or streaming, this device is built to handle it all with ease.

Backed by a comprehensive warranty and dedicated support.",Electronics,Headphones,Dell,93.37,,No rating available,,,0,0.0,2,2024-07-21,37.0,17.0,9.0,0.0,0.0,0.0,0.0,0.0,17.11,45.95,52.94,0.0,0.0,0.0,0.0
18ac2bb9-bb4b-4d23-9114-b3bf76134b6b,Nestle Organic Pantry Staple,"Elevate your culinary creations with Nestle Organic Pantry Staple.

Key Features:
  - Freshness sealed for optimal taste.
  - Premium quality guaranteed by our master artisans.
  - Expertly crafted using traditional methods.
  - Ethically sourced and sustainably produced.
  - Perfect for gifting or everyday indulgence.
  - Versatile ingredient for countless recipes.

Perfect for sharing with loved ones.",Grocery & Gourmet,Pantry Staples,Nestle,9.91,4.0,Original from products,4.0,4.0,3,3.0,1,2024-12-29,153.0,41.0,34.0,6.0,6.0,10.0,97.43,9.825000000000001,18.17,26.8,82.93,14.63,17.65,0.64,2.38
feb4aa01-7ff9-4af7-a308-7d2aa93e9698,Adidas Classic Fit Menswear,"Designed for those who refuse to compromise on style.

Key Features:
  - Reinforced stitching for enhanced durability.
  - Versatile design transitions seamlessly from day to night.
  - Moisture-wicking technology keeps you dry.
  - Classic design that never goes out of style.
  - Eco-friendly materials sourced sustainably.
  - Easy care fabric - machine washable.

Crafted with attention to detail, it offers the perfect balance of style and practicality.

Additional Details:
  - Easy care: machine washable for convenience.
  - Premium fabric construction for lasting wear.
  - Designed for comfort with a tailored silhouette.

Available in multiple colors to suit your style.",Clothing & Accessories,Menswear,Adidas,66.81,4.0,Original from products,4.0,4.0,7,7.0,1,2023-05-17,170.0,81.0,44.0,8.0,8.0,9.0,604.51,67.02625,15.68,47.65,54.32,9.88,18.18,3.56,7.46
aab3742e-1f9c-4aee-92e7-02bdd298eacd,Acer Elite Mirrorless Camera,"Experience cutting-edge technology with the Acer Elite Mirrorless Camera.

Key Features:
  - Intuitive user interface with customizable settings.
  - Advanced connectivity options including WiFi 6 and Bluetooth 5.3.
  - Advanced cooling system for sustained performance.
  - Features a high-resolution display with vivid color accuracy.
  - Enhanced security features including biometric authentication.

Whether you are working from home, gaming, or streaming, this device is built to handle it all with ease.

Backed by a comprehensive warranty and dedicated support.",Electronics,Cameras,Acer,117.96,4.0,Original from products,4.0,4.0,1,1.0,10,2024-03-26,25.0,10.0,4.0,0.0,0.0,0.0,0.0,0.0,21.96,40.0,40.0,0.0,0.0,0.0,0.0
bbc99c6e-1552-4677-8a8f-61a2e541e6c8,Apple Book4 Ultrabook,"The Apple Book4 Ultrabook delivers exceptional performance for all your needs.

Key Features:
  - Enhanced security features including biometric authentication.
  - Advanced connectivity options including WiFi 6 and Bluetooth 5.3.
  - Premium build quality with aerospace-grade materials.
  - Supports high-resolution audio for immersive sound.
  - Advanced cooling system for sustained performance.
  - Long-lasting battery designed for all-day productivity.

Designed with the modern user in mind, it combines powerful performance with an intuitive interface.

Elevate your daily experience with this premium device.",Electronics,Laptops,Apple,259.07,3.9,Original from products,3.9,3.9473684210526314,19,19.0,4,2024-01-19,746.0,300.0,164.0,28.0,28.0,28.0,7202.93,257.2475,17.11,40.21,54.67,9.33,17.07,9.66,24.01
d2a6d3d8-93f3-4004-a928-dfa968dcf01b,Adidas Premium Womenswear,"The Adidas Premium Womenswear combines style with everyday comfort.

Key Features:
  - Reinforced stitching for enhanced durability.
  - Versatile design transitions seamlessly from day to night.
  - Eco-friendly materials sourced sustainably.
  - Tailored fit that flatters every body type.
  - Moisture-wicking technology keeps you dry.
  - Easy care fabric - machine washable.

Crafted with attention to detail, it offers the perfect balance of style and practicality.

Additional Details:
  - Premium fabric construction for lasting wear.
  - Easy care: machine washable for convenience.
  - Available in multiple sizes for the perfect fit.

Available in multiple colors to suit your style.",Clothing & Accessories,Womenswear,Adidas,36.06,3.0,Original from products,3.0,3.0,1,1.0,1,2024-10-28,14.0,1.0,8.0,1.0,1.0,2.0,75.0,37.5,21.48,7.14,800.0,100.0,12.5,5.36,75.0
47e5b549-076f-45d4-9ea1-21406734fccb,Vans Classic Fit Menswear,"Make a statement with the Vans Classic Fit Menswear.

Key Features:
  - Premium {material} fabric for lasting comfort.
  - Breathable material keeps you comfortable all day.
  - Classic design that never goes out of style.
  - Tailored fit that flatters every body type.
  - Easy care fabric - machine washable.

Crafted with attention to detail, it offers the perfect balance of style and practicality.

Additional Details:
  - Premium fabric construction for lasting wear.
  - Designed for comfort with a tailored silhouette.

Available in multiple colors to suit your style.",Clothing & Accessories,Menswear,Vans,20.49,,No rating available,,,0,0.0,2,2024-01-10,8.0,3.0,1.0,1.0,1.0,1.0,20.57,20.57,14.49,37.5,33.33,33.33,100.0,2.57,6.86
e6ad8776-fa57-4e3b-9207-91551184e087,HP Elite Pro,"Experience cutting-edge technology with the HP Elite Pro.

Key Features:
  - Sleek, lightweight design for maximum portability.
  - Long-lasting battery designed for all-day productivity.
  - Supports high-resolution audio for immersive sound.
  - Enhanced security features including biometric authentication.
  - Intuitive user interface with customizable settings.
  - Advanced connectivity options including WiFi 6 and Bluetooth 5.3.

Whether you are working from home, gaming, or streaming, this device is built to handle it all with ease.

Elevate your daily experience with this premium device.",Electronics,Laptops,HP,125.22,,No rating available,,,0,0.0,4,2023-01-03,4.0,3.0,3.0,0.0,0.0,0.0,0.0,0.0,12.35,75.0,100.0,0.0,0.0,0.0,0.0
56afe0c3-52da-439b-83c2-e7eedb2324de,Tommy Hilfiger Casual Womenswear,"Designed for those who refuse to compromise on style.

Key Features:
  - Moisture-wicking technology keeps you dry.
  - Breathable material keeps you comfortable all day.
  - Reinforced stitching for enhanced durability.
  - Four-way stretch fabric for unrestricted movement.
  - Eco-friendly materials sourced sustainably.

From casual outings to formal occasions, this piece transitions effortlessly across settings.

Join thousands of satisfied customers worldwide.",Clothing & Accessories,Womenswear,Tommy Hilfiger,29.24,3.9,Original from products,3.9,3.857142857142857,7,7.0,3,2024-10-23,179.0,80.0,47.0,7.0,7.0,9.0,260.81,29.252857142857142,16.68,44.69,58.75,8.75,14.89,1.46,3.26
efc6dbc0-0c3b-459a-a0fd-334a554a9e69,Nike Air Sandals,"Designed for those who refuse to compromise on style.

Key Features:
  - Tailored fit that flatters every body type.
  - Eco-friendly materials sourced sustainably.
  - Easy care fabric - machine washable.
  - Reinforced stitching for enhanced durability.
  - Moisture-wicking technology keeps you dry.
  - Classic design that never goes out of style.

From casual outings to formal occasions, this piece transitions effortlessly across settings.

Join thousands of satisfied customers worldwide.",Clothing & Accessories,Footwear,Nike,23.04,,No rating available,,,0,0.0,1,2025-11-23,5.0,3.0,0.0,0.0,0.0,0.0,0.0,0.0,22.64,60.0,0.0,0.0,,0.0,0.0
26db6f1e-8586-4a5f-b248-2dedc09b066d,Morphy Richards Polyester Furniture,"The Morphy Richards Polyester Furniture brings both style and function to your space.

Key Features:
  - Easy to clean and maintain for everyday use.
  - Elegant finish adds a touch of sophistication.
  - Ergonomic design for comfortable use.
  - Versatile design complements any decor style.
  - Space-saving design fits perfectly in any room.

Designed to enhance your living space while providing practical everyday functionality.

Additional Details:
  - Dimensions: perfectly sized for your space.
  - Premium materials for lasting quality.
  - Available in a variety of finishes.

The perfect addition to any modern home.",Home & Kitchen,Furniture,Morphy Richards,59.45,,No rating available,,,0,0.0,1,2024-12-30,24.0,6.0,3.0,0.0,0.0,0.0,0.0,0.0,20.82,25.0,50.0,0.0,0.0,0.0,0.0
06551d1d-a2f3-44a6-aeed-6df6b4dd13de,KitchenAid Hemp Furniture,"Transform your home with the KitchenAid Hemp Furniture.

Key Features:
  - Elegant finish adds a touch of sophistication.
  - Stackable design for efficient storage.
  - Dishwasher safe for effortless cleaning.
  - Versatile design complements any decor style.
  - Built to withstand daily use with durable construction.

Designed to enhance your living space while providing practical everyday functionality.

Designed for real life, built to last.",Home & Kitchen,Furniture,KitchenAid,52.41,5.0,Original from products,5.0,5.0,1,1.0,1,2024-03-27,7.0,3.0,1.0,1.0,1.0,2.0,101.12,50.56,17.72,42.86,33.33,33.33,100.0,14.45,33.71
dbdf2946-0896-4274-8eb2-f087e169723f,Adidas Prime10 Training Shoes,"Designed for those who refuse to compromise on style.

Key Features:
  - Four-way stretch fabric for unrestricted movement.
  - Classic design that never goes out of style.
  - Tailored fit that flatters every body type.
  - Breathable material keeps you comfortable all day.

Crafted with attention to detail, it offers the perfect balance of style and practicality.

A must-have addition to any wardrobe.",Clothing & Accessories,Footwear,Adidas,13.48,4.5,Original from products,4.5,4.5,2,2.0,2,2024-08-24,5.0,3.0,2.0,2.0,2.0,2.0,27.11,13.555,18.33,60.0,66.67,66.67,100.0,5.42,9.04
72ffc844-95e7-453c-85e1-9cfeb7cafabe,Adidas Premium Menswear,"Make a statement with the Adidas Premium Menswear.

Key Features:
  - Tailored fit that flatters every body type.
  - Moisture-wicking technology keeps you dry.
  - Reinforced stitching for enhanced durability.
  - Classic design that never goes out of style.
  - Eco-friendly materials sourced sustainably.
  - Easy care fabric - machine washable.

From casual outings to formal occasions, this piece transitions effortlessly across settings.

Available in multiple colors to suit your style.",Clothing & Accessories,Menswear,Adidas,12.99,,No rating available,,,0,0.0,1,2023-06-24,6.0,2.0,0.0,0.0,0.0,0.0,0.0,0.0,23.26,33.33,0.0,0.0,,0.0,0.0
fe5c42d7-85a6-4ad1-be6c-8af51581f31a,HP Series17 DSLR,"Experience cutting-edge technology with the HP Series17 DSLR.

Key Features:
  - Advanced connectivity options including WiFi 6 and Bluetooth 5.3.
  - Enhanced security features including biometric authentication.
  - Intuitive user interface with customizable settings.
  - Features a high-resolution display with vivid color accuracy.
  - Sleek, lightweight design for maximum portability.
  - Supports high-resolution audio for immersive sound.

Whether you are working from home, gaming, or streaming, this device is built to handle it all with ease.

Backed by a comprehensive warranty and dedicated support.",Electronics,Cameras,HP,201.93,5.0,Original from products,5.0,5.0,1,1.0,51,2023-10-23,6.0,2.0,1.0,1.0,1.0,1.0,198.24,198.24,13.95,33.33,50.0,50.0,100.0,33.04,99.12
d1a9b2e1-5100-4a11-8831-b579f9cd2c98,Bose Accessorie Charger,"Upgrade your setup with the powerful Bose Accessorie Charger.

Key Features:
  - Premium build quality with aerospace-grade materials.
  - Supports high-resolution audio for immersive sound.
  - Features a high-resolution display with vivid color accuracy.
  - Advanced cooling system for sustained performance.
  - Equipped with the latest processor for seamless multitasking.
  - Enhanced security features including biometric authentication.

Designed with the modern user in mind, it combines powerful performance with an intuitive interface.

Order today and experience the difference.",Electronics,Accessories,Bose,84.77,,No rating available,,,0,0.0,2,2024-06-30,1.0,2.0,3.0,0.0,0.0,0.0,0.0,0.0,9.73,200.0,150.0,0.0,0.0,0.0,0.0
bfc89c5b-179c-4b25-b6a8-3a3140311dd3,H&M Womenswear Dress,"Make a statement with the H&M Womenswear Dress.

Key Features:
  - Versatile design transitions seamlessly from day to night.
  - Eco-friendly materials sourced sustainably.
  - Moisture-wicking technology keeps you dry.
  - Four-way stretch fabric for unrestricted movement.

Crafted with attention to detail, it offers the perfect balance of style and practicality.

Available in multiple colors to suit your style.",Clothing & Accessories,Womenswear,H&M,41.95,3.5,Original from products,3.5,3.5,2,2.0,1,2025-01-08,40.0,12.0,10.0,2.0,2.0,2.0,83.71000000000001,41.855000000000004,26.79,30.0,83.33,16.67,20.0,2.09,6.98
c2e39751-db17-424f-8d71-61ec7ecad424,Neutrogena Bath & Body Lotion,"Nourish and pamper yourself with the Neutrogena Bath & Body Lotion.

Key Features:
  - Suitable for sensitive skin.
  - Dermatologist-tested and suitable for all skin types.
  - Hydrating formula restores natural moisture balance.
  - Delicate fragrance that lingers throughout the day.
  - Rich, luxurious texture that absorbs quickly.

Additional Details:
  - Shelf life: {shelf_life}m
  - Ingredients: {ingredient_highlight}
  - Skin type: {skin_type}

Loved by beauty experts and enthusiasts alike.",Beauty & Personal Care,Bath & Body,Neutrogena,33.8,4.3,Original from products,4.3,4.2727272727272725,22,22.0,1,2024-08-29,1073.0,504.0,259.0,37.0,37.0,54.0,1818.69,33.74810810810811,17.33,46.97,51.39,7.34,14.29,1.69,3.61
c9ee4eea-8bb8-44eb-a334-3b997749602a,Staples Assorted Stationery,"The Staples Assorted Stationery streamlines your workflow.

Key Features:
  - Space-saving profile fits any desk setup.
  - Premium materials ensure long-lasting performance.
  - Easy setup with no assembly required.
  - Adjustable settings for personalized comfort.
  - Ergonomic design reduces strain during extended use.
  - Smooth, quiet operation for focused work.

Make every day more productive.",Office Products,Stationery,Staples,9.33,,No rating available,,,0,0.0,2,2026-04-15,9.0,0.0,1.0,0.0,0.0,0.0,0.0,0.0,33.64,0.0,,,0.0,0.0,
657fe627-526a-4348-8d83-d1931c355327,"Kraft Snack - 17""","Indulge in the exquisite taste of Kraft Snack - 17"".

Key Features:
  - Premium quality guaranteed by our master artisans.
  - Hand-selected for superior quality.
  - Freshness sealed for optimal taste.
  - No artificial preservatives or additives.
  - Ethically sourced and sustainably produced.
  - Sourced from the finest origins around the world.

Additional Details:
  - Net weight: {weight_g}g
  - Storage: {storage_type}

Perfect for sharing with loved ones.",Grocery & Gourmet,Snacks,Kraft,3.95,,No rating available,,,0,0.0,5,2025-03-05,20.0,6.0,5.0,0.0,0.0,0.0,0.0,0.0,18.6,30.0,83.33,0.0,0.0,0.0,0.0
79ffa574-bec1-401d-ad0f-508ad6f46905,Versatile fusion Adventure,"Versatile fusion Adventure offers a fresh perspective on an important topic.

Key Features:
  - Award-winning author delivers another masterpiece.
  - Includes exclusive content and illustrations.
  - Perfect for book clubs and group discussions.
  - Thought-provoking themes that resonate long after reading.
  - Gripping narrative that keeps you turning pages.

Whether you are a longtime fan or new to the genre, this book will captivate you from the first page.

Additional Details:
  - Critically acclaimed with outstanding reader reviews.
  - Expertly crafted with attention to every detail.
  - A substantial read that delivers incredible value.

A must-read for fans of the genre.",Books,Children's Books,HarperCollins,32.34,,No rating available,,,0,0.0,2,2023-01-29,42.0,10.0,3.0,0.0,0.0,0.0,0.0,0.0,21.04,23.81,30.0,0.0,0.0,0.0,0.0
0e6583b5-be64-4e0e-8dd8-df31ae4db52c,My First Quantum Computing,"Dive into the captivating world of My First Quantum Computing.

Key Features:
  - Beautifully written with vivid prose and memorable characters.
  - Thought-provoking themes that resonate long after reading.
  - Includes exclusive content and illustrations.
  - Perfect for book clubs and group discussions.
  - Includes discussion questions for book clubs.
  - Features a foreword by a leading expert in the field.

Whether you are a longtime fan or new to the genre, this book will captivate you from the first page.

Critically acclaimed and reader-approved.",Books,Children's Books,Penguin Books,16.69,2.0,Original from products,2.0,2.0,1,1.0,2,2024-10-16,8.0,1.0,1.0,0.0,0.0,0.0,0.0,0.0,19.34,12.5,100.0,0.0,0.0,0.0,0.0
5d07bcd4-3670-4a0d-91f6-e36d7d335597,Adidas Sterling Silver Jewelry,"Designed for those who refuse to compromise on style.

Key Features:
  - Easy care fabric - machine washable.
  - Breathable material keeps you comfortable all day.
  - Reinforced stitching for enhanced durability.
  - Classic design that never goes out of style.

Crafted with attention to detail, it offers the perfect balance of style and practicality.

Experience the perfect blend of style and comfort.",Clothing & Accessories,Jewelry,Adidas,27.22,3.9,Original from products,3.9,3.869565217391304,23,23.0,35,2024-12-27,989.0,366.0,223.0,40.0,40.0,56.0,1524.11,27.111250000000002,18.16,37.01,60.93,10.93,17.94,1.54,4.16
d7481884-a64e-43ae-b90c-98cd32f7c464,Nivea Skincare Serum,"Transform your daily routine with the Nivea Skincare Serum.

Key Features:
  - Suitable for sensitive skin.
  - Clinically proven results with regular use.
  - Delicate fragrance that lingers throughout the day.
  - Hydrating formula restores natural moisture balance.
  - Dermatologist-tested and suitable for all skin types.

See the difference with every use.",Beauty & Personal Care,Skincare,Nivea,13.16,5.0,Original from products,5.0,5.0,1,1.0,2,2023-02-24,1.0,0.0,0.0,0.0,0.0,0.0,0.0,0.0,17.0,0.0,,,,0.0,
111606d4-51dd-4751-b620-03fca7a12881,Neutrogena Drift Perfume Spray,"Transform your daily routine with the Neutrogena Drift Perfume Spray.

Key Features:
  - Free from parabens, sulfates, and phthalates.
  - Suitable for sensitive skin.
  - Formulated with natural ingredients for gentle care.
  - Hydrating formula restores natural moisture balance.
  - Clinically proven results with regular use.

Part of our commitment to clean beauty.",Beauty & Personal Care,Fragrance,Neutrogena,16.61,3.8,Original from products,3.8,3.8461538461538463,13,13.0,3,2024-04-25,475.0,191.0,111.0,22.0,22.0,29.0,481.56,16.61,18.72,40.21,58.12,11.52,19.82,1.01,2.52
cb5e6bbc-ea52-40e0-a731-ebca25c3e3d9,"Nerf Aria 27"" Figure","The Nerf Aria 27"" Figure offers hours of engaging entertainment.

Key Features:
  - Expandable with additional sets and accessories.
  - STEM-focused learning through play.
  - Suitable for solo play or group activities.
  - Safe, non-toxic materials certified for children.

Additional Details:
  - Box dimensions: {dim_cm} cm
  - Players: {player_count}
  - Recommended age: {age_range}+

Trusted by parents and loved by children.",Toys & Games,Action Figures,Nerf,12.24,,No rating available,,,0,0.0,1,2025-12-22,49.0,21.0,14.0,2.0,2.0,3.0,36.36,12.190000000000001,21.12,42.86,66.67,9.52,14.29,0.74,1.73
29f45889-812e-410b-81b9-3a7e05ae762e,Nestle Original Beverage,"The Nestle Original Beverage brings premium quality to your table.

Key Features:
  - Hand-selected for superior quality.
  - Freshness sealed for optimal taste.
  - Expertly crafted using traditional methods.
  - Perfect for gifting or everyday indulgence.

Additional Details:
  - Shelf life: {shelf_life}m
  - Net weight: {weight_g}g
  - Storage: {storage_type}

Quality you can taste.",Grocery & Gourmet,Beverages,Nestle,12.44,,No rating available,,,0,0.0,1,2024-03-21,6.0,0.0,1.0,0.0,0.0,0.0,0.0,0.0,16.98,0.0,,,0.0,0.0,
fb249de3-d64f-4b3c-88c8-623a3addd73f,Cuisinart Premium Furniture,"Elevate your everyday living with the Cuisinart Premium Furniture.

Key Features:
  - Built to withstand daily use with durable construction.
  - Crafted from premium {material} for lasting quality.
  - Stackable design for efficient storage.
  - Versatile design complements any decor style.

Whether you are redecorating or just looking for that perfect finishing touch, this piece fits beautifully.

Designed for real life, built to last.",Home & Kitchen,Furniture,Cuisinart,27.16,4.5,Original from products,4.5,4.5,2,2.0,1,2024-07-23,20.0,15.0,6.0,3.0,3.0,3.0,83.93,27.97666666666667,16.94,75.0,40.0,20.0,50.0,4.2,5.6
f2387fa4-954d-4c92-8a3c-e7f2a02c906a,L'Oreal Bath & Body - Vanilla,"The L'Oreal Bath & Body - Vanilla is your new essential for radiant skin.

Key Features:
  - Clinically proven results with regular use.
  - Free from parabens, sulfates, and phthalates.
  - Cruelty-free and never tested on animals.
  - Formulated with natural ingredients for gentle care.

Additional Details:
  - Volume: {volume_ml}ml
  - Shelf life: {shelf_life}m

See the difference with every use.",Beauty & Personal Care,Bath & Body,L'Oreal,40.14,,No rating available,,,0,0.0,1,2023-10-03,30.0,11.0,5.0,1.0,1.0,3.0,120.21,40.07,19.73,36.67,45.45,9.09,20.0,4.01,10.93
b6614348-02eb-4b0c-8aba-cf011a2da55f,LEGO Aura Card Game,"The LEGO Aura Card Game sparks creativity and imagination.

Key Features:
  - STEM-focused learning through play.
  - Suitable for solo play or group activities.
  - Expandable with additional sets and accessories.
  - Easy to learn, with endless replay value.
  - Award-winning design loved by kids and parents.
  - Durable design withstands active play.

The perfect gift for any occasion.",Toys & Games,Board Games,LEGO,19.66,2.5,Original from products,2.5,2.5,2,2.0,4,2023-04-07,38.0,20.0,5.0,2.0,2.0,2.0,38.77,19.385,16.28,52.63,25.0,10.0,40.0,1.02,1.94
685e02ed-59ac-4486-a789-bfe4792b071a,Adidas Amethyst Jewelry,"Make a statement with the Adidas Amethyst Jewelry.

Key Features:
  - Eco-friendly materials sourced sustainably.
  - Easy care fabric - machine washable.
  - Premium {material} fabric for lasting comfort.
  - Breathable material keeps you comfortable all day.
  - Four-way stretch fabric for unrestricted movement.
  - Tailored fit that flatters every body type.

Crafted with attention to detail, it offers the perfect balance of style and practicality.

Available in multiple colors to suit your style.",Clothing & Accessories,Jewelry,Adidas,18.72,,No rating available,,,0,0.0,1,2024-02-01,4.0,3.0,2.0,0.0,0.0,0.0,0.0,0.0,8.41,75.0,66.67,0.0,0.0,0.0,0.0
a3e2e317-2f8a-4dd5-9072-531b755f4d0d,"Nestle Pantry Staple - 32""","Elevate your culinary creations with Nestle Pantry Staple - 32"".

Key Features:
  - Rich, authentic flavor profile.
  - Sourced from the finest origins around the world.
  - Expertly crafted using traditional methods.
  - Perfect for gifting or everyday indulgence.

Additional Details:
  - Country of origin: {origin_country}
  - Storage: {storage_type}
  - Net weight: {weight_g}g

Quality you can taste.",Grocery & Gourmet,Pantry Staples,Nestle,6.46,,No rating available,,,0,0.0,13,2025-08-21,8.0,2.0,0.0,0.0,0.0,0.0,0.0,0.0,20.21,25.0,0.0,0.0,,0.0,0.0
4f9e7267-cd6f-42ec-916d-7bb0957a5f19,Apple Essential Sport Watch,"The Apple Essential Sport Watch delivers exceptional performance for all your needs.

Key Features:
  - Intuitive user interface with customizable settings.
  - Sleek, lightweight design for maximum portability.
  - Features a high-resolution display with vivid color accuracy.
  - Advanced cooling system for sustained performance.
  - Supports high-resolution audio for immersive sound.
  - Premium build quality with aerospace-grade materials.

Designed with the modern user in mind, it combines powerful performance with an intuitive interface.

Backed by a comprehensive warranty and dedicated support.",Electronics,Wearables,Apple,23.9,,No rating available,,,0,0.0,2,2026-05-11,38.0,11.0,7.0,0.0,0.0,0.0,0.0,0.0,22.95,28.95,63.64,0.0,0.0,0.0,0.0
54384ed6-2c87-44d7-8372-faccc44614e7,Post-it Compact Printer,"Stay organized and productive with the Post-it Compact Printer.

Key Features:
  - Built to withstand daily use in demanding environments.
  - Easy setup with no assembly required.
  - Eco-friendly materials and packaging.
  - Smooth, quiet operation for focused work.

The smart choice for modern professionals.",Office Products,Printers,Post-it,18.6,4.0,Original from products,4.0,4.0,1,1.0,5,2025-04-03,128.0,56.0,30.0,3.0,3.0,5.0,88.99000000000001,17.783333333333335,18.69,43.75,53.57,5.36,10.0,0.7,1.59
61a5683d-e524-45fa-8527-19526e9151cd,L'Oreal Bath & Body - Almond,"The L'Oreal Bath & Body - Almond is your new essential for radiant skin.

Key Features:
  - Antioxidant-rich formula protects against environmental damage.
  - Rich, luxurious texture that absorbs quickly.
  - Dermatologist-tested and suitable for all skin types.
  - Cruelty-free and never tested on animals.

See the difference with every use.",Beauty & Personal Care,Bath & Body,L'Oreal,20.03,,No rating available,,,0,0.0,13,2025-11-02,14.0,5.0,3.0,0.0,0.0,0.0,0.0,0.0,16.24,35.71,60.0,0.0,0.0,0.0,0.0
433c5194-11d7-4bc7-84c6-b8a0b2c879a4,Apple Essential Pro16,"Experience cutting-edge technology with the Apple Essential Pro16.

Key Features:
  - Features a high-resolution display with vivid color accuracy.
  - Advanced connectivity options including WiFi 6 and Bluetooth 5.3.
  - Supports high-resolution audio for immersive sound.
  - Premium build quality with aerospace-grade materials.

Whether you are working from home, gaming, or streaming, this device is built to handle it all with ease.

Backed by a comprehensive warranty and dedicated support.",Electronics,Smartphones,Apple,267.19,,No rating available,,,0,0.0,1,2025-03-20,23.0,5.0,7.0,1.0,1.0,1.0,273.34,273.34,20.7,21.74,140.0,20.0,14.29,11.88,54.67
57cbc49d-1a4e-4cc7-a5eb-31bd76037222,Wilson Pro2 Fitness Equipment,"The Wilson Pro2 Fitness Equipment is built for those who push their limits.

Key Features:
  - Ergonomic design reduces fatigue during extended use.
  - Weather-resistant materials keep you protected.
  - Quick-setup system saves time and hassle.
  - Lightweight design for effortless portability.

Ready for wherever your journey takes you.",Sports & Outdoors,Fitness Equipment,Wilson,17.74,2.0,Original from products,2.0,2.0,1,1.0,1,2025-04-01,26.0,7.0,2.0,1.0,1.0,1.0,18.06,18.06,19.27,26.92,28.57,14.29,50.0,0.69,2.58
255578d3-3ac1-4b89-a398-b5522a1ca483,Samsung Pro Mirrorless Camera,"Engineered for excellence, the Samsung Pro Mirrorless Camera sets a new standard.

Key Features:
  - Sleek, lightweight design for maximum portability.
  - Intuitive user interface with customizable settings.
  - Features a high-resolution display with vivid color accuracy.
  - Advanced connectivity options including WiFi 6 and Bluetooth 5.3.

Whether you are working from home, gaming, or streaming, this device is built to handle it all with ease.

Perfect for professionals and enthusiasts alike.",Electronics,Cameras,Samsung,338.3,5.0,Original from products,5.0,5.0,1,1.0,3,2024-06-16,81.0,32.0,21.0,2.0,2.0,2.0,688.0699999999999,344.03499999999997,16.31,39.51,65.62,6.25,9.52,8.49,21.5
993a8cf7-18d9-49db-bf43-6dd5eb047a76,L'Oreal Liquid Makeup,"Nourish and pamper yourself with the L'Oreal Liquid Makeup.

Key Features:
  - Dermatologist-tested and suitable for all skin types.
  - Antioxidant-rich formula protects against environmental damage.
  - Hydrating formula restores natural moisture balance.
  - Clinically proven results with regular use.

Your skin deserves the best.",Beauty & Personal Care,Makeup,L'Oreal,34.55,,No rating available,,,0,0.0,1,2023-03-18,5.0,4.0,4.0,0.0,0.0,0.0,0.0,0.0,19.16,80.0,100.0,0.0,0.0,0.0,0.0
f741bdc8-a739-4562-bd8a-a8af256bbaa3,Mattel Midnight Board Game,"The Mattel Midnight Board Game sparks creativity and imagination.

Key Features:
  - Expandable with additional sets and accessories.
  - Durable design withstands active play.
  - Easy to learn, with endless replay value.
  - Includes everything needed for immediate play.
  - Develops fine motor skills and hand-eye coordination.

The perfect gift for any occasion.",Toys & Games,Board Games,Mattel,52.99,2.0,Original from products,2.0,2.0,1,1.0,1,2024-05-26,3.0,1.0,1.0,1.0,1.0,1.0,53.32,53.32,6.45,33.33,100.0,100.0,100.0,17.77,53.32
d5cef23f-a2f0-4644-bb6b-a60fd2dcc723,Spalding Adjustable Fitness Equipment,"Conquer any challenge with the Spalding Adjustable Fitness Equipment.

Key Features:
  - Ergonomic design reduces fatigue during extended use.
  - Adjustable features for customized fit.
  - Reflective elements enhance visibility in low light.
  - Lightweight design for effortless portability.

Performance you can rely on.",Sports & Outdoors,Fitness Equipment,Spalding,53.29,4.5,Original from products,4.5,4.5,2,2.0,8,2025-12-14,193.0,76.0,40.0,4.0,4.0,4.0,211.62,52.905,18.21,39.38,52.63,5.26,10.0,1.1,2.78
cba1016f-3f2a-467a-b15a-452afc42b96a,LEGO Air Sam Figure,"Unleash endless fun with the LEGO Air Sam Figure.

Key Features:
  - Durable design withstands active play.
  - Safe, non-toxic materials certified for children.
  - Award-winning design loved by kids and parents.
  - Easy to learn, with endless replay value.
  - STEM-focused learning through play.
  - Develops fine motor skills and hand-eye coordination.

Additional Details:
  - Batteries: {battery_req}
  - Players: {player_count}
  - Recommended age: {age_range}+

The perfect gift for any occasion.",Toys & Games,Action Figures,LEGO,45.93,1.0,Original from products,1.0,1.0,1,1.0,1,2024-10-30,4.0,3.0,2.0,1.0,1.0,1.0,45.74,45.74,26.01,75.0,66.67,33.33,50.0,11.44,15.25
be60ab9a-20b4-493b-8eb1-96560541155e,Bose Galaxy Pro11,"The Bose Galaxy Pro11 delivers exceptional performance for all your needs.

Key Features:
  - Features a high-resolution display with vivid color accuracy.
  - Advanced connectivity options including WiFi 6 and Bluetooth 5.3.
  - Supports high-resolution audio for immersive sound.
  - Sleek, lightweight design for maximum portability.
  - Advanced cooling system for sustained performance.

Designed with the modern user in mind, it combines powerful performance with an intuitive interface.

Perfect for professionals and enthusiasts alike.",Electronics,Smartphones,Bose,53.56,4.0,Original from products,4.0,4.0,1,1.0,2,2025-08-08,134.0,37.0,18.0,4.0,4.0,4.0,213.64999999999998,53.412499999999994,20.64,27.61,48.65,10.81,22.22,1.59,5.77
2b364b81-45e5-4b5d-8a67-a8bcd2bfd653,Nike Casual Menswear,"Designed for those who refuse to compromise on style.

Key Features:
  - Easy care fabric - machine washable.
  - Versatile design transitions seamlessly from day to night.
  - Classic design that never goes out of style.
  - Reinforced stitching for enhanced durability.

From casual outings to formal occasions, this piece transitions effortlessly across settings.

Additional Details:
  - Premium fabric construction for lasting wear.
  - Designed for comfort with a tailored silhouette.

Available in multiple colors to suit your style.",Clothing & Accessories,Menswear,Nike,53.69,4.5,Original from products,4.5,4.5,2,2.0,1,2023-03-05,50.0,25.0,11.0,3.0,3.0,6.0,332.18,55.17666666666667,18.89,50.0,44.0,12.0,27.27,6.64,13.29
9adb136f-d48e-4461-8e91-d32e3ae08caf,KitchenAid Lighting - Ivory,"Elevate your everyday living with the KitchenAid Lighting - Ivory.

Key Features:
  - Space-saving design fits perfectly in any room.
  - Versatile design complements any decor style.
  - Dishwasher safe for effortless cleaning.
  - Elegant finish adds a touch of sophistication.

Whether you are redecorating or just looking for that perfect finishing touch, this piece fits beautifully.

Designed for real life, built to last.",Home & Kitchen,Lighting,KitchenAid,27.26,,No rating available,,,0,0.0,1,2023-09-08,9.0,3.0,3.0,0.0,0.0,0.0,0.0,0.0,24.7,33.33,100.0,0.0,0.0,0.0,0.0
2733463c-bd18-404c-91ca-f1ca635ae8f2,Apple Classic Air13 Laptop,"Engineered for excellence, the Apple Classic Air13 Laptop sets a new standard.

Key Features:
  - Enhanced security features including biometric authentication.
  - Premium build quality with aerospace-grade materials.
  - Equipped with the latest processor for seamless multitasking.
  - Features a high-resolution display with vivid color accuracy.
  - Supports high-resolution audio for immersive sound.

Designed with the modern user in mind, it combines powerful performance with an intuitive interface.

Perfect for professionals and enthusiasts alike.",Electronics,Laptops,Apple,47.21,,No rating available,,,0,0.0,5,2024-01-08,15.0,11.0,8.0,1.0,1.0,1.0,49.57,49.57,22.19,73.33,72.73,9.09,12.5,3.3,4.51
a060bcab-a7c8-45ea-823c-acda21f21c7b,Cuisinart Modern Lighting,"Transform your home with the Cuisinart Modern Lighting.

Key Features:
  - Space-saving design fits perfectly in any room.
  - Crafted from premium {material} for lasting quality.
  - Elegant finish adds a touch of sophistication.
  - Ergonomic design for comfortable use.
  - Versatile design complements any decor style.
  - Dishwasher safe for effortless cleaning.

Whether you are redecorating or just looking for that perfect finishing touch, this piece fits beautifully.

Make every day extraordinary.",Home & Kitchen,Lighting,Cuisinart,21.67,5.0,Original from products,5.0,5.0,1,1.0,39,2024-03-24,122.0,47.0,33.0,3.0,3.0,3.0,63.55,21.183333333333334,16.7,38.52,70.21,6.38,9.09,0.52,1.35
afbc31c5-dc7a-4f54-8222-e3751f411289,Nike Edge9 Messenger Bag,"Designed for those who refuse to compromise on style.

Key Features:
  - Eco-friendly materials sourced sustainably.
  - Breathable material keeps you comfortable all day.
  - Tailored fit that flatters every body type.
  - Premium {material} fabric for lasting comfort.

Crafted with attention to detail, it offers the perfect balance of style and practicality.

Additional Details:
  - Designed for comfort with a tailored silhouette.
  - Available in multiple sizes for the perfect fit.

Experience the perfect blend of style and comfort.",Clothing & Accessories,Bags,Nike,35.12,2.0,Original from products,2.0,2.0,1,1.0,1,2026-05-16,16.0,3.0,3.0,2.0,2.0,2.0,69.52,34.76,18.89,18.75,100.0,66.67,66.67,4.34,23.17
d2dee2f5-9b42-4bd9-bcae-3f7dc5f60fa7,Dyson Furniture - Ivory,"Transform your home with the Dyson Furniture - Ivory.

Key Features:
  - Dishwasher safe for effortless cleaning.
  - Ergonomic design for comfortable use.
  - Versatile design complements any decor style.
  - Elegant finish adds a touch of sophistication.
  - Built to withstand daily use with durable construction.

Whether you are redecorating or just looking for that perfect finishing touch, this piece fits beautifully.

The perfect addition to any modern home.",Home & Kitchen,Furniture,Dyson,26.33,4.0,Original from products,4.0,4.0,1,1.0,1,2024-07-30,18.0,7.0,3.0,1.0,1.0,1.0,25.89,25.89,34.28,38.89,42.86,14.29,33.33,1.44,3.7
b2a2cd33-729f-4ccd-85e5-938db17c6088,KitchenAid Ultra-Soft Bedding,"Designed to make your home more beautiful and functional.

Key Features:
  - Ergonomic design for comfortable use.
  - Versatile design complements any decor style.
  - Built to withstand daily use with durable construction.
  - Crafted from premium {material} for lasting quality.

Designed to enhance your living space while providing practical everyday functionality.

Make every day extraordinary.",Home & Kitchen,Bedding,KitchenAid,57.46,,No rating available,,,0,0.0,4,2025-04-05,16.0,4.0,5.0,0.0,0.0,0.0,0.0,0.0,23.17,25.0,125.0,0.0,0.0,0.0,0.0
3a282bc4-c6e3-46a2-9833-8d12fb90c449,PepsiCo Organic Pantry Staple,"The PepsiCo Organic Pantry Staple brings premium quality to your table.

Key Features:
  - Ethically sourced and sustainably produced.
  - Versatile ingredient for countless recipes.
  - Sourced from the finest origins around the world.
  - Rich, authentic flavor profile.
  - Expertly crafted using traditional methods.

Additional Details:
  - Storage: {storage_type}
  - Country of origin: {origin_country}

From our family to yours.",Grocery & Gourmet,Pantry Staples,PepsiCo,3.24,4.5,Original from products,4.5,4.5,2,2.0,2,2025-03-14,84.0,34.0,25.0,5.0,5.0,7.0,22.96,3.2479999999999998,15.75,40.48,73.53,14.71,20.0,0.27,0.68
44743d2d-52f5-41bc-b267-ff0894c9d033,Nike Premium Accessorie,"Elevate your wardrobe with the Nike Premium Accessorie.

Key Features:
  - Eco-friendly materials sourced sustainably.
  - Tailored fit that flatters every body type.
  - Classic design that never goes out of style.
  - Moisture-wicking technology keeps you dry.

Crafted with attention to detail, it offers the perfect balance of style and practicality.

Experience the perfect blend of style and comfort.",Clothing & Accessories,Accessories,Nike,9.77,,No rating available,,,0,0.0,6,2024-06-06,23.0,5.0,7.0,1.0,1.0,1.0,9.29,9.29,16.56,21.74,140.0,20.0,14.29,0.4,1.86
6c28f298-484a-4eb1-8197-d880b91558dc,Nestle Organic Snack,"Indulge in the exquisite taste of Nestle Organic Snack.

Key Features:
  - Sourced from the finest origins around the world.
  - Hand-selected for superior quality.
  - Ethically sourced and sustainably produced.
  - No artificial preservatives or additives.
  - Versatile ingredient for countless recipes.
  - Freshness sealed for optimal taste.

A taste worth savoring.",Grocery & Gourmet,Snacks,Nestle,15.89,4.0,Original from products,4.0,4.0,1,1.0,1,2026-04-20,10.0,6.0,4.0,1.0,1.0,1.0,16.4,16.4,15.71,60.0,66.67,16.67,25.0,1.64,2.73
54a83feb-d57d-4121-9ac4-d7f39cfd479d,KitchenAid Furniture - Cobalt,"Designed to make your home more beautiful and functional.

Key Features:
  - Versatile design complements any decor style.
  - Temperature resistant up to {temp_c} degrees.
  - Easy to clean and maintain for everyday use.
  - Elegant finish adds a touch of sophistication.
  - Crafted from premium {material} for lasting quality.
  - Ergonomic design for comfortable use.

Designed to enhance your living space while providing practical everyday functionality.

Backed by our satisfaction guarantee.",Home & Kitchen,Furniture,KitchenAid,80.97,,No rating available,,,0,0.0,1,2023-10-05,8.0,3.0,4.0,0.0,0.0,0.0,0.0,0.0,17.27,37.5,133.33,0.0,0.0,0.0,0.0
3242dfa2-e831-4818-96fe-329fd97fc8b9,Adidas Casual Menswear,"Elevate your wardrobe with the Adidas Casual Menswear.

Key Features:
  - Reinforced stitching for enhanced durability.
  - Four-way stretch fabric for unrestricted movement.
  - Versatile design transitions seamlessly from day to night.
  - Premium {material} fabric for lasting comfort.

Crafted with attention to detail, it offers the perfect balance of style and practicality.

Join thousands of satisfied customers worldwide.",Clothing & Accessories,Menswear,Adidas,18.65,,No rating available,,,0,0.0,1,2023-02-13,5.0,4.0,1.0,0.0,0.0,0.0,0.0,0.0,11.07,80.0,25.0,0.0,0.0,0.0,0.0
3ebaae94-fb58-4115-bc3b-f28591c099ef,Introduction to Software Engineering,"Discover the story behind Introduction to Software Engineering.

Key Features:
  - Beautifully written with vivid prose and memorable characters.
  - Features a foreword by a leading expert in the field.
  - Includes exclusive content and illustrations.
  - Includes discussion questions for book clubs.

Whether you are a longtime fan or new to the genre, this book will captivate you from the first page.

Already a bestseller in multiple countries.",Books,Educational,Penguin Books,13.98,,No rating available,,,0,0.0,2,2025-07-18,0.0,0.0,0.0,0.0,0.0,0.0,0.0,0.0,14.42,,,,,,
13d331b9-852a-4d23-9e87-bef5002d79f5,Staub Modern Lighting,"Designed to make your home more beautiful and functional.

Key Features:
  - Temperature resistant up to {temp_c} degrees.
  - Easy to clean and maintain for everyday use.
  - Ergonomic design for comfortable use.
  - Elegant finish adds a touch of sophistication.
  - Stackable design for efficient storage.
  - Built to withstand daily use with durable construction.

Whether you are redecorating or just looking for that perfect finishing touch, this piece fits beautifully.

Additional Details:
  - Dimensions: perfectly sized for your space.
  - Easy to clean and maintain.
  - Available in a variety of finishes.

Backed by our satisfaction guarantee.",Home & Kitchen,Lighting,Staub,87.3,4.0,Original from products,4.0,4.0,1,1.0,1,2025-03-26,15.0,5.0,2.0,1.0,1.0,2.0,171.44,85.72,26.5,33.33,40.0,20.0,50.0,11.43,34.29
59815d2b-d0be-46cd-bf9c-1e68398bfb97,Zara Accessorie Set,"Make a statement with the Zara Accessorie Set.

Key Features:
  - Reinforced stitching for enhanced durability.
  - Eco-friendly materials sourced sustainably.
  - Tailored fit that flatters every body type.
  - Premium {material} fabric for lasting comfort.
  - Moisture-wicking technology keeps you dry.

Crafted with attention to detail, it offers the perfect balance of style and practicality.

Additional Details:
  - Premium fabric construction for lasting wear.
  - Designed for comfort with a tailored silhouette.

Join thousands of satisfied customers worldwide.",Clothing & Accessories,Accessories,Zara,45.01,4.7,Original from products,4.7,4.666666666666667,3,3.0,1,2023-11-21,65.0,21.0,13.0,3.0,3.0,4.0,178.69,44.6,19.82,32.31,61.9,14.29,23.08,2.75,8.51
e3baf771-a60d-4ac8-b619-25ff65a58ccb,Portable cipher Adventure,"Discover the story behind Portable cipher Adventure.

Key Features:
  - Includes discussion questions for book clubs.
  - Thought-provoking themes that resonate long after reading.
  - Meticulously researched and expertly presented.
  - Features a foreword by a leading expert in the field.

Perfect for bedtime reading, book clubs, or casual enjoyment, this book offers something for everyone.

Additional Details:
  - Available in multiple formats for your reading preference.
  - Critically acclaimed with outstanding reader reviews.

Already a bestseller in multiple countries.",Books,Children's Books,Harvard Press,15.08,4.0,Original from products,4.0,4.0,1,1.0,2,2025-12-18,20.0,3.0,5.0,0.0,0.0,0.0,0.0,0.0,20.56,15.0,166.67,0.0,0.0,0.0,0.0
a35b6eee-5fd4-4ef2-9026-111742bbdd40,Apple Accessorie Adapter,"Experience cutting-edge technology with the Apple Accessorie Adapter.

Key Features:
  - Intuitive user interface with customizable settings.
  - Enhanced security features including biometric authentication.
  - Sleek, lightweight design for maximum portability.
  - Supports high-resolution audio for immersive sound.

Whether you are working from home, gaming, or streaming, this device is built to handle it all with ease.

Additional Details:
  - Slim and portable form factor for easy travel.
  - High-resolution display with vivid color reproduction.
  - Connectivity: USB-C, HDMI, WiFi 6, Bluetooth.

Order today and experience the difference.",Electronics,Accessories,Apple,322.87,,No rating available,,,0,0.0,8,2023-07-22,2.0,0.0,0.0,0.0,0.0,0.0,0.0,0.0,12.93,0.0,,,,0.0,
9697cbb8-c036-4f97-a661-d60ceb245518,Instant Pot Bedding in Slate,"Transform your home with the Instant Pot Bedding in Slate.

Key Features:
  - Versatile design complements any decor style.
  - Elegant finish adds a touch of sophistication.
  - Ergonomic design for comfortable use.
  - Built to withstand daily use with durable construction.
  - Space-saving design fits perfectly in any room.

Designed to enhance your living space while providing practical everyday functionality.

Additional Details:
  - Available in a variety of finishes.
  - Easy to clean and maintain.
  - Dimensions: perfectly sized for your space.

Make every day extraordinary.",Home & Kitchen,Bedding,Instant Pot,27.99,,No rating available,,,0,0.0,1,2023-11-09,4.0,1.0,2.0,1.0,1.0,2.0,58.62,29.31,40.67,25.0,200.0,100.0,50.0,14.66,58.62
03984285-0a09-4d9d-a0a7-ef2a35bfd92b,The refined horizon,"Discover the story behind The refined horizon.

Key Features:
  - Includes discussion questions for book clubs.
  - Features a foreword by a leading expert in the field.
  - Perfect for book clubs and group discussions.
  - Award-winning author delivers another masterpiece.
  - Gripping narrative that keeps you turning pages.

Whether you are a longtime fan or new to the genre, this book will captivate you from the first page.

Critically acclaimed and reader-approved.",Books,Fiction,HarperCollins,14.22,,No rating available,,,0,0.0,2,2023-07-12,2.0,0.0,0.0,0.0,0.0,0.0,0.0,0.0,29.12,0.0,,,,0.0,
d3701c21-709a-4090-bab2-020261ce8a92,Cuisinart Smart Appliance,"The Cuisinart Smart Appliance brings both style and function to your space.

Key Features:
  - Dishwasher safe for effortless cleaning.
  - Elegant finish adds a touch of sophistication.
  - Temperature resistant up to {temp_c} degrees.
  - Easy to clean and maintain for everyday use.

Designed to enhance your living space while providing practical everyday functionality.

Additional Details:
  - Easy to clean and maintain.
  - Dimensions: perfectly sized for your space.

Designed for real life, built to last.",Home & Kitchen,Appliances,Cuisinart,44.48,4.2,Original from products,4.2,4.222222222222222,27,27.0,5,2023-08-21,1061.0,426.0,262.0,41.0,41.0,53.0,2363.42,44.574878048780484,18.17,40.15,61.5,9.62,15.65,2.23,5.55
fb75d679-90cd-4a77-950c-e5ad2f32cb85,Minecraft Max Aria Figure,"Bring joy to playtime with the Minecraft Max Aria Figure.

Key Features:
  - STEM-focused learning through play.
  - Durable design withstands active play.
  - Suitable for solo play or group activities.
  - Expandable with additional sets and accessories.
  - Award-winning design loved by kids and parents.

Additional Details:
  - Box dimensions: {dim_cm} cm
  - Batteries: {battery_req}
  - Recommended age: {age_range}+

Where learning meets play.",Toys & Games,Action Figures,Minecraft,21.23,,No rating available,,,0,0.0,1,2025-06-28,4.0,2.0,0.0,0.0,0.0,0.0,0.0,0.0,21.45,50.0,0.0,0.0,,0.0,0.0
11be4dba-b87b-40c3-bad6-8ceb3e4d9bcc,Zara Casual Menswear,"The Zara Casual Menswear combines style with everyday comfort.

Key Features:
  - Moisture-wicking technology keeps you dry.
  - Easy care fabric - machine washable.
  - Four-way stretch fabric for unrestricted movement.
  - Versatile design transitions seamlessly from day to night.
  - Breathable material keeps you comfortable all day.
  - Eco-friendly materials sourced sustainably.

From casual outings to formal occasions, this piece transitions effortlessly across settings.

Additional Details:
  - Available in multiple sizes for the perfect fit.
  - Premium fabric construction for lasting wear.
  - Easy care: machine washable for convenience.

Experience the perfect blend of style and comfort.",Clothing & Accessories,Menswear,Zara,27.7,,No rating available,,,0,0.0,1,2025-05-27,53.0,8.0,8.0,2.0,2.0,3.0,84.88,28.025,24.99,15.09,100.0,25.0,25.0,1.6,10.61
9b648884-cdc0-4d7d-ab65-573caef47e99,WeatherTech Galaxy8 Tools & Equipment,"Protect and enhance your vehicle with the WeatherTech Galaxy8 Tools & Equipment.

Key Features:
  - Long-lasting protection against the elements.
  - Professional-grade formula for superior results.
  - Quick-drying formula saves time.
  - Compatible with all major vehicle makes and models.

Additional Details:
  - Application: {app_method}
  - Volume: {volume_ml}ml
  - Compatibility: {compat_info}

Professional quality at an affordable price.",Automotive,Tools & Equipment,WeatherTech,36.83,,No rating available,,,0,0.0,5,2025-03-12,11.0,6.0,1.0,0.0,0.0,0.0,0.0,0.0,15.01,54.55,16.67,0.0,0.0,0.0,0.0
5f619e23-797f-45ee-8fd2-54d846dca61e,Olay Bath & Body Wash,"Transform your daily routine with the Olay Bath & Body Wash.

Key Features:
  - Rich, luxurious texture that absorbs quickly.
  - Cruelty-free and never tested on animals.
  - Delicate fragrance that lingers throughout the day.
  - Formulated with natural ingredients for gentle care.
  - Hydrating formula restores natural moisture balance.
  - Antioxidant-rich formula protects against environmental damage.

Loved by beauty experts and enthusiasts alike.",Beauty & Personal Care,Bath & Body,Olay,22.42,3.5,Original from products,3.5,3.5,2,2.0,4,2025-12-09,14.0,5.0,9.0,2.0,2.0,2.0,45.879999999999995,22.939999999999998,20.23,35.71,180.0,40.0,22.22,3.28,9.18
966734c9-d17f-4a1d-8836-a2b809197416,"Bosch Car Care - 14""","Keep your vehicle running at its best with Bosch Car Care - 14"".

Key Features:
  - Weather-resistant for year-round protection.
  - Compatible with all major vehicle makes and models.
  - Quick-drying formula saves time.
  - Exceeds OEM specifications for quality and performance.
  - Long-lasting protection against the elements.
  - Non-abrasive and safe for all surfaces.

Professional quality at an affordable price.",Automotive,Car Care,Bosch,16.8,2.5,Original from products,2.5,2.5,2,2.0,4,2023-03-29,27.0,9.0,9.0,1.0,1.0,1.0,17.12,17.12,21.34,33.33,100.0,11.11,11.11,0.63,1.9
6c3efa7c-6eba-49a8-a258-93bae1e9296b,Hasbro NLP 500pc Puzzle,"The Hasbro NLP 500pc Puzzle offers hours of engaging entertainment.

Key Features:
  - Includes everything needed for immediate play.
  - Durable design withstands active play.
  - STEM-focused learning through play.
  - Safe, non-toxic materials certified for children.
  - Award-winning design loved by kids and parents.

Additional Details:
  - Box dimensions: {dim_cm} cm
  - Players: {player_count}
  - Batteries: {battery_req}

Where learning meets play.",Toys & Games,Puzzles,Hasbro,40.45,,No rating available,,,0,0.0,1,2025-02-12,6.0,1.0,1.0,0.0,0.0,0.0,0.0,0.0,16.21,16.67,100.0,0.0,0.0,0.0,0.0
f783efeb-a6ed-49c6-91d6-503568d2d5ab,Samsung Galaxy Z17,"Engineered for excellence, the Samsung Galaxy Z17 sets a new standard.

Key Features:
  - Long-lasting battery designed for all-day productivity.
  - Supports high-resolution audio for immersive sound.
  - Advanced connectivity options including WiFi 6 and Bluetooth 5.3.
  - Premium build quality with aerospace-grade materials.
  - Advanced cooling system for sustained performance.

Designed with the modern user in mind, it combines powerful performance with an intuitive interface.

Additional Details:
  - Slim and portable form factor for easy travel.
  - Long battery life for all-day usage.

Backed by a comprehensive warranty and dedicated support.",Electronics,Smartphones,Samsung,75.73,4.0,Original from products,4.0,4.0,1,1.0,11,2023-05-24,27.0,11.0,7.0,2.0,2.0,2.0,150.97,75.485,14.12,40.74,63.64,18.18,28.57,5.59,13.72
895004bb-bc48-4955-95ba-fcbc9c59fbe5,Elegant of silence,"Dive into the captivating world of Elegant of silence.

Key Features:
  - Award-winning author delivers another masterpiece.
  - Gripping narrative that keeps you turning pages.
  - Thought-provoking themes that resonate long after reading.
  - Comprehensive coverage of the subject matter.
  - Features a foreword by a leading expert in the field.
  - Meticulously researched and expertly presented.

Whether you are a longtime fan or new to the genre, this book will captivate you from the first page.

Already a bestseller in multiple countries.",Books,Fiction,McGraw-Hill,12.55,1.0,Original from products,1.0,1.0,1,1.0,12,2026-04-06,3.0,1.0,0.0,0.0,0.0,0.0,0.0,0.0,21.86,33.33,0.0,0.0,,0.0,0.0
dc662ed1-894e-45c3-906c-6ea223c74145,HP Air17 Smartphone,"The HP Air17 Smartphone delivers exceptional performance for all your needs.

Key Features:
  - Advanced connectivity options including WiFi 6 and Bluetooth 5.3.
  - Sleek, lightweight design for maximum portability.
  - Premium build quality with aerospace-grade materials.
  - Supports high-resolution audio for immersive sound.

Whether you are working from home, gaming, or streaming, this device is built to handle it all with ease.

Additional Details:
  - Slim and portable form factor for easy travel.
  - Long battery life for all-day usage.

Perfect for professionals and enthusiasts alike.",Electronics,Smartphones,HP,121.99,,No rating available,,,0,0.0,2,2025-03-01,3.0,1.0,2.0,0.0,0.0,0.0,0.0,0.0,13.57,33.33,200.0,0.0,0.0,0.0,0.0
2dbb93cb-25b0-4b5d-820d-3e8877237f50,LEGO Midnight Learning Set,"Unleash endless fun with the LEGO Midnight Learning Set.

Key Features:
  - Includes everything needed for immediate play.
  - Develops fine motor skills and hand-eye coordination.
  - Suitable for solo play or group activities.
  - Easy to learn, with endless replay value.

Trusted by parents and loved by children.",Toys & Games,Educational Toys,LEGO,30.99,,No rating available,,,0,0.0,1,2025-08-05,1.0,0.0,0.0,0.0,0.0,0.0,0.0,0.0,23.77,0.0,,,,0.0,
0de32150-ac3c-4928-889a-17f68f21d525,Legends #2: A Hands-On Approach,"Discover the story behind Legends #2: A Hands-On Approach.

Key Features:
  - Beautifully written with vivid prose and memorable characters.
  - Comprehensive coverage of the subject matter.
  - Gripping narrative that keeps you turning pages.
  - Includes exclusive content and illustrations.
  - Includes discussion questions for book clubs.
  - Meticulously researched and expertly presented.

Perfect for bedtime reading, book clubs, or casual enjoyment, this book offers something for everyone.

Additional Details:
  - Available in multiple formats for your reading preference.
  - Critically acclaimed with outstanding reader reviews.
  - Expertly crafted with attention to every detail.

Critically acclaimed and reader-approved.",Books,Comics,Penguin Books,4.85,3.0,Original from products,3.0,3.0,1,1.0,1,2024-12-13,0.0,0.0,0.0,0.0,0.0,0.0,0.0,0.0,7.98,,,,,,
c20e1516-a80c-46ef-8857-158e9e7a1a70,Nike Casual Menswear,"Make a statement with the Nike Casual Menswear.

Key Features:
  - Breathable material keeps you comfortable all day.
  - Moisture-wicking technology keeps you dry.
  - Four-way stretch fabric for unrestricted movement.
  - Tailored fit that flatters every body type.
  - Reinforced stitching for enhanced durability.
  - Versatile design transitions seamlessly from day to night.

From casual outings to formal occasions, this piece transitions effortlessly across settings.

A must-have addition to any wardrobe.",Clothing & Accessories,Menswear,Nike,59.73,4.0,Original from products,4.0,4.0,1,1.0,1,2024-04-23,44.0,8.0,7.0,1.0,1.0,1.0,61.47,61.47,21.58,18.18,87.5,12.5,14.29,1.4,7.68
af3bccbc-763f-4162-a178-bf20bfaeccba,Kraft Beverage Variety Pack,"Savor the rich flavors of the Kraft Beverage Variety Pack.

Key Features:
  - No artificial preservatives or additives.
  - Hand-selected for superior quality.
  - Expertly crafted using traditional methods.
  - Ethically sourced and sustainably produced.

From our family to yours.",Grocery & Gourmet,Beverages,Kraft,5.7,4.0,Original from products,4.0,4.0,4,4.0,15,2025-05-05,182.0,72.0,42.0,7.0,7.0,18.0,104.46000000000001,5.7700000000000005,19.64,39.56,58.33,9.72,16.67,0.57,1.45
9f4d0e2d-1af4-408d-95ff-f5f2c3dea6ef,Apple Galaxy11 Smartphone,"Engineered for excellence, the Apple Galaxy11 Smartphone sets a new standard.

Key Features:
  - Advanced cooling system for sustained performance.
  - Supports high-resolution audio for immersive sound.
  - Equipped with the latest processor for seamless multitasking.
  - Intuitive user interface with customizable settings.

Designed with the modern user in mind, it combines powerful performance with an intuitive interface.

Additional Details:
  - Slim and portable form factor for easy travel.
  - Long battery life for all-day usage.
  - High-resolution display with vivid color reproduction.

Backed by a comprehensive warranty and dedicated support.",Electronics,Smartphones,Apple,352.34,,No rating available,,,0,0.0,3,2025-11-08,0.0,3.0,0.0,0.0,0.0,0.0,0.0,0.0,5.16,,0.0,0.0,,,0.0
21465c5c-b5d6-41c7-b552-d89cb8f6b77a,The zenith's zenith,"Discover the story behind The zenith's zenith.

Key Features:
  - Features a foreword by a leading expert in the field.
  - Perfect for book clubs and group discussions.
  - Meticulously researched and expertly presented.
  - Thought-provoking themes that resonate long after reading.
  - Gripping narrative that keeps you turning pages.

Perfect for bedtime reading, book clubs, or casual enjoyment, this book offers something for everyone.

Additional Details:
  - Available in multiple formats for your reading preference.
  - Expertly crafted with attention to every detail.
  - Critically acclaimed with outstanding reader reviews.

Order your copy today and start reading.",Books,Fiction,Simon & Schuster,11.02,,No rating available,,,0,0.0,366,2023-08-11,1.0,0.0,0.0,0.0,0.0,0.0,0.0,0.0,22.82,0.0,,,,0.0,
3a54d223-2e18-4960-b91a-e4a68ae293fc,Maybelline Haircare Conditioner,"The Maybelline Haircare Conditioner is your new essential for radiant skin.

Key Features:
  - Suitable for sensitive skin.
  - Free from parabens, sulfates, and phthalates.
  - Clinically proven results with regular use.
  - Formulated with natural ingredients for gentle care.
  - Hydrating formula restores natural moisture balance.

Additional Details:
  - Shelf life: {shelf_life}m
  - Volume: {volume_ml}ml

Part of our commitment to clean beauty.",Beauty & Personal Care,Haircare,Maybelline,21.42,4.0,Original from products,4.0,4.0,1,1.0,1,2025-12-23,21.0,12.0,8.0,2.0,2.0,2.0,42.900000000000006,21.450000000000003,17.52,57.14,66.67,16.67,25.0,2.04,3.58
48824001-8422-4fb7-a988-a9d8447e81f3,Lenovo Air16 DSLR,"Upgrade your setup with the powerful Lenovo Air16 DSLR.

Key Features:
  - Equipped with the latest processor for seamless multitasking.
  - Advanced cooling system for sustained performance.
  - Long-lasting battery designed for all-day productivity.
  - Premium build quality with aerospace-grade materials.
  - Features a high-resolution display with vivid color accuracy.

Whether you are working from home, gaming, or streaming, this device is built to handle it all with ease.

Additional Details:
  - Long battery life for all-day usage.
  - High-resolution display with vivid color reproduction.

Elevate your daily experience with this premium device.",Electronics,Cameras,Lenovo,572.66,,No rating available,,,0,0.0,1,2025-06-25,3.0,0.0,3.0,0.0,0.0,0.0,0.0,0.0,9.99,0.0,,,0.0,0.0,
0d667e6c-ae9c-441e-b61a-5e454093bcd9,Yoga: Advanced Concepts Explained,"Dive into the captivating world of Yoga: Advanced Concepts Explained.

Key Features:
  - Includes discussion questions for book clubs.
  - Features a foreword by a leading expert in the field.
  - Comprehensive coverage of the subject matter.
  - Thought-provoking themes that resonate long after reading.

Perfect for bedtime reading, book clubs, or casual enjoyment, this book offers something for everyone.

A must-read for fans of the genre.",Books,Educational,Penguin Books,12.19,4.0,Original from products,4.0,4.0,1,1.0,2,2023-04-18,0.0,0.0,0.0,0.0,0.0,0.0,0.0,0.0,0.0,,,,,,
ca57c0e0-2846-47a3-83eb-6b1f5542361f,Mattel Max Action Figure,"The Mattel Max Action Figure sparks creativity and imagination.

Key Features:
  - Award-winning design loved by kids and parents.
  - Safe, non-toxic materials certified for children.
  - Expandable with additional sets and accessories.
  - Develops fine motor skills and hand-eye coordination.
  - Encourages creative thinking and problem-solving skills.

Additional Details:
  - Recommended age: {age_range}+
  - Players: {player_count}
  - Box dimensions: {dim_cm} cm

Winner of multiple toy awards.",Toys & Games,Action Figures,Mattel,52.57,,No rating available,,,0,0.0,1,2026-03-13,2.0,1.0,2.0,0.0,0.0,0.0,0.0,0.0,14.11,50.0,200.0,0.0,0.0,0.0,0.0
d77c697a-8713-4896-acf7-4908ea02a4af,Apple Elite Over-Ear Headphones,"Upgrade your setup with the powerful Apple Elite Over-Ear Headphones.

Key Features:
  - Long-lasting battery designed for all-day productivity.
  - Equipped with the latest processor for seamless multitasking.
  - Supports high-resolution audio for immersive sound.
  - Enhanced security features including biometric authentication.
  - Sleek, lightweight design for maximum portability.
  - Features a high-resolution display with vivid color accuracy.

Designed with the modern user in mind, it combines powerful performance with an intuitive interface.

Order today and experience the difference.",Electronics,Headphones,Apple,154.16,,No rating available,,,0,0.0,1,2023-08-13,4.0,1.0,0.0,0.0,0.0,0.0,0.0,0.0,15.89,25.0,0.0,0.0,,0.0,0.0
4002658b-d144-4603-8452-7e18942e4e74,Modern of stars,"Discover the story behind Modern of stars.

Key Features:
  - Includes discussion questions for book clubs.
  - Includes exclusive content and illustrations.
  - Meticulously researched and expertly presented.
  - Features a foreword by a leading expert in the field.
  - Thought-provoking themes that resonate long after reading.
  - Perfect for book clubs and group discussions.

Whether you are a longtime fan or new to the genre, this book will captivate you from the first page.

Order your copy today and start reading.",Books,Fiction,Cambridge Press,17.23,4.0,Original from products,4.0,4.0,2,2.0,1,2025-01-19,1.0,3.0,2.0,1.0,1.0,1.0,17.49,17.49,6.2,300.0,66.67,33.33,50.0,17.49,5.83
ee5bfbb8-e261-4dd3-bec7-696e2aa69c4b,Nike Premium Menswear,"Elevate your wardrobe with the Nike Premium Menswear.

Key Features:
  - Tailored fit that flatters every body type.
  - Moisture-wicking technology keeps you dry.
  - Easy care fabric - machine washable.
  - Versatile design transitions seamlessly from day to night.
  - Premium {material} fabric for lasting comfort.

Crafted with attention to detail, it offers the perfect balance of style and practicality.

Join thousands of satisfied customers worldwide.",Clothing & Accessories,Menswear,Nike,36.5,4.1,Original from products,4.1,4.1,10,10.0,1,2023-06-11,365.0,146.0,78.0,12.0,12.0,20.0,745.3199999999999,36.885,19.16,40.0,53.42,8.22,15.38,2.04,5.1
e02fe3f7-3668-4375-b761-bd50a67f3b71,Wilson Pro3 Outdoor Recreation,"Take your performance to the next level with the Wilson Pro3 Outdoor Recreation.

Key Features:
  - Durable construction withstands the toughest conditions.
  - Reflective elements enhance visibility in low light.
  - Ventilated design for breathability.
  - Compression-molded for compact storage.
  - Lightweight design for effortless portability.
  - Reinforced stress points for long-lasting durability.

Performance you can rely on.",Sports & Outdoors,Outdoor Recreation,Wilson,91.47,4.0,Original from products,4.0,4.0,1,1.0,5,2023-09-02,64.0,26.0,20.0,2.0,2.0,2.0,185.2,92.6,22.39,40.62,76.92,7.69,10.0,2.89,7.12
3b701803-101d-4b4d-bc60-fb8310021feb,Apple Studio Sport Watch,"Experience cutting-edge technology with the Apple Studio Sport Watch.

Key Features:
  - Premium build quality with aerospace-grade materials.
  - Enhanced security features including biometric authentication.
  - Sleek, lightweight design for maximum portability.
  - Equipped with the latest processor for seamless multitasking.

Whether you are working from home, gaming, or streaming, this device is built to handle it all with ease.

Order today and experience the difference.",Electronics,Wearables,Apple,92.83,,No rating available,,,0,0.0,2,2025-03-12,21.0,5.0,6.0,0.0,0.0,0.0,0.0,0.0,20.68,23.81,120.0,0.0,0.0,0.0,0.0
4162fcbc-cae2-42c8-89ad-7e8ba8854f1c,Turtle Wax Synthetic Fluid,"The Turtle Wax Synthetic Fluid delivers professional-grade results.

Key Features:
  - Easy application with no special tools required.
  - Tested for quality and reliability.
  - Quick-drying formula saves time.
  - Long-lasting protection against the elements.
  - Professional-grade formula for superior results.

Your vehicle deserves the best care.",Automotive,Fluids,Turtle Wax,17.58,,No rating available,,,0,0.0,3,2025-04-27,7.0,4.0,1.0,0.0,0.0,0.0,0.0,0.0,11.07,57.14,25.0,0.0,0.0,0.0,0.0
dec11364-d0a9-4dff-8cca-4e0bb74013e1,"Nestle Gourmet Food - 14""","Elevate your culinary creations with Nestle Gourmet Food - 14"".

Key Features:
  - Premium quality guaranteed by our master artisans.
  - Perfect for gifting or everyday indulgence.
  - Versatile ingredient for countless recipes.
  - Rich, authentic flavor profile.
  - Sourced from the finest origins around the world.

Additional Details:
  - Shelf life: {shelf_life}m
  - Storage: {storage_type}

From our family to yours.",Grocery & Gourmet,Gourmet Foods,Nestle,5.81,,No rating available,,,0,0.0,1,2025-05-06,7.0,0.0,1.0,0.0,0.0,0.0,0.0,0.0,24.6,0.0,,,0.0,0.0,
9d1b3baf-2f39-4e48-9244-2ac7afda3ed6,Adidas Accessorie Set,"Make a statement with the Adidas Accessorie Set.

Key Features:
  - Breathable material keeps you comfortable all day.
  - Premium {material} fabric for lasting comfort.
  - Tailored fit that flatters every body type.
  - Moisture-wicking technology keeps you dry.
  - Reinforced stitching for enhanced durability.

From casual outings to formal occasions, this piece transitions effortlessly across settings.

Additional Details:
  - Available in multiple sizes for the perfect fit.
  - Premium fabric construction for lasting wear.
  - Designed for comfort with a tailored silhouette.

Join thousands of satisfied customers worldwide.",Clothing & Accessories,Accessories,Adidas,37.16,,No rating available,,,0,0.0,2,2024-03-03,5.0,7.0,2.0,0.0,0.0,0.0,0.0,0.0,8.01,140.0,28.57,0.0,0.0,0.0,0.0
2068100b-794f-4e1b-8f91-6eaade53c5ff,H&M Core Tote Bag,"The H&M Core Tote Bag combines style with everyday comfort.

Key Features:
  - Tailored fit that flatters every body type.
  - Moisture-wicking technology keeps you dry.
  - Classic design that never goes out of style.
  - Eco-friendly materials sourced sustainably.
  - Reinforced stitching for enhanced durability.
  - Premium {material} fabric for lasting comfort.

Crafted with attention to detail, it offers the perfect balance of style and practicality.

Available in multiple colors to suit your style.",Clothing & Accessories,Bags,H&M,30.66,2.0,Original from products,2.0,2.0,1,1.0,1,2025-10-19,13.0,3.0,1.0,0.0,0.0,0.0,0.0,0.0,20.02,23.08,33.33,0.0,0.0,0.0,0.0
c1ab2206-9b50-4aaa-9446-f322d0976ea6,The Data Structures: A Comprehensive Guide,"Discover the story behind The Data Structures: A Comprehensive Guide.

Key Features:
  - Features a foreword by a leading expert in the field.
  - Comprehensive coverage of the subject matter.
  - Perfect for book clubs and group discussions.
  - Meticulously researched and expertly presented.
  - Includes discussion questions for book clubs.
  - Includes exclusive content and illustrations.

Perfect for bedtime reading, book clubs, or casual enjoyment, this book offers something for everyone.

Additional Details:
  - Available in multiple formats for your reading preference.
  - A substantial read that delivers incredible value.

Already a bestseller in multiple countries.",Books,Non-Fiction,Simon & Schuster,19.97,3.9,Original from products,3.9,3.9285714285714284,28,28.0,5000,2023-03-03,1954.0,734.0,467.0,43.0,43.0,84.0,1669.2,19.93232558139535,18.15,37.56,63.62,5.86,9.21,0.85,2.27
3a90919f-9c1f-4717-9d32-44ae17fba3e5,L'Oreal Skincare Cream,"Transform your daily routine with the L'Oreal Skincare Cream.

Key Features:
  - Dermatologist-tested and suitable for all skin types.
  - Clinically proven results with regular use.
  - Antioxidant-rich formula protects against environmental damage.
  - Hydrating formula restores natural moisture balance.
  - Delicate fragrance that lingers throughout the day.

Part of our commitment to clean beauty.",Beauty & Personal Care,Skincare,L'Oreal,45.09,2.0,Original from products,2.0,2.0,1,1.0,1,2025-12-01,15.0,4.0,4.0,0.0,0.0,0.0,0.0,0.0,20.49,26.67,100.0,0.0,0.0,0.0,0.0
d8a40add-ed82-4c07-9a63-f43e59e8a63d,KitchenAid Furniture - Brown,"Designed to make your home more beautiful and functional.

Key Features:
  - Elegant finish adds a touch of sophistication.
  - Temperature resistant up to {temp_c} degrees.
  - Easy to clean and maintain for everyday use.
  - Versatile design complements any decor style.
  - Dishwasher safe for effortless cleaning.
  - Space-saving design fits perfectly in any room.

Whether you are redecorating or just looking for that perfect finishing touch, this piece fits beautifully.

Additional Details:
  - Dimensions: perfectly sized for your space.
  - Easy to clean and maintain.

Make every day extraordinary.",Home & Kitchen,Furniture,KitchenAid,23.86,,No rating available,,,0,0.0,1,2024-01-13,19.0,12.0,5.0,0.0,0.0,0.0,0.0,0.0,14.18,63.16,41.67,0.0,0.0,0.0,0.0
55f70a74-e414-4d24-aa76-b6da8543dac6,Samsung Pro12 Smartphone,"Upgrade your setup with the powerful Samsung Pro12 Smartphone.

Key Features:
  - Features a high-resolution display with vivid color accuracy.
  - Sleek, lightweight design for maximum portability.
  - Advanced connectivity options including WiFi 6 and Bluetooth 5.3.
  - Premium build quality with aerospace-grade materials.
  - Equipped with the latest processor for seamless multitasking.
  - Supports high-resolution audio for immersive sound.

Designed with the modern user in mind, it combines powerful performance with an intuitive interface.

Elevate your daily experience with this premium device.",Electronics,Smartphones,Samsung,89.74,3.7,Original from products,3.7,3.6666666666666665,3,3.0,1,2025-02-12,15.0,8.0,5.0,1.0,1.0,1.0,89.16,89.16,27.13,53.33,62.5,12.5,20.0,5.94,11.14
6c02f0ce-2183-4d32-a907-bb033c961fe9,Apple Galaxy5 Pro 5G,"The Apple Galaxy5 Pro 5G delivers exceptional performance for all your needs.

Key Features:
  - Long-lasting battery designed for all-day productivity.
  - Features a high-resolution display with vivid color accuracy.
  - Advanced connectivity options including WiFi 6 and Bluetooth 5.3.
  - Sleek, lightweight design for maximum portability.

Whether you are working from home, gaming, or streaming, this device is built to handle it all with ease.

Backed by a comprehensive warranty and dedicated support.",Electronics,Smartphones,Apple,54.89,5.0,Original from products,5.0,5.0,1,1.0,1,2026-02-03,40.0,14.0,6.0,0.0,0.0,0.0,0.0,0.0,21.69,35.0,42.86,0.0,0.0,0.0,0.0
c6e6f549-6d3f-41a8-aad5-d0e89af54109,Post-it Compact Office Furniture,"Stay organized and productive with the Post-it Compact Office Furniture.

Key Features:
  - Streamlines your workflow for maximum efficiency.
  - Smooth, quiet operation for focused work.
  - Adjustable settings for personalized comfort.
  - Ergonomic design reduces strain during extended use.
  - Premium materials ensure long-lasting performance.
  - Eco-friendly materials and packaging.

Designed for the way you work.",Office Products,Office Furniture,Post-it,67.62,4.0,Original from products,4.0,4.0,7,7.0,3,2023-11-15,199.0,70.0,46.0,7.0,7.0,8.0,543.1899999999999,68.42142857142856,17.71,35.18,65.71,10.0,15.22,2.73,7.76
f0b36601-80d9-4301-bef6-04280874390d,KitchenAid Ultra-Soft Bedding,"The KitchenAid Ultra-Soft Bedding brings both style and function to your space.

Key Features:
  - Crafted from premium {material} for lasting quality.
  - Space-saving design fits perfectly in any room.
  - Stackable design for efficient storage.
  - Easy to clean and maintain for everyday use.

Designed to enhance your living space while providing practical everyday functionality.

Additional Details:
  - Available in a variety of finishes.
  - Dimensions: perfectly sized for your space.
  - Premium materials for lasting quality.

Make every day extraordinary.",Home & Kitchen,Bedding,KitchenAid,54.86,,No rating available,,,0,0.0,1,2024-05-27,5.0,4.0,0.0,0.0,0.0,0.0,0.0,0.0,13.51,80.0,0.0,0.0,,0.0,0.0
dd43ead1-95e9-4d9b-bb57-e4fa75e92dcd,Nestle Non-GMO Organic Food,"Indulge in the exquisite taste of Nestle Non-GMO Organic Food.

Key Features:
  - Ethically sourced and sustainably produced.
  - Expertly crafted using traditional methods.
  - No artificial preservatives or additives.
  - Hand-selected for superior quality.

Additional Details:
  - Shelf life: {shelf_life}m
  - Storage: {storage_type}
  - Country of origin: {origin_country}

Perfect for sharing with loved ones.",Grocery & Gourmet,Organic Foods,Nestle,10.17,,No rating available,,,0,0.0,2,2025-10-29,1.0,2.0,1.0,0.0,0.0,0.0,0.0,0.0,11.44,200.0,50.0,0.0,0.0,0.0,0.0
8e7b93f6-32cc-413d-b73b-ad49a1db72d9,Leadership for Data Scientists,"Leadership for Data Scientists offers a fresh perspective on an important topic.

Key Features:
  - Award-winning author delivers another masterpiece.
  - Meticulously researched and expertly presented.
  - Comprehensive coverage of the subject matter.
  - Thought-provoking themes that resonate long after reading.

Perfect for bedtime reading, book clubs, or casual enjoyment, this book offers something for everyone.

Additional Details:
  - Critically acclaimed with outstanding reader reviews.
  - A substantial read that delivers incredible value.

A must-read for fans of the genre.",Books,Educational,Penguin Books,7.16,,No rating available,,,0,0.0,10,2025-12-14,0.0,0.0,0.0,0.0,0.0,0.0,0.0,0.0,0.0,,,,,,
78a3b03e-9fc0-460e-aa1c-4cab94f70bcd,Kraft Snack Family Size,"Savor the rich flavors of the Kraft Snack Family Size.

Key Features:
  - Premium quality guaranteed by our master artisans.
  - Rich, authentic flavor profile.
  - No artificial preservatives or additives.
  - Versatile ingredient for countless recipes.
  - Sourced from the finest origins around the world.
  - Hand-selected for superior quality.

Additional Details:
  - Storage: {storage_type}
  - Country of origin: {origin_country}
  - Shelf life: {shelf_life}m

Quality you can taste.",Grocery & Gourmet,Snacks,Kraft,8.0,,No rating available,,,0,0.0,2,2023-10-21,7.0,2.0,2.0,0.0,0.0,0.0,0.0,0.0,17.48,28.57,100.0,0.0,0.0,0.0,0.0
13b5dbf7-5500-44ed-836e-c71e63e5a8c5,Apple Pro5 Fitness Tracker,"Engineered for excellence, the Apple Pro5 Fitness Tracker sets a new standard.

Key Features:
  - Intuitive user interface with customizable settings.
  - Premium build quality with aerospace-grade materials.
  - Features a high-resolution display with vivid color accuracy.
  - Supports high-resolution audio for immersive sound.
  - Advanced connectivity options including WiFi 6 and Bluetooth 5.3.

Designed with the modern user in mind, it combines powerful performance with an intuitive interface.

Order today and experience the difference.",Electronics,Wearables,Apple,214.24,4.0,Original from products,4.0,4.0,1,1.0,1,2024-09-26,29.0,12.0,6.0,1.0,1.0,1.0,205.98,205.98,22.7,41.38,50.0,8.33,16.67,7.1,17.16
add69bd8-2f0b-48b2-b064-ded121df85d6,Sony Elite 1th Gen,"Experience cutting-edge technology with the Sony Elite 1th Gen.

Key Features:
  - Supports high-resolution audio for immersive sound.
  - Premium build quality with aerospace-grade materials.
  - Long-lasting battery designed for all-day productivity.
  - Equipped with the latest processor for seamless multitasking.

Whether you are working from home, gaming, or streaming, this device is built to handle it all with ease.

Elevate your daily experience with this premium device.",Electronics,Laptops,Sony,125.68,,No rating available,,,0,0.0,1,2024-02-20,2.0,0.0,0.0,0.0,0.0,0.0,0.0,0.0,10.15,0.0,,,,0.0,
011d5172-065b-470a-9627-c9740efea733,Nestle Organic Snack,"Indulge in the exquisite taste of Nestle Organic Snack.

Key Features:
  - Premium quality guaranteed by our master artisans.
  - Ethically sourced and sustainably produced.
  - No artificial preservatives or additives.
  - Versatile ingredient for countless recipes.
  - Hand-selected for superior quality.

Additional Details:
  - Shelf life: {shelf_life}m
  - Storage: {storage_type}
  - Net weight: {weight_g}g

A taste worth savoring.",Grocery & Gourmet,Snacks,Nestle,13.7,4.0,Original from products,4.0,4.0,2,2.0,1,2024-10-06,7.0,4.0,8.0,2.0,2.0,2.0,28.439999999999998,14.219999999999999,15.63,57.14,200.0,50.0,25.0,4.06,7.11
eb5e1d1d-8dff-4a1f-b019-87b266f12881,NOCO Car Care Kit,"Protect and enhance your vehicle with the NOCO Car Care Kit.

Key Features:
  - Quick-drying formula saves time.
  - Exceeds OEM specifications for quality and performance.
  - Non-abrasive and safe for all surfaces.
  - UV-resistant formula prevents fading and cracking.

Performance you can count on.",Automotive,Car Care,NOCO,176.55,4.0,Original from products,4.0,4.0,1,1.0,1,2024-04-17,103.0,37.0,33.0,3.0,3.0,6.0,1079.21,176.49666666666667,17.19,35.92,89.19,8.11,9.09,10.48,29.17
6dde328a-30a6-44be-9946-5b8ccc7448a1,Zara Womenswear in Olive,"The Zara Womenswear in Olive combines style with everyday comfort.

Key Features:
  - Easy care fabric - machine washable.
  - Breathable material keeps you comfortable all day.
  - Moisture-wicking technology keeps you dry.
  - Reinforced stitching for enhanced durability.
  - Versatile design transitions seamlessly from day to night.

Crafted with attention to detail, it offers the perfect balance of style and practicality.

Experience the perfect blend of style and comfort.",Clothing & Accessories,Womenswear,Zara,19.83,,No rating available,,,0,0.0,1,2023-01-07,7.0,4.0,3.0,0.0,0.0,0.0,0.0,0.0,15.16,57.14,75.0,0.0,0.0,0.0,0.0
38b30516-4eba-43d9-a44b-e372e609bc27,"KitchenAid 14"" Kitchenware Set","The KitchenAid 14"" Kitchenware Set brings both style and function to your space.

Key Features:
  - Easy to clean and maintain for everyday use.
  - Ergonomic design for comfortable use.
  - Dishwasher safe for effortless cleaning.
  - Elegant finish adds a touch of sophistication.
  - Temperature resistant up to {temp_c} degrees.

Whether you are redecorating or just looking for that perfect finishing touch, this piece fits beautifully.

Additional Details:
  - Easy to clean and maintain.
  - Available in a variety of finishes.

Backed by our satisfaction guarantee.",Home & Kitchen,Kitchenware,KitchenAid,23.16,,No rating available,,,0,0.0,1,2026-02-26,15.0,1.0,1.0,0.0,0.0,0.0,0.0,0.0,18.67,6.67,100.0,0.0,0.0,0.0,0.0
964b36d0-bc20-40bc-8e1b-930dca2a6b31,KitchenAid Smart Appliance,"The KitchenAid Smart Appliance brings both style and function to your space.

Key Features:
  - Dishwasher safe for effortless cleaning.
  - Elegant finish adds a touch of sophistication.
  - Temperature resistant up to {temp_c} degrees.
  - Space-saving design fits perfectly in any room.

Designed to enhance your living space while providing practical everyday functionality.

Additional Details:
  - Available in a variety of finishes.
  - Premium materials for lasting quality.
  - Dimensions: perfectly sized for your space.

Designed for real life, built to last.",Home & Kitchen,Appliances,KitchenAid,25.43,4.0,Original from products,4.0,4.0,2,2.0,1,2025-03-05,121.0,48.0,21.0,2.0,2.0,3.0,75.12,25.35,19.46,39.67,43.75,4.17,9.52,0.62,1.57
cd270804-0e72-4045-8c50-98197250bcb5,KitchenAid Appliance Pro,"The KitchenAid Appliance Pro brings both style and function to your space.

Key Features:
  - Space-saving design fits perfectly in any room.
  - Crafted from premium {material} for lasting quality.
  - Ergonomic design for comfortable use.
  - Elegant finish adds a touch of sophistication.

Designed to enhance your living space while providing practical everyday functionality.

Make every day extraordinary.",Home & Kitchen,Appliances,KitchenAid,127.83,,No rating available,,,0,0.0,36,2024-07-29,4.0,1.0,4.0,0.0,0.0,0.0,0.0,0.0,18.47,25.0,400.0,0.0,0.0,0.0,0.0
c20ac685-66b3-4efa-8241-dabf2b1f8e9c,Nike Accessorie - Navy,"The Nike Accessorie - Navy combines style with everyday comfort.

Key Features:
  - Classic design that never goes out of style.
  - Eco-friendly materials sourced sustainably.
  - Moisture-wicking technology keeps you dry.
  - Tailored fit that flatters every body type.
  - Breathable material keeps you comfortable all day.
  - Premium {material} fabric for lasting comfort.

Crafted with attention to detail, it offers the perfect balance of style and practicality.

A must-have addition to any wardrobe.",Clothing & Accessories,Accessories,Nike,65.42,,No rating available,,,0,0.0,4,2023-05-15,6.0,0.0,2.0,0.0,0.0,0.0,0.0,0.0,26.96,0.0,,,0.0,0.0,
285c6282-8ebb-430d-83b5-f811b66cc69d,Nestle Tangy Snack,"Elevate your culinary creations with Nestle Tangy Snack.

Key Features:
  - No artificial preservatives or additives.
  - Versatile ingredient for countless recipes.
  - Perfect for gifting or everyday indulgence.
  - Sourced from the finest origins around the world.
  - Expertly crafted using traditional methods.
  - Premium quality guaranteed by our master artisans.

Additional Details:
  - Shelf life: {shelf_life}m
  - Storage: {storage_type}

A taste worth savoring.",Grocery & Gourmet,Snacks,Nestle,7.48,5.0,Original from products,5.0,5.0,2,2.0,2,2023-03-30,49.0,27.0,10.0,2.0,2.0,3.0,22.61,7.495,16.7,55.1,37.04,7.41,20.0,0.46,0.84
6cfe1e01-5a7c-470a-a447-1938935f57e2,Tommy Hilfiger Opal Jewelry,"The Tommy Hilfiger Opal Jewelry combines style with everyday comfort.

Key Features:
  - Easy care fabric - machine washable.
  - Classic design that never goes out of style.
  - Breathable material keeps you comfortable all day.
  - Moisture-wicking technology keeps you dry.
  - Four-way stretch fabric for unrestricted movement.

Crafted with attention to detail, it offers the perfect balance of style and practicality.

Additional Details:
  - Easy care: machine washable for convenience.
  - Designed for comfort with a tailored silhouette.
  - Premium fabric construction for lasting wear.

Experience the perfect blend of style and comfort.",Clothing & Accessories,Jewelry,Tommy Hilfiger,35.78,,No rating available,,,0,0.0,2,2024-08-19,35.0,17.0,9.0,2.0,2.0,2.0,69.69,34.845,15.77,48.57,52.94,11.76,22.22,1.99,4.1
f0717c75-28ec-46b5-a124-5c69461b522c,Maybelline Bloom Eau de Toilette,"Reveal your natural beauty with the Maybelline Bloom Eau de Toilette.

Key Features:
  - Rich, luxurious texture that absorbs quickly.
  - Hydrating formula restores natural moisture balance.
  - Clinically proven results with regular use.
  - Cruelty-free and never tested on animals.

See the difference with every use.",Beauty & Personal Care,Fragrance,Maybelline,14.04,5.0,Original from products,5.0,5.0,1,1.0,3,2025-03-20,27.0,11.0,5.0,2.0,2.0,3.0,43.379999999999995,14.48,18.08,40.74,45.45,18.18,40.0,1.61,3.94
201d045f-2007-4b17-864f-2fc59f08fc2e,Apple Series1 Pro 5G,"The Apple Series1 Pro 5G delivers exceptional performance for all your needs.

Key Features:
  - Supports high-resolution audio for immersive sound.
  - Premium build quality with aerospace-grade materials.
  - Enhanced security features including biometric authentication.
  - Advanced cooling system for sustained performance.
  - Long-lasting battery designed for all-day productivity.
  - Equipped with the latest processor for seamless multitasking.

Whether you are working from home, gaming, or streaming, this device is built to handle it all with ease.

Elevate your daily experience with this premium device.",Electronics,Smartphones,Apple,279.68,5.0,Original from products,5.0,5.0,1,1.0,3,2023-11-21,9.0,4.0,7.0,2.0,2.0,2.0,560.8699999999999,280.43499999999995,14.48,44.44,175.0,50.0,28.57,62.32,140.22
593b5a60-ad0f-43fa-b1e7-8a97f23a6475,Samsung Book1 Instant Camera,"Upgrade your setup with the powerful Samsung Book1 Instant Camera.

Key Features:
  - Sleek, lightweight design for maximum portability.
  - Enhanced security features including biometric authentication.
  - Advanced connectivity options including WiFi 6 and Bluetooth 5.3.
  - Premium build quality with aerospace-grade materials.

Whether you are working from home, gaming, or streaming, this device is built to handle it all with ease.

Additional Details:
  - Slim and portable form factor for easy travel.
  - Connectivity: USB-C, HDMI, WiFi 6, Bluetooth.

Order today and experience the difference.",Electronics,Cameras,Samsung,114.97,,No rating available,,,0,0.0,1,2025-07-17,23.0,13.0,6.0,0.0,0.0,0.0,0.0,0.0,18.17,56.52,46.15,0.0,0.0,0.0,0.0
85e2028b-6e87-49c8-85b7-254138a8eba2,Wilson Team Sport Set,"Engineered for peak performance in any condition.

Key Features:
  - Reflective elements enhance visibility in low light.
  - Ventilated design for breathability.
  - Weather-resistant materials keep you protected.
  - Quick-setup system saves time and hassle.
  - Ergonomic design reduces fatigue during extended use.

Performance you can rely on.",Sports & Outdoors,Team Sports,Wilson,47.05,,No rating available,,,0,0.0,1,2024-05-04,7.0,4.0,2.0,0.0,0.0,0.0,0.0,0.0,11.97,57.14,50.0,0.0,0.0,0.0,0.0
0cb668df-0eab-4992-9572-5072a1412725,Columbia Essential Womenswear,"The Columbia Essential Womenswear combines style with everyday comfort.

Key Features:
  - Eco-friendly materials sourced sustainably.
  - Versatile design transitions seamlessly from day to night.
  - Four-way stretch fabric for unrestricted movement.
  - Easy care fabric - machine washable.

From casual outings to formal occasions, this piece transitions effortlessly across settings.

Available in multiple colors to suit your style.",Clothing & Accessories,Womenswear,Columbia,50.43,,No rating available,,,0,0.0,2,2023-01-14,4.0,2.0,3.0,0.0,0.0,0.0,0.0,0.0,17.57,50.0,150.0,0.0,0.0,0.0,0.0
dbe68f3f-99a8-4ef2-a103-908a6fca244d,Wilson Fitness Equipment Pro,"Engineered for peak performance in any condition.

Key Features:
  - Ventilated design for breathability.
  - Durable construction withstands the toughest conditions.
  - Ergonomic design reduces fatigue during extended use.
  - Compression-molded for compact storage.
  - Adjustable features for customized fit.
  - Reflective elements enhance visibility in low light.

Additional Details:
  - Material: {material_quality} {material}
  - Weight: {weight_g}g
  - Capacity: {capacity_l}L

Ready for wherever your journey takes you.",Sports & Outdoors,Fitness Equipment,Wilson,49.13,3.9,Original from products,3.9,3.918918918918919,37,37.0,4,2024-10-31,1264.0,511.0,300.0,55.0,55.0,71.0,3471.85,48.935272727272725,17.11,40.43,58.71,10.76,18.33,2.75,6.79
de2f1a6b-aeef-4893-a3b0-9c892c8424b3,LG Pixel13 Wireless Headphones,"Engineered for excellence, the LG Pixel13 Wireless Headphones sets a new standard.

Key Features:
  - Premium build quality with aerospace-grade materials.
  - Equipped with the latest processor for seamless multitasking.
  - Long-lasting battery designed for all-day productivity.
  - Sleek, lightweight design for maximum portability.

Designed with the modern user in mind, it combines powerful performance with an intuitive interface.

Elevate your daily experience with this premium device.",Electronics,Headphones,LG,127.25,,No rating available,,,0,0.0,1,2023-08-14,5.0,3.0,1.0,0.0,0.0,0.0,0.0,0.0,29.71,60.0,33.33,0.0,0.0,0.0,0.0
9909eb41-e124-44a6-8a4a-537194cbcaf0,Turtle Wax Premium Car Accessorie,"Keep your vehicle running at its best with Turtle Wax Premium Car Accessorie.

Key Features:
  - Tested for quality and reliability.
  - Professional-grade formula for superior results.
  - Compatible with all major vehicle makes and models.
  - Long-lasting protection against the elements.

Additional Details:
  - Compatibility: {compat_info}
  - Volume: {volume_ml}ml

Trusted by mechanics and enthusiasts worldwide.",Automotive,Car Accessories,Turtle Wax,35.26,,No rating available,,,0,0.0,1,2023-01-19,29.0,11.0,4.0,1.0,1.0,1.0,34.73,34.73,14.21,37.93,36.36,9.09,25.0,1.2,3.16
c2a06d28-ff18-4026-b93f-2f76b2672382,"L'Oreal Skincare - 17""","Transform your daily routine with the L'Oreal Skincare - 17"".

Key Features:
  - Free from parabens, sulfates, and phthalates.
  - Dermatologist-tested and suitable for all skin types.
  - Rich, luxurious texture that absorbs quickly.
  - Formulated with natural ingredients for gentle care.
  - Hydrating formula restores natural moisture balance.
  - Delicate fragrance that lingers throughout the day.

Your skin deserves the best.",Beauty & Personal Care,Skincare,L'Oreal,34.07,5.0,Original from products,5.0,5.0,1,1.0,1,2023-06-12,107.0,33.0,20.0,4.0,4.0,4.0,136.13,34.0325,19.3,30.84,60.61,12.12,20.0,1.27,4.13
7b32ddb0-3ecc-4e67-a448-e9e9311f6379,Nestle Snack Variety Pack,"Savor the rich flavors of the Nestle Snack Variety Pack.

Key Features:
  - Rich, authentic flavor profile.
  - Premium quality guaranteed by our master artisans.
  - Perfect for gifting or everyday indulgence.
  - Freshness sealed for optimal taste.
  - Expertly crafted using traditional methods.
  - Sourced from the finest origins around the world.

From our family to yours.",Grocery & Gourmet,Snacks,Nestle,18.22,3.5,Original from products,3.5,3.5,2,2.0,1,2023-12-21,69.0,15.0,13.0,2.0,2.0,5.0,89.93,18.125,18.58,21.74,86.67,13.33,15.38,1.3,6.0
cf301c21-300a-451e-ae20-31f93b065422,Apple Accessorie Charger,"The Apple Accessorie Charger delivers exceptional performance for all your needs.

Key Features:
  - Features a high-resolution display with vivid color accuracy.
  - Advanced connectivity options including WiFi 6 and Bluetooth 5.3.
  - Long-lasting battery designed for all-day productivity.
  - Supports high-resolution audio for immersive sound.
  - Equipped with the latest processor for seamless multitasking.

Designed with the modern user in mind, it combines powerful performance with an intuitive interface.

Order today and experience the difference.",Electronics,Accessories,Apple,225.99,2.0,Original from products,2.0,2.0,1,1.0,1,2024-10-04,100.0,35.0,20.0,1.0,1.0,1.0,222.11,222.11,18.94,35.0,57.14,2.86,5.0,2.22,6.35
1660a6f2-7ef5-4f47-a4aa-e917f41e014e,Tommy Hilfiger Womenswear Dress,"Make a statement with the Tommy Hilfiger Womenswear Dress.

Key Features:
  - Moisture-wicking technology keeps you dry.
  - Reinforced stitching for enhanced durability.
  - Tailored fit that flatters every body type.
  - Easy care fabric - machine washable.
  - Premium {material} fabric for lasting comfort.

From casual outings to formal occasions, this piece transitions effortlessly across settings.

Additional Details:
  - Easy care: machine washable for convenience.
  - Available in multiple sizes for the perfect fit.
  - Premium fabric construction for lasting wear.

A must-have addition to any wardrobe.",Clothing & Accessories,Womenswear,Tommy Hilfiger,56.68,3.8,Original from products,3.8,3.75,16,16.0,1,2026-05-19,1461.0,587.0,359.0,37.0,37.0,44.0,2503.33,56.93648648648649,17.74,40.18,61.16,6.3,10.31,1.71,4.26
bdd95c9d-a410-4b6d-84cc-1bc90cae699c,Cuisinart Denim Kitchenware,"The Cuisinart Denim Kitchenware brings both style and function to your space.

Key Features:
  - Dishwasher safe for effortless cleaning.
  - Temperature resistant up to {temp_c} degrees.
  - Ergonomic design for comfortable use.
  - Easy to clean and maintain for everyday use.
  - Elegant finish adds a touch of sophistication.
  - Stackable design for efficient storage.

Designed to enhance your living space while providing practical everyday functionality.

Additional Details:
  - Dimensions: perfectly sized for your space.
  - Premium materials for lasting quality.

The perfect addition to any modern home.",Home & Kitchen,Kitchenware,Cuisinart,39.52,,No rating available,,,0,0.0,1,2023-09-30,69.0,35.0,16.0,1.0,1.0,1.0,41.28,41.28,18.06,50.72,45.71,2.86,6.25,0.6,1.18
03c79966-c80d-47a2-bcc6-b1f85c706c69,Psychology,"Dive into the captivating world of Psychology.

Key Features:
  - Includes exclusive content and illustrations.
  - Award-winning author delivers another masterpiece.
  - Perfect for book clubs and group discussions.
  - Includes discussion questions for book clubs.

Perfect for bedtime reading, book clubs, or casual enjoyment, this book offers something for everyone.

Additional Details:
  - Expertly crafted with attention to every detail.
  - Available in multiple formats for your reading preference.
  - Critically acclaimed with outstanding reader reviews.

Order your copy today and start reading.",Books,Non-Fiction,Random House,9.83,1.0,Original from products,1.0,1.0,1,1.0,1,2023-03-13,0.0,0.0,0.0,0.0,0.0,0.0,0.0,0.0,0.0,,,,,,
fa154827-8602-4668-8cc5-11d7cc80b637,Levi's Edge1 Messenger Bag,"Elevate your wardrobe with the Levi's Edge1 Messenger Bag.

Key Features:
  - Eco-friendly materials sourced sustainably.
  - Premium {material} fabric for lasting comfort.
  - Breathable material keeps you comfortable all day.
  - Versatile design transitions seamlessly from day to night.
  - Easy care fabric - machine washable.

From casual outings to formal occasions, this piece transitions effortlessly across settings.

Additional Details:
  - Available in multiple sizes for the perfect fit.
  - Designed for comfort with a tailored silhouette.
  - Easy care: machine washable for convenience.

A must-have addition to any wardrobe.",Clothing & Accessories,Bags,Levi's,51.82,,No rating available,,,0,0.0,1,2023-08-27,1.0,0.0,2.0,0.0,0.0,0.0,0.0,0.0,31.23,0.0,,,0.0,0.0,
f703fbf2-003d-4b96-86b5-009ad9972951,Lenovo Elite Action Cam,"Upgrade your setup with the powerful Lenovo Elite Action Cam.

Key Features:
  - Enhanced security features including biometric authentication.
  - Equipped with the latest processor for seamless multitasking.
  - Long-lasting battery designed for all-day productivity.
  - Intuitive user interface with customizable settings.

Whether you are working from home, gaming, or streaming, this device is built to handle it all with ease.

Perfect for professionals and enthusiasts alike.",Electronics,Cameras,Lenovo,169.1,5.0,Original from products,5.0,5.0,1,1.0,1,2024-02-03,5.0,0.0,0.0,0.0,0.0,0.0,0.0,0.0,15.78,0.0,,,,0.0,
8813a3eb-a037-4b09-a2b9-754cea431c6b,Cuisinart Minimalist Lighting,"Elevate your everyday living with the Cuisinart Minimalist Lighting.

Key Features:
  - Dishwasher safe for effortless cleaning.
  - Easy to clean and maintain for everyday use.
  - Crafted from premium {material} for lasting quality.
  - Stackable design for efficient storage.

Designed to enhance your living space while providing practical everyday functionality.

Backed by our satisfaction guarantee.",Home & Kitchen,Lighting,Cuisinart,17.85,5.0,Original from products,5.0,5.0,1,1.0,1,2023-09-13,32.0,13.0,7.0,1.0,1.0,1.0,18.29,18.29,24.39,40.62,53.85,7.69,14.29,0.57,1.41
e3b82e7a-4dc2-4079-a860-de254774c039,Adidas Womenswear in Slate,"The Adidas Womenswear in Slate combines style with everyday comfort.

Key Features:
  - Four-way stretch fabric for unrestricted movement.
  - Versatile design transitions seamlessly from day to night.
  - Premium {material} fabric for lasting comfort.
  - Easy care fabric - machine washable.
  - Eco-friendly materials sourced sustainably.

Crafted with attention to detail, it offers the perfect balance of style and practicality.

Join thousands of satisfied customers worldwide.",Clothing & Accessories,Womenswear,Adidas,28.75,,No rating available,,,0,0.0,10,2024-02-05,16.0,8.0,3.0,0.0,0.0,0.0,0.0,0.0,15.44,50.0,37.5,0.0,0.0,0.0,0.0
92c96118-659a-4c92-9288-d259616dd690,Pyrex Premium Furniture,"The Pyrex Premium Furniture brings both style and function to your space.

Key Features:
  - Dishwasher safe for effortless cleaning.
  - Stackable design for efficient storage.
  - Temperature resistant up to {temp_c} degrees.
  - Versatile design complements any decor style.
  - Space-saving design fits perfectly in any room.
  - Built to withstand daily use with durable construction.

Whether you are redecorating or just looking for that perfect finishing touch, this piece fits beautifully.

Make every day extraordinary.",Home & Kitchen,Furniture,Pyrex,42.64,4.5,Original from products,4.5,4.5,2,2.0,1,2026-04-23,9.0,1.0,1.0,1.0,1.0,1.0,44.07,44.07,18.53,11.11,100.0,100.0,100.0,4.9,44.07
1285f796-396a-46b3-8285-0a8ca4f3dfa5,Nike Ultra Casual Sneakers,"Make a statement with the Nike Ultra Casual Sneakers.

Key Features:
  - Breathable material keeps you comfortable all day.
  - Four-way stretch fabric for unrestricted movement.
  - Classic design that never goes out of style.
  - Reinforced stitching for enhanced durability.
  - Tailored fit that flatters every body type.

From casual outings to formal occasions, this piece transitions effortlessly across settings.

Experience the perfect blend of style and comfort.",Clothing & Accessories,Footwear,Nike,25.77,4.0,Original from products,4.0,4.0,1,1.0,1,2024-04-18,46.0,10.0,12.0,2.0,2.0,3.0,78.51,26.240000000000002,20.53,21.74,120.0,20.0,16.67,1.71,7.85
22784f96-50da-45a7-8a60-dc9d2069f350,Ralph Lauren Premium Womenswear,"Make a statement with the Ralph Lauren Premium Womenswear.

Key Features:
  - Reinforced stitching for enhanced durability.
  - Eco-friendly materials sourced sustainably.
  - Versatile design transitions seamlessly from day to night.
  - Tailored fit that flatters every body type.

From casual outings to formal occasions, this piece transitions effortlessly across settings.

A must-have addition to any wardrobe.",Clothing & Accessories,Womenswear,Ralph Lauren,85.15,,No rating available,,,0,0.0,2,2025-03-02,30.0,9.0,6.0,0.0,0.0,0.0,0.0,0.0,17.67,30.0,66.67,0.0,0.0,0.0,0.0
457f0c3f-7928-45c9-b050-bb57f0b9948c,Wilson Air13 Outdoor Recreation,"Take your performance to the next level with the Wilson Air13 Outdoor Recreation.

Key Features:
  - Weather-resistant materials keep you protected.
  - Ventilated design for breathability.
  - Durable construction withstands the toughest conditions.
  - Reinforced stress points for long-lasting durability.
  - Ergonomic design reduces fatigue during extended use.

Additional Details:
  - Capacity: {capacity_l}L
  - Dimensions: {dim_cm} cm
  - Material: {material_quality} {material}

Performance you can rely on.",Sports & Outdoors,Outdoor Recreation,Wilson,73.35,,No rating available,,,0,0.0,2,2025-05-03,4.0,1.0,1.0,1.0,1.0,1.0,74.17,74.17,18.35,25.0,100.0,100.0,100.0,18.54,74.17
e8d36c32-3f6c-416e-9c0a-98879c5a42a0,KitchenAid Modern Lighting,"Elevate your everyday living with the KitchenAid Modern Lighting.

Key Features:
  - Space-saving design fits perfectly in any room.
  - Elegant finish adds a touch of sophistication.
  - Versatile design complements any decor style.
  - Ergonomic design for comfortable use.
  - Easy to clean and maintain for everyday use.

Whether you are redecorating or just looking for that perfect finishing touch, this piece fits beautifully.

Make every day extraordinary.",Home & Kitchen,Lighting,KitchenAid,109.86,,No rating available,,,0,0.0,1,2023-06-12,8.0,3.0,1.0,0.0,0.0,0.0,0.0,0.0,27.4,37.5,33.33,0.0,0.0,0.0,0.0
f79ec086-000a-445c-90a4-36f60ee14283,Instant Pot Silk Home Decor,"Designed to make your home more beautiful and functional.

Key Features:
  - Dishwasher safe for effortless cleaning.
  - Space-saving design fits perfectly in any room.
  - Built to withstand daily use with durable construction.
  - Ergonomic design for comfortable use.

Whether you are redecorating or just looking for that perfect finishing touch, this piece fits beautifully.

Additional Details:
  - Premium materials for lasting quality.
  - Available in a variety of finishes.

The perfect addition to any modern home.",Home & Kitchen,Home Decor,Instant Pot,53.4,,No rating available,,,0,0.0,1,2023-11-05,6.0,4.0,0.0,0.0,0.0,0.0,0.0,0.0,15.98,66.67,0.0,0.0,,0.0,0.0
8ac6ecce-76be-48bc-b4e0-ed8eb14cebe2,Odyssey - Volume 6,"Odyssey - Volume 6 offers a fresh perspective on an important topic.

Key Features:
  - Meticulously researched and expertly presented.
  - Features a foreword by a leading expert in the field.
  - Award-winning author delivers another masterpiece.
  - Comprehensive coverage of the subject matter.

Whether you are a longtime fan or new to the genre, this book will captivate you from the first page.

Additional Details:
  - Expertly crafted with attention to every detail.
  - A substantial read that delivers incredible value.
  - Available in multiple formats for your reading preference.

Critically acclaimed and reader-approved.",Books,Comics,Penguin Books,14.58,,No rating available,,,0,0.0,1,2024-06-02,1.0,0.0,0.0,0.0,0.0,0.0,0.0,0.0,13.66,0.0,,,,0.0,
862ad620-8c67-4aeb-b869-a8d95e16ee80,L'Oreal Haircare Shampoo,"Nourish and pamper yourself with the L'Oreal Haircare Shampoo.

Key Features:
  - Hydrating formula restores natural moisture balance.
  - Suitable for sensitive skin.
  - Dermatologist-tested and suitable for all skin types.
  - Formulated with natural ingredients for gentle care.
  - Clinically proven results with regular use.

Your skin deserves the best.",Beauty & Personal Care,Haircare,L'Oreal,13.14,,No rating available,,,0,0.0,8,2024-07-27,27.0,6.0,2.0,0.0,0.0,0.0,0.0,0.0,15.85,22.22,33.33,0.0,0.0,0.0,0.0
3a93bfbb-fabf-4085-b8bf-cd44a74ec4cc,KitchenAid Non-Stick Kitchenware,"Transform your home with the KitchenAid Non-Stick Kitchenware.

Key Features:
  - Ergonomic design for comfortable use.
  - Space-saving design fits perfectly in any room.
  - Easy to clean and maintain for everyday use.
  - Dishwasher safe for effortless cleaning.

Whether you are redecorating or just looking for that perfect finishing touch, this piece fits beautifully.

Make every day extraordinary.",Home & Kitchen,Kitchenware,KitchenAid,45.35,4.5,Original from products,4.5,4.5,2,2.0,1,2023-01-17,21.0,7.0,5.0,1.0,1.0,1.0,43.83,43.83,26.71,33.33,71.43,14.29,20.0,2.09,6.26
21bcf43e-2dd7-4f50-914b-f084c4b05ed6,The dynamic Yoga Handbook,"The dynamic Yoga Handbook offers a fresh perspective on an important topic.

Key Features:
  - Includes exclusive content and illustrations.
  - Beautifully written with vivid prose and memorable characters.
  - Award-winning author delivers another masterpiece.
  - Comprehensive coverage of the subject matter.
  - Includes discussion questions for book clubs.

Whether you are a longtime fan or new to the genre, this book will captivate you from the first page.

Already a bestseller in multiple countries.",Books,Educational,HarperCollins,14.09,,No rating available,,,0,0.0,1,2025-03-15,0.0,0.0,0.0,0.0,0.0,0.0,0.0,0.0,0.0,,,,,,
01fb4862-2311-407e-9294-aa0a4ac9a81d,Mobil Heavy-Duty Car Accessorie,"Engineered for peak automotive performance.

Key Features:
  - Tested for quality and reliability.
  - Long-lasting protection against the elements.
  - UV-resistant formula prevents fading and cracking.
  - Compatible with all major vehicle makes and models.
  - Professional-grade formula for superior results.

Performance you can count on.",Automotive,Car Accessories,Mobil,13.44,,No rating available,,,0,0.0,1,2024-01-10,2.0,2.0,0.0,0.0,0.0,0.0,0.0,0.0,14.24,100.0,0.0,0.0,,0.0,0.0
4890520e-e077-4212-b75c-57def8dd8cd7,The robust bear,"The robust bear offers a fresh perspective on an important topic.

Key Features:
  - Meticulously researched and expertly presented.
  - Perfect for book clubs and group discussions.
  - Thought-provoking themes that resonate long after reading.
  - Comprehensive coverage of the subject matter.

Perfect for bedtime reading, book clubs, or casual enjoyment, this book offers something for everyone.

Already a bestseller in multiple countries.",Books,Children's Books,Penguin Books,10.69,3.0,Original from products,3.0,3.0,1,1.0,1,2024-02-06,1.0,0.0,1.0,1.0,1.0,1.0,10.92,10.92,16.32,0.0,,,100.0,10.92,
202467d2-f1b2-490e-8a89-e013ad26d647,Nestle Snack Variety Pack,"Elevate your culinary creations with Nestle Snack Variety Pack.

Key Features:
  - Hand-selected for superior quality.
  - Versatile ingredient for countless recipes.
  - Sourced from the finest origins around the world.
  - Freshness sealed for optimal taste.
  - No artificial preservatives or additives.

From our family to yours.",Grocery & Gourmet,Snacks,Nestle,6.81,,No rating available,,,0,0.0,2,2025-01-21,11.0,3.0,2.0,0.0,0.0,0.0,0.0,0.0,21.85,27.27,66.67,0.0,0.0,0.0,0.0
132eb790-dc8b-4955-9ebd-d07c2c5d492c,LEGO Pro Deluxe Leo,"Bring joy to playtime with the LEGO Pro Deluxe Leo.

Key Features:
  - Award-winning design loved by kids and parents.
  - Expandable with additional sets and accessories.
  - STEM-focused learning through play.
  - Easy to learn, with endless replay value.
  - Safe, non-toxic materials certified for children.
  - Encourages creative thinking and problem-solving skills.

The perfect gift for any occasion.",Toys & Games,Action Figures,LEGO,32.04,,No rating available,,,0,0.0,1,2026-03-29,5.0,0.0,0.0,0.0,0.0,0.0,0.0,0.0,36.32,0.0,,,,0.0,
a94414bb-dd50-4b50-b7d1-08119d1921be,OnePlus Prime19 DSLR,"Upgrade your setup with the powerful OnePlus Prime19 DSLR.

Key Features:
  - Premium build quality with aerospace-grade materials.
  - Features a high-resolution display with vivid color accuracy.
  - Advanced connectivity options including WiFi 6 and Bluetooth 5.3.
  - Sleek, lightweight design for maximum portability.
  - Intuitive user interface with customizable settings.

Whether you are working from home, gaming, or streaming, this device is built to handle it all with ease.

Elevate your daily experience with this premium device.",Electronics,Cameras,OnePlus,207.18,3.5,Original from products,3.5,3.5,2,2.0,1,2025-12-14,32.0,11.0,7.0,3.0,3.0,3.0,608.5,202.83333333333334,18.77,34.38,63.64,27.27,42.86,19.02,55.32
f5231de7-3c41-4203-bccd-c96f36a3c1d3,KitchenAid Furniture Set,"The KitchenAid Furniture Set brings both style and function to your space.

Key Features:
  - Versatile design complements any decor style.
  - Dishwasher safe for effortless cleaning.
  - Stackable design for efficient storage.
  - Easy to clean and maintain for everyday use.

Whether you are redecorating or just looking for that perfect finishing touch, this piece fits beautifully.

Designed for real life, built to last.",Home & Kitchen,Furniture,KitchenAid,30.84,4.5,Original from products,4.5,4.5,2,2.0,14,2026-05-06,21.0,6.0,7.0,2.0,2.0,2.0,61.25,30.625,17.49,28.57,116.67,33.33,28.57,2.92,10.21
9f37c7b4-34bb-46db-ab34-4b6ad2884c5f,Head Max1 Fitness Equipment,"Take your performance to the next level with the Head Max1 Fitness Equipment.

Key Features:
  - Weather-resistant materials keep you protected.
  - Adjustable features for customized fit.
  - Reinforced stress points for long-lasting durability.
  - Quick-setup system saves time and hassle.
  - Durable construction withstands the toughest conditions.
  - Ergonomic design reduces fatigue during extended use.

Additional Details:
  - Weight: {weight_g}g
  - Material: {material_quality} {material}
  - Dimensions: {dim_cm} cm

Performance you can rely on.",Sports & Outdoors,Fitness Equipment,Head,72.87,,No rating available,,,0,0.0,10,2024-05-30,39.0,26.0,15.0,0.0,0.0,0.0,0.0,0.0,16.51,66.67,57.69,0.0,0.0,0.0,0.0
008e8cb5-c92c-4327-a7b7-4a3d4eadd099,Herman Miller Compact Printer,"The Herman Miller Compact Printer streamlines your workflow.

Key Features:
  - Adjustable settings for personalized comfort.
  - Streamlines your workflow for maximum efficiency.
  - Smooth, quiet operation for focused work.
  - Compatible with standard office supplies and accessories.

The smart choice for modern professionals.",Office Products,Printers,Herman Miller,17.93,,No rating available,,,0,0.0,2,2023-05-30,10.0,5.0,2.0,0.0,0.0,0.0,0.0,0.0,10.59,50.0,40.0,0.0,0.0,0.0,0.0
85d71fab-51dc-421e-bc9d-2082f15a6b5d,KitchenAid Bamboo Furniture,"Elevate your everyday living with the KitchenAid Bamboo Furniture.

Key Features:
  - Versatile design complements any decor style.
  - Ergonomic design for comfortable use.
  - Dishwasher safe for effortless cleaning.
  - Temperature resistant up to {temp_c} degrees.

Whether you are redecorating or just looking for that perfect finishing touch, this piece fits beautifully.

Additional Details:
  - Dimensions: perfectly sized for your space.
  - Easy to clean and maintain.

Backed by our satisfaction guarantee.",Home & Kitchen,Furniture,KitchenAid,6.97,,No rating available,,,0,0.0,10,2023-09-27,6.0,5.0,2.0,0.0,0.0,0.0,0.0,0.0,17.22,83.33,40.0,0.0,0.0,0.0,0.0
1f557280-639d-4bf5-a7be-9c137ac2d6fe,Lenovo Pro Noise-Canceling Headphones,"Engineered for excellence, the Lenovo Pro Noise-Canceling Headphones sets a new standard.

Key Features:
  - Premium build quality with aerospace-grade materials.
  - Sleek, lightweight design for maximum portability.
  - Advanced cooling system for sustained performance.
  - Features a high-resolution display with vivid color accuracy.
  - Enhanced security features including biometric authentication.
  - Equipped with the latest processor for seamless multitasking.

Designed with the modern user in mind, it combines powerful performance with an intuitive interface.

Additional Details:
  - Long battery life for all-day usage.
  - Connectivity: USB-C, HDMI, WiFi 6, Bluetooth.
  - High-resolution display with vivid color reproduction.

Perfect for professionals and enthusiasts alike.",Electronics,Headphones,Lenovo,106.84,4.0,Original from products,4.0,4.0,4,4.0,1,2024-03-04,261.0,103.0,57.0,6.0,6.0,6.0,641.84,106.97333333333334,18.22,39.46,55.34,5.83,10.53,2.46,6.23
e4961773-89aa-48c5-871b-aa6c6b2c9b4f,Digital Marketing: A refined History,"Discover the story behind Digital Marketing: A refined History.

Key Features:
  - Includes discussion questions for book clubs.
  - Perfect for book clubs and group discussions.
  - Gripping narrative that keeps you turning pages.
  - Thought-provoking themes that resonate long after reading.

Whether you are a longtime fan or new to the genre, this book will captivate you from the first page.

Additional Details:
  - Expertly crafted with attention to every detail.
  - Available in multiple formats for your reading preference.
  - Critically acclaimed with outstanding reader reviews.

Already a bestseller in multiple countries.",Books,Non-Fiction,Random House,24.01,3.0,Original from products,3.0,3.0,1,1.0,2,2024-01-10,8.0,5.0,1.0,0.0,0.0,0.0,0.0,0.0,11.63,62.5,20.0,0.0,0.0,0.0,0.0
2b0646c5-10d1-4ab0-a2fb-e024f68295b4,"Samsung Core 14""","Experience cutting-edge technology with the Samsung Core 14"".

Key Features:
  - Intuitive user interface with customizable settings.
  - Long-lasting battery designed for all-day productivity.
  - Sleek, lightweight design for maximum portability.
  - Advanced cooling system for sustained performance.

Designed with the modern user in mind, it combines powerful performance with an intuitive interface.

Backed by a comprehensive warranty and dedicated support.",Electronics,Laptops,Samsung,46.22,2.5,Original from products,2.5,2.5,2,2.0,1,2023-09-17,14.0,5.0,4.0,2.0,2.0,2.0,95.58,47.79,19.72,35.71,80.0,40.0,50.0,6.83,19.12
f6adc9c0-e497-4963-9c5e-f7ec0d4711a4,"L'Oreal Skincare - 13""","Transform your daily routine with the L'Oreal Skincare - 13"".

Key Features:
  - Dermatologist-tested and suitable for all skin types.
  - Clinically proven results with regular use.
  - Rich, luxurious texture that absorbs quickly.
  - Antioxidant-rich formula protects against environmental damage.
  - Formulated with natural ingredients for gentle care.
  - Delicate fragrance that lingers throughout the day.

Part of our commitment to clean beauty.",Beauty & Personal Care,Skincare,L'Oreal,23.41,4.5,Original from products,4.5,4.5,4,4.0,16,2023-07-08,62.0,25.0,18.0,3.0,3.0,3.0,69.71,23.236666666666665,15.24,40.32,72.0,12.0,16.67,1.12,2.79
34ab6855-040c-4f02-8b34-caac7ecd8435,My First Optimization,"My First Optimization offers a fresh perspective on an important topic.

Key Features:
  - Includes discussion questions for book clubs.
  - Award-winning author delivers another masterpiece.
  - Features a foreword by a leading expert in the field.
  - Comprehensive coverage of the subject matter.

Whether you are a longtime fan or new to the genre, this book will captivate you from the first page.

Additional Details:
  - Critically acclaimed with outstanding reader reviews.
  - Expertly crafted with attention to every detail.
  - Available in multiple formats for your reading preference.

Order your copy today and start reading.",Books,Children's Books,Macmillan,30.93,,No rating available,,,0,0.0,2,2023-08-21,1.0,0.0,3.0,0.0,0.0,0.0,0.0,0.0,20.93,0.0,,,0.0,0.0,
9ab8abc1-e02f-4c86-8d64-7b77009beb29,Dove Bath & Body Scrub,"Transform your daily routine with the Dove Bath & Body Scrub.

Key Features:
  - Free from parabens, sulfates, and phthalates.
  - Formulated with natural ingredients for gentle care.
  - Antioxidant-rich formula protects against environmental damage.
  - Delicate fragrance that lingers throughout the day.
  - Cruelty-free and never tested on animals.
  - Rich, luxurious texture that absorbs quickly.

See the difference with every use.",Beauty & Personal Care,Bath & Body,Dove,14.48,5.0,Original from products,5.0,5.0,1,1.0,8,2025-03-31,12.0,6.0,3.0,0.0,0.0,0.0,0.0,0.0,14.79,50.0,50.0,0.0,0.0,0.0,0.0
c83525b6-5bdf-482a-9de8-f16ab90918d6,Fisher-Price Drift Board Game,"Bring joy to playtime with the Fisher-Price Drift Board Game.

Key Features:
  - Encourages creative thinking and problem-solving skills.
  - Suitable for solo play or group activities.
  - Expandable with additional sets and accessories.
  - Durable design withstands active play.

Trusted by parents and loved by children.",Toys & Games,Board Games,Fisher-Price,25.03,,No rating available,,,0,0.0,1,2024-09-04,8.0,0.0,0.0,0.0,0.0,0.0,0.0,0.0,14.1,0.0,,,,0.0,
a3189deb-09d2-47fd-8e45-40f52e03548e,Therm-a-Rest All-Weather Outdoor Recreation,"Take your performance to the next level with the Therm-a-Rest All-Weather Outdoor Recreation.

Key Features:
  - Ergonomic design reduces fatigue during extended use.
  - Reflective elements enhance visibility in low light.
  - Lightweight design for effortless portability.
  - Quick-setup system saves time and hassle.
  - Adjustable features for customized fit.
  - Weather-resistant materials keep you protected.

Additional Details:
  - Capacity: {capacity_l}L
  - Weight: {weight_g}g
  - Dimensions: {dim_cm} cm

Trusted by athletes and adventurers worldwide.",Sports & Outdoors,Outdoor Recreation,Therm-a-Rest,25.15,2.0,Original from products,2.0,2.0,2,2.0,15,2023-02-16,92.0,34.0,19.0,2.0,2.0,2.0,52.12,26.06,16.5,36.96,55.88,5.88,10.53,0.57,1.53
55b15233-1d46-4dd6-b3a8-37cd78b885fd,Spalding Team Sport Set,"The Spalding Team Sport Set is built for those who push their limits.

Key Features:
  - Lightweight design for effortless portability.
  - Reflective elements enhance visibility in low light.
  - Reinforced stress points for long-lasting durability.
  - Durable construction withstands the toughest conditions.
  - Ventilated design for breathability.
  - Ergonomic design reduces fatigue during extended use.

Additional Details:
  - Capacity: {capacity_l}L
  - Material: {material_quality} {material}
  - Dimensions: {dim_cm} cm

Performance you can rely on.",Sports & Outdoors,Team Sports,Spalding,146.01,4.0,Original from products,4.0,4.0,2,2.0,2,2024-12-04,42.0,17.0,9.0,3.0,3.0,3.0,451.03,150.34333333333333,19.65,40.48,52.94,17.65,33.33,10.74,26.53
7285a4a6-cea0-4f24-a032-be807939c072,Dove Elysium Eau de Parfum,"Transform your daily routine with the Dove Elysium Eau de Parfum.

Key Features:
  - Dermatologist-tested and suitable for all skin types.
  - Free from parabens, sulfates, and phthalates.
  - Suitable for sensitive skin.
  - Cruelty-free and never tested on animals.
  - Hydrating formula restores natural moisture balance.
  - Rich, luxurious texture that absorbs quickly.

Additional Details:
  - Shelf life: {shelf_life}m
  - Ingredients: {ingredient_highlight}
  - Volume: {volume_ml}ml

See the difference with every use.",Beauty & Personal Care,Fragrance,Dove,21.01,4.0,Original from products,4.0,4.0,1,1.0,1,2025-11-16,4.0,1.0,0.0,0.0,0.0,0.0,0.0,0.0,12.22,25.0,0.0,0.0,,0.0,0.0
fb63cbd7-3fa5-4f64-97a6-1e541f1c7e14,Hot Wheels Nova Coding Kit,"Unleash endless fun with the Hot Wheels Nova Coding Kit.

Key Features:
  - Develops fine motor skills and hand-eye coordination.
  - Suitable for solo play or group activities.
  - Easy to learn, with endless replay value.
  - Safe, non-toxic materials certified for children.
  - STEM-focused learning through play.

Winner of multiple toy awards.",Toys & Games,Educational Toys,Hot Wheels,25.71,,No rating available,,,0,0.0,8,2024-06-14,12.0,2.0,1.0,0.0,0.0,0.0,0.0,0.0,29.02,16.67,50.0,0.0,0.0,0.0,0.0
fa7ae0d5-7551-4dc1-8be6-8d0a70240c6f,LEGO Aura Building Set,"Unleash endless fun with the LEGO Aura Building Set.

Key Features:
  - STEM-focused learning through play.
  - Suitable for solo play or group activities.
  - Safe, non-toxic materials certified for children.
  - Encourages creative thinking and problem-solving skills.
  - Durable design withstands active play.
  - Award-winning design loved by kids and parents.

The perfect gift for any occasion.",Toys & Games,Educational Toys,LEGO,56.34,,No rating available,,,0,0.0,1,2024-02-02,2.0,1.0,0.0,0.0,0.0,0.0,0.0,0.0,10.66,50.0,0.0,0.0,,0.0,0.0
c5cece7a-59cf-4578-a013-3feb06819226,Apple Air Smartwatch,"Upgrade your setup with the powerful Apple Air Smartwatch.

Key Features:
  - Sleek, lightweight design for maximum portability.
  - Supports high-resolution audio for immersive sound.
  - Intuitive user interface with customizable settings.
  - Advanced cooling system for sustained performance.
  - Long-lasting battery designed for all-day productivity.

Whether you are working from home, gaming, or streaming, this device is built to handle it all with ease.

Additional Details:
  - High-resolution display with vivid color reproduction.
  - Slim and portable form factor for easy travel.
  - Connectivity: USB-C, HDMI, WiFi 6, Bluetooth.

Order today and experience the difference.",Electronics,Wearables,Apple,238.33,5.0,Original from products,5.0,5.0,3,3.0,1,2023-12-06,4.0,4.0,1.0,1.0,1.0,1.0,240.95,240.95,8.63,100.0,25.0,25.0,100.0,60.24,60.24
c8976c4e-8635-412e-9e53-7c3e67f137e8,The portable Data Science Handbook,"Dive into the captivating world of The portable Data Science Handbook.

Key Features:
  - Comprehensive coverage of the subject matter.
  - Perfect for book clubs and group discussions.
  - Thought-provoking themes that resonate long after reading.
  - Features a foreword by a leading expert in the field.

Perfect for bedtime reading, book clubs, or casual enjoyment, this book offers something for everyone.

Additional Details:
  - Available in multiple formats for your reading preference.
  - Critically acclaimed with outstanding reader reviews.

Critically acclaimed and reader-approved.",Books,Educational,Penguin Books,9.04,,No rating available,,,0,0.0,2,2024-04-18,0.0,0.0,0.0,0.0,0.0,0.0,0.0,0.0,0.0,,,,,,
582ad3f0-681f-4e0b-a7c5-d0a114359c3b,Ralph Lauren Elite Casual Sneakers,"The Ralph Lauren Elite Casual Sneakers combines style with everyday comfort.

Key Features:
  - Versatile design transitions seamlessly from day to night.
  - Moisture-wicking technology keeps you dry.
  - Premium {material} fabric for lasting comfort.
  - Easy care fabric - machine washable.
  - Tailored fit that flatters every body type.
  - Four-way stretch fabric for unrestricted movement.

From casual outings to formal occasions, this piece transitions effortlessly across settings.

Experience the perfect blend of style and comfort.",Clothing & Accessories,Footwear,Ralph Lauren,23.74,,No rating available,,,0,0.0,1,2023-12-14,2.0,1.0,2.0,0.0,0.0,0.0,0.0,0.0,13.63,50.0,200.0,0.0,0.0,0.0,0.0
b1ae4b31-7866-444a-8d59-c3310d967d7d,LEGO Jack Collectible,"Bring joy to playtime with the LEGO Jack Collectible.

Key Features:
  - Award-winning design loved by kids and parents.
  - STEM-focused learning through play.
  - Suitable for solo play or group activities.
  - Safe, non-toxic materials certified for children.
  - Encourages creative thinking and problem-solving skills.
  - Easy to learn, with endless replay value.

The perfect gift for any occasion.",Toys & Games,Action Figures,LEGO,33.64,4.5,Original from products,4.5,4.5,2,2.0,2,2026-02-26,6.0,1.0,1.0,0.0,0.0,0.0,0.0,0.0,19.64,16.67,100.0,0.0,0.0,0.0,0.0
9256e0fe-5645-4196-a875-26b97940487e,Coleman Premium Fitness Equipment,"Conquer any challenge with the Coleman Premium Fitness Equipment.

Key Features:
  - Ventilated design for breathability.
  - Compression-molded for compact storage.
  - Reflective elements enhance visibility in low light.
  - Durable construction withstands the toughest conditions.
  - Lightweight design for effortless portability.
  - Reinforced stress points for long-lasting durability.

Built to last, backed by our warranty.",Sports & Outdoors,Fitness Equipment,Coleman,37.82,,No rating available,,,0,0.0,2,2026-05-22,15.0,14.0,7.0,0.0,0.0,0.0,0.0,0.0,15.51,93.33,50.0,0.0,0.0,0.0,0.0
4a6d8f03-2395-4815-a2d5-d44482fd603e,KitchenAid Comfort Bedding,"Transform your home with the KitchenAid Comfort Bedding.

Key Features:
  - Dishwasher safe for effortless cleaning.
  - Versatile design complements any decor style.
  - Temperature resistant up to {temp_c} degrees.
  - Space-saving design fits perfectly in any room.

Whether you are redecorating or just looking for that perfect finishing touch, this piece fits beautifully.

Additional Details:
  - Premium materials for lasting quality.
  - Easy to clean and maintain.
  - Available in a variety of finishes.

Backed by our satisfaction guarantee.",Home & Kitchen,Bedding,KitchenAid,11.36,,No rating available,,,0,0.0,1,2024-03-04,5.0,1.0,1.0,0.0,0.0,0.0,0.0,0.0,35.47,20.0,100.0,0.0,0.0,0.0,0.0
413730d7-8b68-45d7-a4b2-a7da580339a3,Nike Classic Fit Menswear,"Designed for those who refuse to compromise on style.

Key Features:
  - Easy care fabric - machine washable.
  - Four-way stretch fabric for unrestricted movement.
  - Moisture-wicking technology keeps you dry.
  - Premium {material} fabric for lasting comfort.
  - Eco-friendly materials sourced sustainably.

Crafted with attention to detail, it offers the perfect balance of style and practicality.

Additional Details:
  - Designed for comfort with a tailored silhouette.
  - Available in multiple sizes for the perfect fit.

Join thousands of satisfied customers worldwide.",Clothing & Accessories,Menswear,Nike,33.9,,No rating available,,,0,0.0,11,2026-02-25,14.0,6.0,2.0,0.0,0.0,0.0,0.0,0.0,18.46,42.86,33.33,0.0,0.0,0.0,0.0
2b5d618e-d4a1-4ea6-957f-2468c77092ab,Adidas Womenswear in Cream,"The Adidas Womenswear in Cream combines style with everyday comfort.

Key Features:
  - Reinforced stitching for enhanced durability.
  - Eco-friendly materials sourced sustainably.
  - Versatile design transitions seamlessly from day to night.
  - Premium {material} fabric for lasting comfort.
  - Breathable material keeps you comfortable all day.

From casual outings to formal occasions, this piece transitions effortlessly across settings.

Join thousands of satisfied customers worldwide.",Clothing & Accessories,Womenswear,Adidas,14.4,,No rating available,,,0,0.0,3,2025-11-30,3.0,2.0,0.0,0.0,0.0,0.0,0.0,0.0,15.73,66.67,0.0,0.0,,0.0,0.0
819960cb-bc9c-4dc3-86fc-239d8c32e00e,L'Oreal Skincare Cream,"The L'Oreal Skincare Cream is your new essential for radiant skin.

Key Features:
  - Suitable for sensitive skin.
  - Antioxidant-rich formula protects against environmental damage.
  - Cruelty-free and never tested on animals.
  - Clinically proven results with regular use.
  - Formulated with natural ingredients for gentle care.
  - Free from parabens, sulfates, and phthalates.

Additional Details:
  - Shelf life: {shelf_life}m
  - Ingredients: {ingredient_highlight}
  - Volume: {volume_ml}ml

Part of our commitment to clean beauty.",Beauty & Personal Care,Skincare,L'Oreal,53.52,,No rating available,,,0,0.0,2,2023-04-05,14.0,3.0,5.0,2.0,2.0,2.0,105.84,52.92,13.2,21.43,166.67,66.67,40.0,7.56,35.28
3e4996b9-0f0c-4a5d-94fa-60be51781e8a,Calvin Klein Essential Menswear,"Designed for those who refuse to compromise on style.

Key Features:
  - Reinforced stitching for enhanced durability.
  - Breathable material keeps you comfortable all day.
  - Eco-friendly materials sourced sustainably.
  - Versatile design transitions seamlessly from day to night.
  - Easy care fabric - machine washable.

From casual outings to formal occasions, this piece transitions effortlessly across settings.

Experience the perfect blend of style and comfort.",Clothing & Accessories,Menswear,Calvin Klein,38.92,5.0,Original from products,5.0,5.0,2,2.0,1,2024-09-04,51.0,29.0,11.0,2.0,2.0,2.0,78.33,39.165,14.75,56.86,37.93,6.9,18.18,1.54,2.7
2c6495e1-8615-4556-89da-6fee76c42fd8,Apple Classic Action Cam,"Upgrade your setup with the powerful Apple Classic Action Cam.

Key Features:
  - Equipped with the latest processor for seamless multitasking.
  - Features a high-resolution display with vivid color accuracy.
  - Long-lasting battery designed for all-day productivity.
  - Advanced connectivity options including WiFi 6 and Bluetooth 5.3.
  - Supports high-resolution audio for immersive sound.
  - Enhanced security features including biometric authentication.

Whether you are working from home, gaming, or streaming, this device is built to handle it all with ease.

Additional Details:
  - High-resolution display with vivid color reproduction.
  - Slim and portable form factor for easy travel.

Perfect for professionals and enthusiasts alike.",Electronics,Cameras,Apple,79.6,5.0,Original from products,5.0,5.0,1,1.0,1,2025-03-29,12.0,4.0,2.0,2.0,2.0,2.0,156.76,78.38,16.18,33.33,50.0,50.0,100.0,13.06,39.19
116ec354-36df-497b-bc6c-068817c7c4c4,Twinnings Pantry Staple Unscented,"The Twinnings Pantry Staple Unscented brings premium quality to your table.

Key Features:
  - Sourced from the finest origins around the world.
  - Ethically sourced and sustainably produced.
  - No artificial preservatives or additives.
  - Expertly crafted using traditional methods.
  - Rich, authentic flavor profile.

Perfect for sharing with loved ones.",Grocery & Gourmet,Pantry Staples,Twinnings,5.64,,No rating available,,,0,0.0,1,2024-06-10,35.0,12.0,9.0,2.0,2.0,4.0,22.740000000000002,5.7,19.31,34.29,75.0,16.67,22.22,0.65,1.9
e69a6cb0-5cb0-4dda-97a7-af5ebe033a81,L'Oreal Haircare Serum,"Transform your daily routine with the L'Oreal Haircare Serum.

Key Features:
  - Antioxidant-rich formula protects against environmental damage.
  - Delicate fragrance that lingers throughout the day.
  - Rich, luxurious texture that absorbs quickly.
  - Formulated with natural ingredients for gentle care.
  - Cruelty-free and never tested on animals.

Loved by beauty experts and enthusiasts alike.",Beauty & Personal Care,Haircare,L'Oreal,7.78,,No rating available,,,0,0.0,1,2024-07-23,13.0,7.0,5.0,0.0,0.0,0.0,0.0,0.0,14.42,53.85,71.43,0.0,0.0,0.0,0.0
42274d6e-756a-48e8-be35-134e2bc14d96,DKNY Menswear in White,"Designed for those who refuse to compromise on style.

Key Features:
  - Classic design that never goes out of style.
  - Breathable material keeps you comfortable all day.
  - Eco-friendly materials sourced sustainably.
  - Easy care fabric - machine washable.
  - Four-way stretch fabric for unrestricted movement.
  - Premium {material} fabric for lasting comfort.

From casual outings to formal occasions, this piece transitions effortlessly across settings.

A must-have addition to any wardrobe.",Clothing & Accessories,Menswear,DKNY,18.1,5.0,Original from products,5.0,5.0,2,2.0,7,2024-09-08,12.0,4.0,3.0,0.0,0.0,0.0,0.0,0.0,14.15,33.33,75.0,0.0,0.0,0.0,0.0
5b35c31e-9293-4bd9-9a1b-5c6258f53057,Adidas Premium Womenswear,"Designed for those who refuse to compromise on style.

Key Features:
  - Tailored fit that flatters every body type.
  - Easy care fabric - machine washable.
  - Four-way stretch fabric for unrestricted movement.
  - Classic design that never goes out of style.
  - Versatile design transitions seamlessly from day to night.
  - Eco-friendly materials sourced sustainably.

From casual outings to formal occasions, this piece transitions effortlessly across settings.

A must-have addition to any wardrobe.",Clothing & Accessories,Womenswear,Adidas,64.4,,No rating available,,,0,0.0,111,2025-05-08,21.0,4.0,8.0,1.0,1.0,1.0,62.86,62.86,16.42,19.05,200.0,25.0,12.5,2.99,15.72
09103a95-db77-427f-82f9-14d9d18d0a88,Staples Ergonomic Office Furniture,"Designed for efficiency, the Staples Ergonomic Office Furniture delivers.

Key Features:
  - Eco-friendly materials and packaging.
  - Easy setup with no assembly required.
  - Compatible with standard office supplies and accessories.
  - Premium materials ensure long-lasting performance.

Additional Details:
  - Dimensions: {dim_cm} cm
  - Weight: {weight_g}g
  - Color: {color_option}

Backed by our quality guarantee.",Office Products,Office Furniture,Staples,76.31,4.2,Original from products,4.2,4.25,4,4.0,1,2024-01-02,155.0,57.0,48.0,10.0,10.0,16.0,1221.71,76.4,17.95,36.77,84.21,17.54,20.83,7.88,21.43
3bc35984-5ef3-4f1a-84bd-9d057e890766,L'Oreal Bloom Eau de Parfum,"Nourish and pamper yourself with the L'Oreal Bloom Eau de Parfum.

Key Features:
  - Suitable for sensitive skin.
  - Rich, luxurious texture that absorbs quickly.
  - Dermatologist-tested and suitable for all skin types.
  - Cruelty-free and never tested on animals.

See the difference with every use.",Beauty & Personal Care,Fragrance,L'Oreal,32.8,,No rating available,,,0,0.0,1,2025-01-14,8.0,3.0,1.0,0.0,0.0,0.0,0.0,0.0,14.46,37.5,33.33,0.0,0.0,0.0,0.0
326e8aff-46a4-46ea-80d0-04a1c1387ea1,Wilson Pro Team Sport,"Engineered for peak performance in any condition.

Key Features:
  - Weather-resistant materials keep you protected.
  - Ventilated design for breathability.
  - Reflective elements enhance visibility in low light.
  - Durable construction withstands the toughest conditions.
  - Reinforced stress points for long-lasting durability.
  - Adjustable features for customized fit.

Additional Details:
  - Material: {material_quality} {material}
  - Dimensions: {dim_cm} cm
  - Capacity: {capacity_l}L

Ready for wherever your journey takes you.",Sports & Outdoors,Team Sports,Wilson,52.04,5.0,Original from products,5.0,5.0,2,2.0,1,2023-10-31,14.0,6.0,3.0,0.0,0.0,0.0,0.0,0.0,13.99,42.86,50.0,0.0,0.0,0.0,0.0
a8953964-4612-412d-981e-3002313ebf56,Adidas Galaxy12 Training Shoes,"The Adidas Galaxy12 Training Shoes combines style with everyday comfort.

Key Features:
  - Tailored fit that flatters every body type.
  - Eco-friendly materials sourced sustainably.
  - Versatile design transitions seamlessly from day to night.
  - Reinforced stitching for enhanced durability.
  - Classic design that never goes out of style.
  - Four-way stretch fabric for unrestricted movement.

Crafted with attention to detail, it offers the perfect balance of style and practicality.

Additional Details:
  - Available in multiple sizes for the perfect fit.
  - Premium fabric construction for lasting wear.
  - Easy care: machine washable for convenience.

Experience the perfect blend of style and comfort.",Clothing & Accessories,Footwear,Adidas,27.01,,No rating available,,,0,0.0,1,2026-01-13,18.0,10.0,2.0,0.0,0.0,0.0,0.0,0.0,18.65,55.56,20.0,0.0,0.0,0.0,0.0
6a0e0451-14e5-4c31-9ec5-58420bcf5a06,Levi's Ultra Casual Sneakers,"The Levi's Ultra Casual Sneakers combines style with everyday comfort.

Key Features:
  - Reinforced stitching for enhanced durability.
  - Versatile design transitions seamlessly from day to night.
  - Eco-friendly materials sourced sustainably.
  - Easy care fabric - machine washable.
  - Four-way stretch fabric for unrestricted movement.
  - Tailored fit that flatters every body type.

Crafted with attention to detail, it offers the perfect balance of style and practicality.

Available in multiple colors to suit your style.",Clothing & Accessories,Footwear,Levi's,19.72,,No rating available,,,0,0.0,2,2023-04-16,8.0,7.0,0.0,0.0,0.0,0.0,0.0,0.0,14.25,87.5,0.0,0.0,,0.0,0.0
8347a39b-710c-4eed-ac44-d8b028b7bd72,Apple Accessorie Charger,"Upgrade your setup with the powerful Apple Accessorie Charger.

Key Features:
  - Intuitive user interface with customizable settings.
  - Advanced connectivity options including WiFi 6 and Bluetooth 5.3.
  - Features a high-resolution display with vivid color accuracy.
  - Advanced cooling system for sustained performance.
  - Long-lasting battery designed for all-day productivity.
  - Supports high-resolution audio for immersive sound.

Designed with the modern user in mind, it combines powerful performance with an intuitive interface.

Order today and experience the difference.",Electronics,Accessories,Apple,634.27,,No rating available,,,0,0.0,4,2023-03-25,6.0,0.0,0.0,0.0,0.0,0.0,0.0,0.0,20.34,0.0,,,,0.0,
05b2966b-569e-4a4e-aab9-74241dcd3599,L'Oreal Nova Rollerball,"Nourish and pamper yourself with the L'Oreal Nova Rollerball.

Key Features:
  - Free from parabens, sulfates, and phthalates.
  - Dermatologist-tested and suitable for all skin types.
  - Clinically proven results with regular use.
  - Rich, luxurious texture that absorbs quickly.
  - Suitable for sensitive skin.
  - Antioxidant-rich formula protects against environmental damage.

Additional Details:
  - Shelf life: {shelf_life}m
  - Volume: {volume_ml}ml
  - Skin type: {skin_type}

Loved by beauty experts and enthusiasts alike.",Beauty & Personal Care,Fragrance,L'Oreal,19.83,,No rating available,,,0,0.0,1,2023-02-17,7.0,1.0,0.0,0.0,0.0,0.0,0.0,0.0,26.09,14.29,0.0,0.0,,0.0,0.0
49b70791-365c-4f01-8a9e-5f6aef742c47,Samsung Prime4 Wireless Headphones,"Experience cutting-edge technology with the Samsung Prime4 Wireless Headphones.

Key Features:
  - Features a high-resolution display with vivid color accuracy.
  - Advanced cooling system for sustained performance.
  - Advanced connectivity options including WiFi 6 and Bluetooth 5.3.
  - Intuitive user interface with customizable settings.

Whether you are working from home, gaming, or streaming, this device is built to handle it all with ease.

Additional Details:
  - Long battery life for all-day usage.
  - Slim and portable form factor for easy travel.
  - High-resolution display with vivid color reproduction.

Backed by a comprehensive warranty and dedicated support.",Electronics,Headphones,Samsung,659.56,,No rating available,,,0,0.0,20,2024-03-11,1.0,1.0,1.0,0.0,0.0,0.0,0.0,0.0,11.45,100.0,100.0,0.0,0.0,0.0,0.0
7295972b-4f00-4ab3-b08a-9c8660bc3ea2,Samsung Air9 Wireless Headphones,"Experience cutting-edge technology with the Samsung Air9 Wireless Headphones.

Key Features:
  - Intuitive user interface with customizable settings.
  - Supports high-resolution audio for immersive sound.
  - Enhanced security features including biometric authentication.
  - Long-lasting battery designed for all-day productivity.
  - Equipped with the latest processor for seamless multitasking.

Whether you are working from home, gaming, or streaming, this device is built to handle it all with ease.

Additional Details:
  - Long battery life for all-day usage.
  - Slim and portable form factor for easy travel.

Backed by a comprehensive warranty and dedicated support.",Electronics,Headphones,Samsung,397.86,,No rating available,,,0,0.0,1,2025-01-25,5.0,1.0,0.0,0.0,0.0,0.0,0.0,0.0,26.26,20.0,0.0,0.0,,0.0,0.0
98bba6b6-73a2-47fb-aada-81cd4ac3cf9e,"Neutrogena Skincare - 16""","The Neutrogena Skincare - 16"" is your new essential for radiant skin.

Key Features:
  - Delicate fragrance that lingers throughout the day.
  - Hydrating formula restores natural moisture balance.
  - Dermatologist-tested and suitable for all skin types.
  - Suitable for sensitive skin.
  - Cruelty-free and never tested on animals.
  - Clinically proven results with regular use.

See the difference with every use.",Beauty & Personal Care,Skincare,Neutrogena,8.45,2.0,Original from products,2.0,2.0,1,1.0,14,2026-05-13,9.0,3.0,1.0,1.0,1.0,1.0,8.5,8.5,19.81,33.33,33.33,33.33,100.0,0.94,2.83
7e8e07e1-2ed3-4d7a-b2a9-19fc943eedc2,Michelin Synthetic Fluid,"Engineered for peak automotive performance.

Key Features:
  - Weather-resistant for year-round protection.
  - Compatible with all major vehicle makes and models.
  - Tested for quality and reliability.
  - Exceeds OEM specifications for quality and performance.
  - Quick-drying formula saves time.
  - Long-lasting protection against the elements.

Professional quality at an affordable price.",Automotive,Fluids,Michelin,21.96,,No rating available,,,0,0.0,1,2024-07-20,8.0,1.0,1.0,0.0,0.0,0.0,0.0,0.0,12.42,12.5,100.0,0.0,0.0,0.0,0.0
8a4aa0a6-d37e-40e7-bb35-dc8391877fb8,Olay Makeup Palette,"The Olay Makeup Palette is your new essential for radiant skin.

Key Features:
  - Formulated with natural ingredients for gentle care.
  - Antioxidant-rich formula protects against environmental damage.
  - Free from parabens, sulfates, and phthalates.
  - Clinically proven results with regular use.
  - Rich, luxurious texture that absorbs quickly.
  - Suitable for sensitive skin.

Additional Details:
  - Skin type: {skin_type}
  - Shelf life: {shelf_life}m

See the difference with every use.",Beauty & Personal Care,Makeup,Olay,15.23,4.0,Original from products,4.0,4.0,2,2.0,4,2023-08-16,46.0,16.0,8.0,2.0,2.0,2.0,30.37,15.185,19.25,34.78,50.0,12.5,25.0,0.66,1.9
8f1fe448-c002-45f6-8701-959fa97d31c8,Morphy Richards Premium Kitchenware,"The Morphy Richards Premium Kitchenware brings both style and function to your space.

Key Features:
  - Dishwasher safe for effortless cleaning.
  - Space-saving design fits perfectly in any room.
  - Stackable design for efficient storage.
  - Temperature resistant up to {temp_c} degrees.
  - Elegant finish adds a touch of sophistication.

Designed to enhance your living space while providing practical everyday functionality.

Additional Details:
  - Dimensions: perfectly sized for your space.
  - Easy to clean and maintain.
  - Premium materials for lasting quality.

Backed by our satisfaction guarantee.",Home & Kitchen,Kitchenware,Morphy Richards,42.72,3.0,Original from products,3.0,3.0,1,1.0,1,2024-04-04,6.0,1.0,2.0,1.0,1.0,4.0,178.88,44.72,13.55,16.67,200.0,100.0,50.0,29.81,178.88
47e7f275-f5b2-46dd-9c52-fd12a6ec351d,Star Commander: Fundamentals and Beyond,"Star Commander: Fundamentals and Beyond offers a fresh perspective on an important topic.

Key Features:
  - Perfect for book clubs and group discussions.
  - Features a foreword by a leading expert in the field.
  - Includes exclusive content and illustrations.
  - Meticulously researched and expertly presented.

Whether you are a longtime fan or new to the genre, this book will captivate you from the first page.

Order your copy today and start reading.",Books,Comics,Penguin Books,13.58,,No rating available,,,0,0.0,2,2023-06-08,0.0,0.0,0.0,0.0,0.0,0.0,0.0,0.0,0.0,,,,,,
db62d281-8a73-4fbb-96fb-28cf2ba7a970,KitchenAid Comfort Bedding,"The KitchenAid Comfort Bedding brings both style and function to your space.

Key Features:
  - Built to withstand daily use with durable construction.
  - Dishwasher safe for effortless cleaning.
  - Space-saving design fits perfectly in any room.
  - Easy to clean and maintain for everyday use.
  - Elegant finish adds a touch of sophistication.

Designed to enhance your living space while providing practical everyday functionality.

Additional Details:
  - Premium materials for lasting quality.
  - Available in a variety of finishes.
  - Dimensions: perfectly sized for your space.

Make every day extraordinary.",Home & Kitchen,Bedding,KitchenAid,315.52,4.7,Original from products,4.7,4.666666666666667,3,3.0,112,2024-08-11,48.0,20.0,13.0,3.0,3.0,6.0,1921.95,316.22,17.91,41.67,65.0,15.0,23.08,40.04,96.1
bafb50a6-f635-488d-b55e-26f6684173a7,Nike Classic Fit Menswear,"Elevate your wardrobe with the Nike Classic Fit Menswear.

Key Features:
  - Tailored fit that flatters every body type.
  - Premium {material} fabric for lasting comfort.
  - Four-way stretch fabric for unrestricted movement.
  - Eco-friendly materials sourced sustainably.

Crafted with attention to detail, it offers the perfect balance of style and practicality.

Additional Details:
  - Available in multiple sizes for the perfect fit.
  - Easy care: machine washable for convenience.
  - Premium fabric construction for lasting wear.

A must-have addition to any wardrobe.",Clothing & Accessories,Menswear,Nike,18.34,5.0,Original from products,5.0,5.0,1,1.0,1,2025-06-28,16.0,12.0,5.0,2.0,2.0,4.0,72.96,18.130000000000003,15.52,75.0,41.67,16.67,40.0,4.56,6.08
ca48b66a-b1cd-45f8-abef-741b244f0dfc,Classic of silence,"Classic of silence is a compelling read you won't want to put down.

Key Features:
  - Includes exclusive content and illustrations.
  - Meticulously researched and expertly presented.
  - Perfect for book clubs and group discussions.
  - Award-winning author delivers another masterpiece.
  - Features a foreword by a leading expert in the field.

Perfect for bedtime reading, book clubs, or casual enjoyment, this book offers something for everyone.

Additional Details:
  - Expertly crafted with attention to every detail.
  - Available in multiple formats for your reading preference.
  - Critically acclaimed with outstanding reader reviews.

A must-read for fans of the genre.",Books,Fiction,HarperCollins,15.7,5.0,Original from products,5.0,5.0,2,2.0,2,2023-02-14,82.0,37.0,20.0,3.0,3.0,5.0,78.71000000000001,15.670000000000002,18.15,45.12,54.05,8.11,15.0,0.96,2.13
1f666d27-8853-4949-87dc-4bd2ea44d7bb,KitchenAid Modern Furniture,"Elevate your everyday living with the KitchenAid Modern Furniture.

Key Features:
  - Easy to clean and maintain for everyday use.
  - Built to withstand daily use with durable construction.
  - Crafted from premium {material} for lasting quality.
  - Stackable design for efficient storage.
  - Dishwasher safe for effortless cleaning.

Designed to enhance your living space while providing practical everyday functionality.

Additional Details:
  - Premium materials for lasting quality.
  - Dimensions: perfectly sized for your space.

Make every day extraordinary.",Home & Kitchen,Furniture,KitchenAid,67.18,,No rating available,,,0,0.0,4,2025-08-27,7.0,4.0,3.0,0.0,0.0,0.0,0.0,0.0,19.23,57.14,75.0,0.0,0.0,0.0,0.0
b12269f8-cfeb-4ebf-8bfd-12a393c1b358,Introduction to Cybersecurity,"Introduction to Cybersecurity is a compelling read you won't want to put down.

Key Features:
  - Beautifully written with vivid prose and memorable characters.
  - Features a foreword by a leading expert in the field.
  - Includes discussion questions for book clubs.
  - Includes exclusive content and illustrations.

Whether you are a longtime fan or new to the genre, this book will captivate you from the first page.

Critically acclaimed and reader-approved.",Books,Educational,Vintage Books,13.99,,No rating available,,,0,0.0,1,2023-10-13,0.0,1.0,0.0,0.0,0.0,0.0,0.0,0.0,2.22,,0.0,0.0,,,0.0
93d73401-f8ed-451f-8021-3b4cff7f7b0a,PepsiCo Organic Snack,"Elevate your culinary creations with PepsiCo Organic Snack.

Key Features:
  - Hand-selected for superior quality.
  - No artificial preservatives or additives.
  - Ethically sourced and sustainably produced.
  - Rich, authentic flavor profile.
  - Freshness sealed for optimal taste.
  - Perfect for gifting or everyday indulgence.

Additional Details:
  - Net weight: {weight_g}g
  - Country of origin: {origin_country}

Perfect for sharing with loved ones.",Grocery & Gourmet,Snacks,PepsiCo,8.45,4.0,Original from products,4.0,4.0,1,1.0,1,2025-04-18,5.0,2.0,4.0,1.0,1.0,1.0,8.83,8.83,9.58,40.0,200.0,50.0,25.0,1.77,4.42
b60f1882-8ef5-4fc6-8cdd-97f657f65c7d,3M Organization Organizer,"Stay organized and productive with the 3M Organization Organizer.

Key Features:
  - Smooth, quiet operation for focused work.
  - Built to withstand daily use in demanding environments.
  - Streamlines your workflow for maximum efficiency.
  - Eco-friendly materials and packaging.
  - Adjustable settings for personalized comfort.
  - Ergonomic design reduces strain during extended use.

Backed by our quality guarantee.",Office Products,Organization,3M,10.69,,No rating available,,,0,0.0,2,2025-10-13,2.0,1.0,0.0,0.0,0.0,0.0,0.0,0.0,18.93,50.0,0.0,0.0,,0.0,0.0
2a5600e0-4c5c-4cfc-83b8-1ddc1b800877,HP Accessorie Charger,"Upgrade your setup with the powerful HP Accessorie Charger.

Key Features:
  - Premium build quality with aerospace-grade materials.
  - Equipped with the latest processor for seamless multitasking.
  - Advanced cooling system for sustained performance.
  - Supports high-resolution audio for immersive sound.
  - Long-lasting battery designed for all-day productivity.

Designed with the modern user in mind, it combines powerful performance with an intuitive interface.

Additional Details:
  - Slim and portable form factor for easy travel.
  - High-resolution display with vivid color reproduction.

Order today and experience the difference.",Electronics,Accessories,HP,161.61,,No rating available,,,0,0.0,10,2025-08-25,13.0,4.0,2.0,0.0,0.0,0.0,0.0,0.0,22.66,30.77,50.0,0.0,0.0,0.0,0.0
cd434453-63c4-48fa-a0ea-ed3d7d0b5d69,KitchenAid Home Decor - Sage,"The KitchenAid Home Decor - Sage brings both style and function to your space.

Key Features:
  - Elegant finish adds a touch of sophistication.
  - Built to withstand daily use with durable construction.
  - Versatile design complements any decor style.
  - Temperature resistant up to {temp_c} degrees.

Designed to enhance your living space while providing practical everyday functionality.

Make every day extraordinary.",Home & Kitchen,Home Decor,KitchenAid,62.74,5.0,Original from products,5.0,5.0,1,1.0,1,2025-04-15,5.0,2.0,2.0,1.0,1.0,1.0,60.87,60.87,20.02,40.0,100.0,50.0,50.0,12.17,30.44
91a9f312-e0c0-4ecb-afba-5ba640b7b615,Gap X11 Running Shoes,"Make a statement with the Gap X11 Running Shoes.

Key Features:
  - Four-way stretch fabric for unrestricted movement.
  - Breathable material keeps you comfortable all day.
  - Eco-friendly materials sourced sustainably.
  - Tailored fit that flatters every body type.
  - Classic design that never goes out of style.

Crafted with attention to detail, it offers the perfect balance of style and practicality.

Experience the perfect blend of style and comfort.",Clothing & Accessories,Footwear,Gap,42.6,,No rating available,,,0,0.0,2,2025-05-15,12.0,7.0,3.0,0.0,0.0,0.0,0.0,0.0,21.25,58.33,42.86,0.0,0.0,0.0,0.0
6e47d038-17bd-428e-bf73-588a4aca53cd,KitchenAid Professional Kitchenware,"Designed to make your home more beautiful and functional.

Key Features:
  - Crafted from premium {material} for lasting quality.
  - Stackable design for efficient storage.
  - Built to withstand daily use with durable construction.
  - Elegant finish adds a touch of sophistication.

Whether you are redecorating or just looking for that perfect finishing touch, this piece fits beautifully.

Additional Details:
  - Available in a variety of finishes.
  - Easy to clean and maintain.

The perfect addition to any modern home.",Home & Kitchen,Kitchenware,KitchenAid,65.19,5.0,Original from products,5.0,5.0,1,1.0,1,2023-08-22,10.0,7.0,1.0,0.0,0.0,0.0,0.0,0.0,16.17,70.0,14.29,0.0,0.0,0.0,0.0
66f61e44-9b3f-49ec-9f06-c97130ce94d2,Adidas Essential Menswear,"Elevate your wardrobe with the Adidas Essential Menswear.

Key Features:
  - Moisture-wicking technology keeps you dry.
  - Four-way stretch fabric for unrestricted movement.
  - Classic design that never goes out of style.
  - Versatile design transitions seamlessly from day to night.
  - Premium {material} fabric for lasting comfort.
  - Reinforced stitching for enhanced durability.

From casual outings to formal occasions, this piece transitions effortlessly across settings.

Join thousands of satisfied customers worldwide.",Clothing & Accessories,Menswear,Adidas,81.69,4.0,Original from products,4.0,4.0,1,1.0,1,2023-06-19,4.0,2.0,1.0,0.0,0.0,0.0,0.0,0.0,19.87,50.0,50.0,0.0,0.0,0.0,0.0
7d8a063d-e0e9-4609-9aff-170eaf6b695f,Philips Elite Sport Watch,"The Philips Elite Sport Watch delivers exceptional performance for all your needs.

Key Features:
  - Premium build quality with aerospace-grade materials.
  - Advanced cooling system for sustained performance.
  - Equipped with the latest processor for seamless multitasking.
  - Sleek, lightweight design for maximum portability.
  - Long-lasting battery designed for all-day productivity.
  - Intuitive user interface with customizable settings.

Designed with the modern user in mind, it combines powerful performance with an intuitive interface.

Additional Details:
  - Slim and portable form factor for easy travel.
  - Connectivity: USB-C, HDMI, WiFi 6, Bluetooth.

Order today and experience the difference.",Electronics,Wearables,Philips,289.02,,No rating available,,,0,0.0,3,2024-04-20,7.0,1.0,5.0,2.0,2.0,2.0,586.24,293.12,13.44,14.29,500.0,200.0,40.0,83.75,586.24
69d601f4-c980-470c-8c59-755e9aecf91b,Dove Skincare for Dry Skin,"The Dove Skincare for Dry Skin is your new essential for radiant skin.

Key Features:
  - Rich, luxurious texture that absorbs quickly.
  - Free from parabens, sulfates, and phthalates.
  - Cruelty-free and never tested on animals.
  - Suitable for sensitive skin.
  - Clinically proven results with regular use.

See the difference with every use.",Beauty & Personal Care,Skincare,Dove,22.88,,No rating available,,,0,0.0,1,2025-01-28,6.0,4.0,5.0,0.0,0.0,0.0,0.0,0.0,15.36,66.67,125.0,0.0,0.0,0.0,0.0
0d047bee-65d4-40ac-bfc1-3fc3d21698b6,The advanced vortex,"Discover the story behind The advanced vortex.

Key Features:
  - Beautifully written with vivid prose and memorable characters.
  - Award-winning author delivers another masterpiece.
  - Includes exclusive content and illustrations.
  - Gripping narrative that keeps you turning pages.
  - Meticulously researched and expertly presented.
  - Perfect for book clubs and group discussions.

Whether you are a longtime fan or new to the genre, this book will captivate you from the first page.

Additional Details:
  - Critically acclaimed with outstanding reader reviews.
  - Expertly crafted with attention to every detail.

A must-read for fans of the genre.",Books,Fiction,Oxford University Press,7.79,2.0,Original from products,2.0,2.0,1,1.0,6,2025-02-09,1.0,2.0,0.0,0.0,0.0,0.0,0.0,0.0,9.15,200.0,0.0,0.0,,0.0,0.0
dde432a8-048f-42c6-a577-1402728f8edd,"Nestle Beverage - 13""","Savor the rich flavors of the Nestle Beverage - 13"".

Key Features:
  - Ethically sourced and sustainably produced.
  - Premium quality guaranteed by our master artisans.
  - Versatile ingredient for countless recipes.
  - Freshness sealed for optimal taste.
  - Sourced from the finest origins around the world.
  - No artificial preservatives or additives.

Perfect for sharing with loved ones.",Grocery & Gourmet,Beverages,Nestle,5.93,,No rating available,,,0,0.0,42,2025-08-26,7.0,5.0,2.0,1.0,1.0,1.0,5.74,5.74,8.15,71.43,40.0,20.0,50.0,0.82,1.15
6cc967bd-7661-4bbd-9f42-b864b0eb05cd,Lenovo Ultra Pixel18,"Engineered for excellence, the Lenovo Ultra Pixel18 sets a new standard.

Key Features:
  - Advanced cooling system for sustained performance.
  - Intuitive user interface with customizable settings.
  - Features a high-resolution display with vivid color accuracy.
  - Advanced connectivity options including WiFi 6 and Bluetooth 5.3.

Designed with the modern user in mind, it combines powerful performance with an intuitive interface.

Perfect for professionals and enthusiasts alike.",Electronics,Smartphones,Lenovo,128.62,,No rating available,,,0,0.0,6,2024-01-20,22.0,5.0,0.0,0.0,0.0,0.0,0.0,0.0,22.11,22.73,0.0,0.0,,0.0,0.0
0fd8be61-bce2-480c-95b9-66e8e07e0a3c,Samsung Max Noise-Canceling Headphones,"Upgrade your setup with the powerful Samsung Max Noise-Canceling Headphones.

Key Features:
  - Equipped with the latest processor for seamless multitasking.
  - Supports high-resolution audio for immersive sound.
  - Features a high-resolution display with vivid color accuracy.
  - Long-lasting battery designed for all-day productivity.
  - Enhanced security features including biometric authentication.
  - Sleek, lightweight design for maximum portability.

Whether you are working from home, gaming, or streaming, this device is built to handle it all with ease.

Order today and experience the difference.",Electronics,Headphones,Samsung,178.98,,No rating available,,,0,0.0,1,2025-12-15,10.0,8.0,5.0,0.0,0.0,0.0,0.0,0.0,13.17,80.0,62.5,0.0,0.0,0.0,0.0
7920161a-46b1-449f-89b3-d03b9719aedb,"Cuisinart 27"" Bedding Set","Elevate your everyday living with the Cuisinart 27"" Bedding Set.

Key Features:
  - Easy to clean and maintain for everyday use.
  - Crafted from premium {material} for lasting quality.
  - Elegant finish adds a touch of sophistication.
  - Built to withstand daily use with durable construction.
  - Stackable design for efficient storage.

Designed to enhance your living space while providing practical everyday functionality.

Additional Details:
  - Premium materials for lasting quality.
  - Available in a variety of finishes.
  - Easy to clean and maintain.

The perfect addition to any modern home.",Home & Kitchen,Bedding,Cuisinart,32.97,,No rating available,,,0,0.0,1,2024-07-14,10.0,3.0,2.0,1.0,1.0,1.0,33.98,33.98,15.78,30.0,66.67,33.33,50.0,3.4,11.33
279e9971-91eb-4601-99cc-a3f3a1bfbe83,Apple Classic Smartwatch,"The Apple Classic Smartwatch delivers exceptional performance for all your needs.

Key Features:
  - Equipped with the latest processor for seamless multitasking.
  - Features a high-resolution display with vivid color accuracy.
  - Advanced cooling system for sustained performance.
  - Sleek, lightweight design for maximum portability.
  - Premium build quality with aerospace-grade materials.
  - Advanced connectivity options including WiFi 6 and Bluetooth 5.3.

Whether you are working from home, gaming, or streaming, this device is built to handle it all with ease.

Elevate your daily experience with this premium device.",Electronics,Wearables,Apple,77.92,3.5,Original from products,3.5,3.5,2,2.0,1,2023-11-04,86.0,24.0,11.0,2.0,2.0,2.0,154.44,77.22,18.13,27.91,45.83,8.33,18.18,1.8,6.44
787b5243-feb4-42ad-bc16-d687e2579407,Nike Elite Sandals,"Make a statement with the Nike Elite Sandals.

Key Features:
  - Eco-friendly materials sourced sustainably.
  - Four-way stretch fabric for unrestricted movement.
  - Premium {material} fabric for lasting comfort.
  - Classic design that never goes out of style.

From casual outings to formal occasions, this piece transitions effortlessly across settings.

Join thousands of satisfied customers worldwide.",Clothing & Accessories,Footwear,Nike,17.16,3.0,Original from products,3.0,3.0,2,2.0,1,2025-07-06,79.0,31.0,21.0,5.0,5.0,7.0,119.27,16.992,17.02,39.24,67.74,16.13,23.81,1.51,3.85
e83f78c2-e13c-4f66-a63b-27b3dc5348e5,3M Organization Organizer,"Designed for efficiency, the 3M Organization Organizer delivers.

Key Features:
  - Streamlines your workflow for maximum efficiency.
  - Adjustable settings for personalized comfort.
  - Easy setup with no assembly required.
  - Space-saving profile fits any desk setup.

Backed by our quality guarantee.",Office Products,Organization,3M,7.43,4.2,Original from products,4.2,4.25,4,4.0,31,2023-06-08,174.0,68.0,40.0,4.0,4.0,6.0,43.46,7.24,17.23,39.08,58.82,5.88,10.0,0.25,0.64
ff1e519c-29d1-4eab-88c1-3041b22dd73c,Nike Womenswear Dress,"Make a statement with the Nike Womenswear Dress.

Key Features:
  - Reinforced stitching for enhanced durability.
  - Eco-friendly materials sourced sustainably.
  - Tailored fit that flatters every body type.
  - Premium {material} fabric for lasting comfort.
  - Four-way stretch fabric for unrestricted movement.

From casual outings to formal occasions, this piece transitions effortlessly across settings.

Additional Details:
  - Available in multiple sizes for the perfect fit.
  - Premium fabric construction for lasting wear.

Available in multiple colors to suit your style.",Clothing & Accessories,Womenswear,Nike,30.4,,No rating available,,,0,0.0,1,2024-05-20,6.0,2.0,1.0,0.0,0.0,0.0,0.0,0.0,10.9,33.33,50.0,0.0,0.0,0.0,0.0
f78b3d6a-36dd-4fda-8382-31865d961859,H&M Gold-Plated Jewelry,"Make a statement with the H&M Gold-Plated Jewelry.

Key Features:
  - Easy care fabric - machine washable.
  - Reinforced stitching for enhanced durability.
  - Four-way stretch fabric for unrestricted movement.
  - Classic design that never goes out of style.

Crafted with attention to detail, it offers the perfect balance of style and practicality.

Additional Details:
  - Available in multiple sizes for the perfect fit.
  - Designed for comfort with a tailored silhouette.
  - Premium fabric construction for lasting wear.

Experience the perfect blend of style and comfort.",Clothing & Accessories,Jewelry,H&M,14.49,,No rating available,,,0,0.0,2,2025-09-01,7.0,1.0,1.0,0.0,0.0,0.0,0.0,0.0,12.87,14.29,100.0,0.0,0.0,0.0,0.0
fa8e94c7-decb-44da-b86d-0ce73492874c,Digital Marketing for Data Scientists,"Digital Marketing for Data Scientists offers a fresh perspective on an important topic.

Key Features:
  - Meticulously researched and expertly presented.
  - Gripping narrative that keeps you turning pages.
  - Includes exclusive content and illustrations.
  - Award-winning author delivers another masterpiece.
  - Thought-provoking themes that resonate long after reading.

Perfect for bedtime reading, book clubs, or casual enjoyment, this book offers something for everyone.

Critically acclaimed and reader-approved.",Books,Educational,Macmillan,8.49,,No rating available,,,0,0.0,5,2025-08-19,0.0,1.0,0.0,0.0,0.0,0.0,0.0,0.0,0.99,,0.0,0.0,,,0.0
effbaab5-5b3a-4f97-a1d1-ef7241dd9d65,A smart quantum,"A smart quantum offers a fresh perspective on an important topic.

Key Features:
  - Award-winning author delivers another masterpiece.
  - Includes discussion questions for book clubs.
  - Comprehensive coverage of the subject matter.
  - Perfect for book clubs and group discussions.
  - Beautifully written with vivid prose and memorable characters.

Perfect for bedtime reading, book clubs, or casual enjoyment, this book offers something for everyone.

Additional Details:
  - Critically acclaimed with outstanding reader reviews.
  - Available in multiple formats for your reading preference.
  - Expertly crafted with attention to every detail.

Already a bestseller in multiple countries.",Books,Fiction,Bloomsbury,11.5,3.0,Original from products,3.0,3.0,1,1.0,3,2023-11-16,0.0,0.0,0.0,0.0,0.0,0.0,0.0,0.0,0.0,,,,,,
725d531d-3def-4a46-83db-b68cb76ff5e2,The elegant Night Guardian,"The elegant Night Guardian is a compelling read you won't want to put down.

Key Features:
  - Includes discussion questions for book clubs.
  - Gripping narrative that keeps you turning pages.
  - Comprehensive coverage of the subject matter.
  - Beautifully written with vivid prose and memorable characters.
  - Meticulously researched and expertly presented.

Perfect for bedtime reading, book clubs, or casual enjoyment, this book offers something for everyone.

Additional Details:
  - Expertly crafted with attention to every detail.
  - Critically acclaimed with outstanding reader reviews.
  - Available in multiple formats for your reading preference.

Critically acclaimed and reader-approved.",Books,Comics,Penguin Books,7.18,5.0,Original from products,5.0,5.0,1,1.0,94,2023-07-27,0.0,0.0,0.0,0.0,0.0,0.0,0.0,0.0,0.0,,,,,,
d38fc8dd-b823-4630-a318-e8ad6236b615,"OXO 17"" Kitchenware Set","Designed to make your home more beautiful and functional.

Key Features:
  - Built to withstand daily use with durable construction.
  - Temperature resistant up to {temp_c} degrees.
  - Crafted from premium {material} for lasting quality.
  - Stackable design for efficient storage.
  - Space-saving design fits perfectly in any room.
  - Elegant finish adds a touch of sophistication.

Whether you are redecorating or just looking for that perfect finishing touch, this piece fits beautifully.

Designed for real life, built to last.",Home & Kitchen,Kitchenware,OXO,57.6,,No rating available,,,0,0.0,1,2023-02-09,0.0,1.0,0.0,0.0,0.0,0.0,0.0,0.0,3.62,,0.0,0.0,,,0.0
16a8cdac-1a86-4857-bf41-2973fd32b7b7,LEGO Haven Board Game,"Bring joy to playtime with the LEGO Haven Board Game.

Key Features:
  - Easy to learn, with endless replay value.
  - Develops fine motor skills and hand-eye coordination.
  - STEM-focused learning through play.
  - Encourages creative thinking and problem-solving skills.
  - Award-winning design loved by kids and parents.
  - Safe, non-toxic materials certified for children.

Trusted by parents and loved by children.",Toys & Games,Board Games,LEGO,38.98,4.5,Original from products,4.5,4.5,2,2.0,1,2023-04-22,14.0,2.0,5.0,2.0,2.0,2.0,78.14,39.07,16.61,14.29,250.0,100.0,40.0,5.58,39.07
7e7cc56c-75d6-43ce-85be-98883fa5adff,Samsung Max9 Ultrabook,"Engineered for excellence, the Samsung Max9 Ultrabook sets a new standard.

Key Features:
  - Supports high-resolution audio for immersive sound.
  - Sleek, lightweight design for maximum portability.
  - Features a high-resolution display with vivid color accuracy.
  - Advanced connectivity options including WiFi 6 and Bluetooth 5.3.
  - Premium build quality with aerospace-grade materials.

Designed with the modern user in mind, it combines powerful performance with an intuitive interface.

Additional Details:
  - Slim and portable form factor for easy travel.
  - Connectivity: USB-C, HDMI, WiFi 6, Bluetooth.

Perfect for professionals and enthusiasts alike.",Electronics,Laptops,Samsung,102.11,5.0,Original from products,5.0,5.0,2,2.0,1,2025-10-26,84.0,35.0,27.0,3.0,3.0,4.0,422.93,105.37666666666667,18.74,41.67,77.14,8.57,11.11,5.03,12.08
07c063a3-3e62-4e4b-9a3d-79c63ae26e68,Ninja Non-Stick Kitchenware,"The Ninja Non-Stick Kitchenware brings both style and function to your space.

Key Features:
  - Crafted from premium {material} for lasting quality.
  - Elegant finish adds a touch of sophistication.
  - Stackable design for efficient storage.
  - Versatile design complements any decor style.

Designed to enhance your living space while providing practical everyday functionality.

Additional Details:
  - Easy to clean and maintain.
  - Premium materials for lasting quality.

Make every day extraordinary.",Home & Kitchen,Kitchenware,Ninja,33.87,5.0,Original from products,5.0,5.0,1,1.0,1,2025-09-04,34.0,8.0,4.0,0.0,0.0,0.0,0.0,0.0,17.21,23.53,50.0,0.0,0.0,0.0,0.0
7b43bf88-22b8-4623-b746-8d1e89ce2a93,Wilson Waterproof Camping Gear,"Conquer any challenge with the Wilson Waterproof Camping Gear.

Key Features:
  - Compression-molded for compact storage.
  - Adjustable features for customized fit.
  - Reflective elements enhance visibility in low light.
  - Durable construction withstands the toughest conditions.

Ready for wherever your journey takes you.",Sports & Outdoors,Camping Gear,Wilson,75.93,3.5,Original from products,3.5,3.5,2,2.0,1,2024-09-22,40.0,19.0,13.0,5.0,5.0,6.0,460.86999999999995,76.82,23.67,47.5,68.42,26.32,38.46,11.52,24.26
0cfaca2f-c367-41ff-876d-0ddb18f06cb3,LEGO Cybersecurity 2000pc Puzzle,"Unleash endless fun with the LEGO Cybersecurity 2000pc Puzzle.

Key Features:
  - STEM-focused learning through play.
  - Expandable with additional sets and accessories.
  - Easy to learn, with endless replay value.
  - Includes everything needed for immediate play.

Winner of multiple toy awards.",Toys & Games,Puzzles,LEGO,16.29,1.0,Original from products,1.0,1.0,1,1.0,1,2024-12-11,8.0,0.0,1.0,1.0,1.0,1.0,17.09,17.09,16.07,0.0,,,100.0,2.14,
d73f15bc-63de-4f98-8c32-6f0f064d7264,KitchenAid Lighting - Olive,"The KitchenAid Lighting - Olive brings both style and function to your space.

Key Features:
  - Easy to clean and maintain for everyday use.
  - Dishwasher safe for effortless cleaning.
  - Space-saving design fits perfectly in any room.
  - Ergonomic design for comfortable use.

Designed to enhance your living space while providing practical everyday functionality.

Additional Details:
  - Easy to clean and maintain.
  - Dimensions: perfectly sized for your space.

Designed for real life, built to last.",Home & Kitchen,Lighting,KitchenAid,27.06,,No rating available,,,0,0.0,1,2024-02-12,18.0,8.0,2.0,0.0,0.0,0.0,0.0,0.0,13.71,44.44,25.0,0.0,0.0,0.0,0.0
50d9ec7e-0105-41ea-b192-303811ed357f,Reinforcement Learning,"Reinforcement Learning is a compelling read you won't want to put down.

Key Features:
  - Award-winning author delivers another masterpiece.
  - Includes discussion questions for book clubs.
  - Includes exclusive content and illustrations.
  - Meticulously researched and expertly presented.

Perfect for bedtime reading, book clubs, or casual enjoyment, this book offers something for everyone.

Additional Details:
  - Available in multiple formats for your reading preference.
  - A substantial read that delivers incredible value.
  - Expertly crafted with attention to every detail.

A must-read for fans of the genre.",Books,Non-Fiction,HarperCollins,25.47,4.0,Original from products,4.0,4.0,1,1.0,1,2023-08-28,3.0,0.0,2.0,1.0,1.0,3.0,78.87,26.29,16.14,0.0,,,50.0,26.29,
dbbd1458-bade-4522-a662-5f1a6671895d,HP Edge12 Bluetooth Earbuds,"Experience cutting-edge technology with the HP Edge12 Bluetooth Earbuds.

Key Features:
  - Supports high-resolution audio for immersive sound.
  - Features a high-resolution display with vivid color accuracy.
  - Equipped with the latest processor for seamless multitasking.
  - Sleek, lightweight design for maximum portability.
  - Intuitive user interface with customizable settings.
  - Long-lasting battery designed for all-day productivity.

Whether you are working from home, gaming, or streaming, this device is built to handle it all with ease.

Elevate your daily experience with this premium device.",Electronics,Headphones,HP,278.54,,No rating available,,,0,0.0,1,2023-01-15,4.0,1.0,0.0,0.0,0.0,0.0,0.0,0.0,27.85,25.0,0.0,0.0,,0.0,0.0
c38f1915-b6d5-4111-ae82-d259f1e5b433,Apple Classic Pro,"Experience cutting-edge technology with the Apple Classic Pro.

Key Features:
  - Premium build quality with aerospace-grade materials.
  - Equipped with the latest processor for seamless multitasking.
  - Features a high-resolution display with vivid color accuracy.
  - Intuitive user interface with customizable settings.
  - Long-lasting battery designed for all-day productivity.
  - Supports high-resolution audio for immersive sound.

Whether you are working from home, gaming, or streaming, this device is built to handle it all with ease.

Perfect for professionals and enthusiasts alike.",Electronics,Laptops,Apple,228.54,5.0,Original from products,5.0,5.0,1,1.0,19,2025-04-17,11.0,7.0,9.0,2.0,2.0,2.0,460.08000000000004,230.04000000000002,12.89,63.64,128.57,28.57,22.22,41.83,65.73
d6fe078e-f4f0-4504-aa99-434d11270a74,Apple Elite Tablet,"The Apple Elite Tablet delivers exceptional performance for all your needs.

Key Features:
  - Features a high-resolution display with vivid color accuracy.
  - Sleek, lightweight design for maximum portability.
  - Advanced connectivity options including WiFi 6 and Bluetooth 5.3.
  - Long-lasting battery designed for all-day productivity.
  - Enhanced security features including biometric authentication.

Whether you are working from home, gaming, or streaming, this device is built to handle it all with ease.

Additional Details:
  - Slim and portable form factor for easy travel.
  - Long battery life for all-day usage.
  - High-resolution display with vivid color reproduction.

Backed by a comprehensive warranty and dedicated support.",Electronics,Tablets,Apple,286.74,,No rating available,,,0,0.0,1,2023-02-14,1.0,1.0,0.0,0.0,0.0,0.0,0.0,0.0,28.99,100.0,0.0,0.0,,0.0,0.0
db9e90f6-153b-41a2-8dd2-76e1ca03e257,"Maybelline Skincare - 13""","Nourish and pamper yourself with the Maybelline Skincare - 13"".

Key Features:
  - Formulated with natural ingredients for gentle care.
  - Free from parabens, sulfates, and phthalates.
  - Hydrating formula restores natural moisture balance.
  - Dermatologist-tested and suitable for all skin types.
  - Rich, luxurious texture that absorbs quickly.
  - Clinically proven results with regular use.

Your skin deserves the best.",Beauty & Personal Care,Skincare,Maybelline,7.42,,No rating available,,,0,0.0,1,2023-05-11,26.0,12.0,4.0,0.0,0.0,0.0,0.0,0.0,18.67,46.15,33.33,0.0,0.0,0.0,0.0
27312073-c823-4e6b-a74b-2ce328bd8ef5,Nike Menswear in Sage,"The Nike Menswear in Sage combines style with everyday comfort.

Key Features:
  - Eco-friendly materials sourced sustainably.
  - Premium {material} fabric for lasting comfort.
  - Moisture-wicking technology keeps you dry.
  - Versatile design transitions seamlessly from day to night.
  - Tailored fit that flatters every body type.
  - Breathable material keeps you comfortable all day.

Crafted with attention to detail, it offers the perfect balance of style and practicality.

Additional Details:
  - Available in multiple sizes for the perfect fit.
  - Premium fabric construction for lasting wear.

Join thousands of satisfied customers worldwide.",Clothing & Accessories,Menswear,Nike,78.86,,No rating available,,,0,0.0,1,2025-09-15,5.0,4.0,2.0,0.0,0.0,0.0,0.0,0.0,10.32,80.0,50.0,0.0,0.0,0.0,0.0
43895bf6-b6a7-40c0-b2e5-cb809f94758a,Olay Haircare Treatment,"The Olay Haircare Treatment is your new essential for radiant skin.

Key Features:
  - Antioxidant-rich formula protects against environmental damage.
  - Free from parabens, sulfates, and phthalates.
  - Formulated with natural ingredients for gentle care.
  - Hydrating formula restores natural moisture balance.
  - Delicate fragrance that lingers throughout the day.

Additional Details:
  - Ingredients: {ingredient_highlight}
  - Volume: {volume_ml}ml
  - Shelf life: {shelf_life}m

Your skin deserves the best.",Beauty & Personal Care,Haircare,Olay,27.29,,No rating available,,,0,0.0,2,2024-12-27,23.0,10.0,5.0,0.0,0.0,0.0,0.0,0.0,20.02,43.48,50.0,0.0,0.0,0.0,0.0
54b702fb-b8ab-4748-87d3-c1580b95a1e5,Nokia Galaxy10 Instant Camera,"Engineered for excellence, the Nokia Galaxy10 Instant Camera sets a new standard.

Key Features:
  - Supports high-resolution audio for immersive sound.
  - Advanced cooling system for sustained performance.
  - Long-lasting battery designed for all-day productivity.
  - Intuitive user interface with customizable settings.
  - Premium build quality with aerospace-grade materials.

Whether you are working from home, gaming, or streaming, this device is built to handle it all with ease.

Additional Details:
  - High-resolution display with vivid color reproduction.
  - Slim and portable form factor for easy travel.

Perfect for professionals and enthusiasts alike.",Electronics,Cameras,Nokia,304.35,1.0,Original from products,1.0,1.0,1,1.0,2,2024-09-02,7.0,2.0,0.0,0.0,0.0,0.0,0.0,0.0,24.06,28.57,0.0,0.0,,0.0,0.0
b603e662-1c53-4f3c-afed-7a8f43a94953,Fisher-Price Bloom Building Set,"Unleash endless fun with the Fisher-Price Bloom Building Set.

Key Features:
  - Includes everything needed for immediate play.
  - Expandable with additional sets and accessories.
  - Develops fine motor skills and hand-eye coordination.
  - Easy to learn, with endless replay value.
  - Durable design withstands active play.

Winner of multiple toy awards.",Toys & Games,Educational Toys,Fisher-Price,31.54,,No rating available,,,0,0.0,1,2023-09-30,28.0,7.0,9.0,1.0,1.0,1.0,32.58,32.58,19.67,25.0,128.57,14.29,11.11,1.16,4.65
a14610e4-bf78-48e8-92ad-564e71119087,Hot Wheels Panoramic Calculus Puzzle,"The Hot Wheels Panoramic Calculus Puzzle offers hours of engaging entertainment.

Key Features:
  - Award-winning design loved by kids and parents.
  - Includes everything needed for immediate play.
  - STEM-focused learning through play.
  - Suitable for solo play or group activities.

Additional Details:
  - Box dimensions: {dim_cm} cm
  - Recommended age: {age_range}+
  - Batteries: {battery_req}

Where learning meets play.",Toys & Games,Puzzles,Hot Wheels,25.74,,No rating available,,,0,0.0,2,2023-07-06,9.0,4.0,2.0,1.0,1.0,2.0,52.22,26.11,15.43,44.44,50.0,25.0,50.0,5.8,13.06
f1ebe6fb-938c-48be-be5a-3337030d3b97,Samsung Classic Smartwatch,"Engineered for excellence, the Samsung Classic Smartwatch sets a new standard.

Key Features:
  - Premium build quality with aerospace-grade materials.
  - Equipped with the latest processor for seamless multitasking.
  - Enhanced security features including biometric authentication.
  - Features a high-resolution display with vivid color accuracy.

Whether you are working from home, gaming, or streaming, this device is built to handle it all with ease.

Additional Details:
  - Slim and portable form factor for easy travel.
  - Connectivity: USB-C, HDMI, WiFi 6, Bluetooth.

Perfect for professionals and enthusiasts alike.",Electronics,Wearables,Samsung,123.71,,No rating available,,,0,0.0,1,2024-08-04,5.0,4.0,1.0,0.0,0.0,0.0,0.0,0.0,19.3,80.0,25.0,0.0,0.0,0.0,0.0
4e24b19e-c0ca-47a7-a615-67062662a44c,Lenovo Elite Max5 Laptop,"Experience cutting-edge technology with the Lenovo Elite Max5 Laptop.

Key Features:
  - Long-lasting battery designed for all-day productivity.
  - Advanced connectivity options including WiFi 6 and Bluetooth 5.3.
  - Enhanced security features including biometric authentication.
  - Features a high-resolution display with vivid color accuracy.

Designed with the modern user in mind, it combines powerful performance with an intuitive interface.

Backed by a comprehensive warranty and dedicated support.",Electronics,Laptops,Lenovo,193.96,3.0,Original from products,3.0,3.0,1,1.0,1,2024-03-23,9.0,2.0,3.0,1.0,1.0,1.0,195.25,195.25,18.11,22.22,150.0,50.0,33.33,21.69,97.62
6ef9c7da-368f-4a3d-b2da-b84cc4db8e52,Apple Book6 Pro 5G,"Experience cutting-edge technology with the Apple Book6 Pro 5G.

Key Features:
  - Features a high-resolution display with vivid color accuracy.
  - Advanced connectivity options including WiFi 6 and Bluetooth 5.3.
  - Long-lasting battery designed for all-day productivity.
  - Sleek, lightweight design for maximum portability.
  - Advanced cooling system for sustained performance.
  - Enhanced security features including biometric authentication.

Whether you are working from home, gaming, or streaming, this device is built to handle it all with ease.

Additional Details:
  - Slim and portable form factor for easy travel.
  - Connectivity: USB-C, HDMI, WiFi 6, Bluetooth.
  - High-resolution display with vivid color reproduction.

Backed by a comprehensive warranty and dedicated support.",Electronics,Smartphones,Apple,120.59,,No rating available,,,0,0.0,3,2024-10-28,10.0,1.0,2.0,0.0,0.0,0.0,0.0,0.0,26.37,10.0,200.0,0.0,0.0,0.0,0.0
714a692d-b204-4b27-a002-d658f510d3df,LEGO Cascade Card Game,"Unleash endless fun with the LEGO Cascade Card Game.

Key Features:
  - Encourages creative thinking and problem-solving skills.
  - Durable design withstands active play.
  - STEM-focused learning through play.
  - Easy to learn, with endless replay value.

Additional Details:
  - Box dimensions: {dim_cm} cm
  - Batteries: {battery_req}
  - Recommended age: {age_range}+

Winner of multiple toy awards.",Toys & Games,Board Games,LEGO,42.08,2.0,Original from products,2.0,2.0,1,1.0,51,2023-07-26,35.0,7.0,8.0,1.0,1.0,3.0,126.36,42.12,17.03,20.0,114.29,14.29,12.5,3.61,18.05
73986400-fbde-4248-a340-850fdac4bd8f,Zara Classic Fit Menswear,"Elevate your wardrobe with the Zara Classic Fit Menswear.

Key Features:
  - Reinforced stitching for enhanced durability.
  - Easy care fabric - machine washable.
  - Eco-friendly materials sourced sustainably.
  - Breathable material keeps you comfortable all day.

Crafted with attention to detail, it offers the perfect balance of style and practicality.

Available in multiple colors to suit your style.",Clothing & Accessories,Menswear,Zara,13.51,,No rating available,,,0,0.0,1,2023-10-16,3.0,0.0,1.0,0.0,0.0,0.0,0.0,0.0,17.1,0.0,,,0.0,0.0,
48702740-ffd5-4eca-8fa9-c39563b2a8c8,Nutrition,"Discover the story behind Nutrition.

Key Features:
  - Comprehensive coverage of the subject matter.
  - Meticulously researched and expertly presented.
  - Includes exclusive content and illustrations.
  - Award-winning author delivers another masterpiece.
  - Beautifully written with vivid prose and memorable characters.

Perfect for bedtime reading, book clubs, or casual enjoyment, this book offers something for everyone.

Additional Details:
  - Critically acclaimed with outstanding reader reviews.
  - Available in multiple formats for your reading preference.
  - Expertly crafted with attention to every detail.

Order your copy today and start reading.",Books,Non-Fiction,Penguin Books,10.68,4.0,Original from products,4.0,4.0,1,1.0,3,2023-05-21,2.0,0.0,0.0,0.0,0.0,0.0,0.0,0.0,17.59,0.0,,,,0.0,
8b5089a2-f314-4a70-9b56-68dcbcffeb79,Vitamix Bohemian Home Decor,"The Vitamix Bohemian Home Decor brings both style and function to your space.

Key Features:
  - Easy to clean and maintain for everyday use.
  - Ergonomic design for comfortable use.
  - Space-saving design fits perfectly in any room.
  - Stackable design for efficient storage.

Whether you are redecorating or just looking for that perfect finishing touch, this piece fits beautifully.

The perfect addition to any modern home.",Home & Kitchen,Home Decor,Vitamix,170.0,,No rating available,,,0,0.0,1,2024-06-13,4.0,2.0,1.0,0.0,0.0,0.0,0.0,0.0,11.36,50.0,50.0,0.0,0.0,0.0,0.0
5ee82ef3-18c6-44fe-9f19-ca96956bb2ac,Hasbro Luna Action Figure,"Unleash endless fun with the Hasbro Luna Action Figure.

Key Features:
  - Durable design withstands active play.
  - Expandable with additional sets and accessories.
  - Safe, non-toxic materials certified for children.
  - STEM-focused learning through play.
  - Includes everything needed for immediate play.
  - Encourages creative thinking and problem-solving skills.

Additional Details:
  - Batteries: {battery_req}
  - Players: {player_count}
  - Recommended age: {age_range}+

Trusted by parents and loved by children.",Toys & Games,Action Figures,Hasbro,17.17,,No rating available,,,0,0.0,1,2023-12-11,8.0,3.0,4.0,0.0,0.0,0.0,0.0,0.0,16.36,37.5,133.33,0.0,0.0,0.0,0.0
011a7341-1f25-4cd0-9777-edabe4c60de7,Advanced Robotics,"Advanced Robotics offers a fresh perspective on an important topic.

Key Features:
  - Perfect for book clubs and group discussions.
  - Thought-provoking themes that resonate long after reading.
  - Beautifully written with vivid prose and memorable characters.
  - Features a foreword by a leading expert in the field.
  - Gripping narrative that keeps you turning pages.
  - Award-winning author delivers another masterpiece.

Whether you are a longtime fan or new to the genre, this book will captivate you from the first page.

Additional Details:
  - Expertly crafted with attention to every detail.
  - Available in multiple formats for your reading preference.

Already a bestseller in multiple countries.",Books,Educational,Doubleday,12.43,,No rating available,,,0,0.0,1,2023-10-06,1.0,0.0,0.0,0.0,0.0,0.0,0.0,0.0,66.39,0.0,,,,0.0,
73a75a44-cd7c-4fc9-b3ff-6378dee9672f,The smart Statistics Handbook,"Discover the story behind The smart Statistics Handbook.

Key Features:
  - Award-winning author delivers another masterpiece.
  - Beautifully written with vivid prose and memorable characters.
  - Includes exclusive content and illustrations.
  - Thought-provoking themes that resonate long after reading.
  - Meticulously researched and expertly presented.
  - Gripping narrative that keeps you turning pages.

Whether you are a longtime fan or new to the genre, this book will captivate you from the first page.

Already a bestseller in multiple countries.",Books,Educational,Penguin Books,9.0,,No rating available,,,0,0.0,1,2024-11-16,3.0,1.0,1.0,0.0,0.0,0.0,0.0,0.0,12.52,33.33,100.0,0.0,0.0,0.0,0.0
888ad32b-d46b-4a8f-aa72-c75149bc151a,3M Compact Printer,"Boost your productivity with the 3M Compact Printer.

Key Features:
  - Streamlines your workflow for maximum efficiency.
  - Compatible with standard office supplies and accessories.
  - Ergonomic design reduces strain during extended use.
  - Adjustable settings for personalized comfort.

Additional Details:
  - Dimensions: {dim_cm} cm
  - Color: {color_option}

The smart choice for modern professionals.",Office Products,Printers,3M,24.46,,No rating available,,,0,0.0,39,2024-09-12,15.0,10.0,2.0,0.0,0.0,0.0,0.0,0.0,18.52,66.67,20.0,0.0,0.0,0.0,0.0
c375596d-8ce7-45a7-92a7-a651b6c791f4,LG Book16 DSLR,"Experience cutting-edge technology with the LG Book16 DSLR.

Key Features:
  - Equipped with the latest processor for seamless multitasking.
  - Features a high-resolution display with vivid color accuracy.
  - Sleek, lightweight design for maximum portability.
  - Long-lasting battery designed for all-day productivity.
  - Advanced cooling system for sustained performance.

Designed with the modern user in mind, it combines powerful performance with an intuitive interface.

Additional Details:
  - Long battery life for all-day usage.
  - Slim and portable form factor for easy travel.

Perfect for professionals and enthusiasts alike.",Electronics,Cameras,LG,89.59,,No rating available,,,0,0.0,2,2023-09-19,11.0,2.0,2.0,0.0,0.0,0.0,0.0,0.0,20.08,18.18,100.0,0.0,0.0,0.0,0.0
fa6a90c7-9768-4283-8a77-45ef0849d76e,LEGO Leo Action Figure,"The LEGO Leo Action Figure sparks creativity and imagination.

Key Features:
  - Expandable with additional sets and accessories.
  - Safe, non-toxic materials certified for children.
  - Encourages creative thinking and problem-solving skills.
  - Suitable for solo play or group activities.

Additional Details:
  - Box dimensions: {dim_cm} cm
  - Players: {player_count}

The perfect gift for any occasion.",Toys & Games,Action Figures,LEGO,22.37,,No rating available,,,0,0.0,1,2025-05-21,15.0,7.0,2.0,0.0,0.0,0.0,0.0,0.0,28.42,46.67,28.57,0.0,0.0,0.0,0.0
fd50c123-95fd-4c09-bd4f-22f078c8b3f5,Samsung Core Series5 Laptop,"The Samsung Core Series5 Laptop delivers exceptional performance for all your needs.

Key Features:
  - Intuitive user interface with customizable settings.
  - Features a high-resolution display with vivid color accuracy.
  - Equipped with the latest processor for seamless multitasking.
  - Sleek, lightweight design for maximum portability.
  - Advanced cooling system for sustained performance.
  - Premium build quality with aerospace-grade materials.

Designed with the modern user in mind, it combines powerful performance with an intuitive interface.

Additional Details:
  - Slim and portable form factor for easy travel.
  - High-resolution display with vivid color reproduction.
  - Connectivity: USB-C, HDMI, WiFi 6, Bluetooth.

Elevate your daily experience with this premium device.",Electronics,Laptops,Samsung,271.74,,No rating available,,,0,0.0,1,2024-03-04,1.0,2.0,1.0,0.0,0.0,0.0,0.0,0.0,11.19,200.0,50.0,0.0,0.0,0.0,0.0
34813fbd-4762-4e1a-9fad-2c4bd228840a,Le Creuset Ultra-Soft Bedding,"The Le Creuset Ultra-Soft Bedding brings both style and function to your space.

Key Features:
  - Built to withstand daily use with durable construction.
  - Space-saving design fits perfectly in any room.
  - Stackable design for efficient storage.
  - Versatile design complements any decor style.
  - Elegant finish adds a touch of sophistication.
  - Easy to clean and maintain for everyday use.

Designed to enhance your living space while providing practical everyday functionality.

Additional Details:
  - Premium materials for lasting quality.
  - Available in a variety of finishes.
  - Dimensions: perfectly sized for your space.

The perfect addition to any modern home.",Home & Kitchen,Bedding,Le Creuset,28.57,,No rating available,,,0,0.0,3,2024-03-01,15.0,3.0,2.0,1.0,1.0,1.0,29.54,29.54,16.93,20.0,66.67,33.33,50.0,1.97,9.85
e09f1e0d-b138-4e3e-aae1-77923e9ac610,M&M's Pantry Staple Value Size,"Savor the rich flavors of the M&M's Pantry Staple Value Size.

Key Features:
  - Expertly crafted using traditional methods.
  - No artificial preservatives or additives.
  - Freshness sealed for optimal taste.
  - Ethically sourced and sustainably produced.
  - Perfect for gifting or everyday indulgence.

Additional Details:
  - Shelf life: {shelf_life}m
  - Net weight: {weight_g}g
  - Storage: {storage_type}

A taste worth savoring.",Grocery & Gourmet,Pantry Staples,M&M's,11.87,,No rating available,,,0,0.0,15,2024-08-18,25.0,13.0,3.0,0.0,0.0,0.0,0.0,0.0,25.78,52.0,23.08,0.0,0.0,0.0,0.0
70d10efc-589a-4274-8461-8b4384541e84,Yeti Ultralight Camping Gear,"The Yeti Ultralight Camping Gear is built for those who push their limits.

Key Features:
  - Ergonomic design reduces fatigue during extended use.
  - Durable construction withstands the toughest conditions.
  - Quick-setup system saves time and hassle.
  - Adjustable features for customized fit.
  - Compression-molded for compact storage.
  - Weather-resistant materials keep you protected.

Built to last, backed by our warranty.",Sports & Outdoors,Camping Gear,Yeti,90.08,,No rating available,,,0,0.0,3,2023-06-23,5.0,4.0,3.0,0.0,0.0,0.0,0.0,0.0,21.64,80.0,75.0,0.0,0.0,0.0,0.0
d39e47ca-8c95-4450-8edb-290c06bf0b0d,Wilson Ultralight Camping Gear,"The Wilson Ultralight Camping Gear is built for those who push their limits.

Key Features:
  - Reinforced stress points for long-lasting durability.
  - Ventilated design for breathability.
  - Compression-molded for compact storage.
  - Ergonomic design reduces fatigue during extended use.
  - Quick-setup system saves time and hassle.
  - Durable construction withstands the toughest conditions.

Additional Details:
  - Material: {material_quality} {material}
  - Weight: {weight_g}g

Trusted by athletes and adventurers worldwide.",Sports & Outdoors,Camping Gear,Wilson,103.58,,No rating available,,,0,0.0,7,2024-06-07,82.0,33.0,16.0,2.0,2.0,4.0,414.75,104.32499999999999,20.38,40.24,48.48,6.06,12.5,5.06,12.57
48bf1bda-7bd7-411c-9949-b4a200e16e62,Adidas Premium Accessorie,"Designed for those who refuse to compromise on style.

Key Features:
  - Classic design that never goes out of style.
  - Tailored fit that flatters every body type.
  - Eco-friendly materials sourced sustainably.
  - Breathable material keeps you comfortable all day.

Crafted with attention to detail, it offers the perfect balance of style and practicality.

Additional Details:
  - Available in multiple sizes for the perfect fit.
  - Premium fabric construction for lasting wear.
  - Designed for comfort with a tailored silhouette.

Join thousands of satisfied customers worldwide.",Clothing & Accessories,Accessories,Adidas,38.08,3.5,Original from products,3.5,3.5,2,2.0,2,2024-12-27,3.0,5.0,2.0,0.0,0.0,0.0,0.0,0.0,10.4,166.67,40.0,0.0,0.0,0.0,0.0
ce5c0bc7-e4ca-4e0f-93b5-d5e5d58fbcb2,Cuisinart Ultra-Soft Bedding,"Transform your home with the Cuisinart Ultra-Soft Bedding.

Key Features:
  - Versatile design complements any decor style.
  - Space-saving design fits perfectly in any room.
  - Easy to clean and maintain for everyday use.
  - Ergonomic design for comfortable use.
  - Dishwasher safe for effortless cleaning.
  - Temperature resistant up to {temp_c} degrees.

Whether you are redecorating or just looking for that perfect finishing touch, this piece fits beautifully.

Additional Details:
  - Available in a variety of finishes.
  - Easy to clean and maintain.

The perfect addition to any modern home.",Home & Kitchen,Bedding,Cuisinart,369.99,,No rating available,,,0,0.0,1,2023-06-10,0.0,0.0,0.0,0.0,0.0,0.0,0.0,0.0,6.65,,,,,,
6add0373-574c-4f34-a3f8-25faf48f544d,KitchenAid Furniture - Cream,"Transform your home with the KitchenAid Furniture - Cream.

Key Features:
  - Dishwasher safe for effortless cleaning.
  - Built to withstand daily use with durable construction.
  - Elegant finish adds a touch of sophistication.
  - Easy to clean and maintain for everyday use.
  - Ergonomic design for comfortable use.

Designed to enhance your living space while providing practical everyday functionality.

Make every day extraordinary.",Home & Kitchen,Furniture,KitchenAid,89.31,2.0,Original from products,2.0,2.0,1,1.0,20,2024-12-05,25.0,9.0,7.0,1.0,1.0,2.0,182.6,91.3,16.53,36.0,77.78,11.11,14.29,7.3,20.29
7333927d-4b6d-4564-b758-053bcdeda66a,Calculus,"Discover the story behind Calculus.

Key Features:
  - Comprehensive coverage of the subject matter.
  - Thought-provoking themes that resonate long after reading.
  - Includes exclusive content and illustrations.
  - Gripping narrative that keeps you turning pages.
  - Beautifully written with vivid prose and memorable characters.

Perfect for bedtime reading, book clubs, or casual enjoyment, this book offers something for everyone.

Order your copy today and start reading.",Books,Non-Fiction,Penguin Books,16.47,,No rating available,,,0,0.0,99,2023-02-18,7.0,3.0,1.0,0.0,0.0,0.0,0.0,0.0,12.76,42.86,33.33,0.0,0.0,0.0,0.0
37b1c726-0dd6-4c00-9cfa-3c4ad2a4b01c,KitchenAid Modern Lighting,"Elevate your everyday living with the KitchenAid Modern Lighting.

Key Features:
  - Ergonomic design for comfortable use.
  - Dishwasher safe for effortless cleaning.
  - Crafted from premium {material} for lasting quality.
  - Built to withstand daily use with durable construction.
  - Elegant finish adds a touch of sophistication.

Designed to enhance your living space while providing practical everyday functionality.

Designed for real life, built to last.",Home & Kitchen,Lighting,KitchenAid,25.47,5.0,Original from products,5.0,5.0,1,1.0,4,2025-01-22,3.0,2.0,0.0,0.0,0.0,0.0,0.0,0.0,13.44,66.67,0.0,0.0,,0.0,0.0
47f32e6a-7123-4edc-9223-9e295bcf5000,Nike Premium Menswear,"Designed for those who refuse to compromise on style.

Key Features:
  - Classic design that never goes out of style.
  - Four-way stretch fabric for unrestricted movement.
  - Versatile design transitions seamlessly from day to night.
  - Breathable material keeps you comfortable all day.
  - Easy care fabric - machine washable.

Crafted with attention to detail, it offers the perfect balance of style and practicality.

Additional Details:
  - Premium fabric construction for lasting wear.
  - Easy care: machine washable for convenience.

Join thousands of satisfied customers worldwide.",Clothing & Accessories,Menswear,Nike,33.02,5.0,Original from products,5.0,5.0,1,1.0,4,2023-02-14,6.0,0.0,2.0,1.0,1.0,1.0,32.79,32.79,13.93,0.0,,,50.0,5.46,
fca9701c-7e41-4782-a1cb-5b46e500507d,Adidas Gold-Plated Jewelry,"The Adidas Gold-Plated Jewelry combines style with everyday comfort.

Key Features:
  - Versatile design transitions seamlessly from day to night.
  - Easy care fabric - machine washable.
  - Moisture-wicking technology keeps you dry.
  - Premium {material} fabric for lasting comfort.
  - Classic design that never goes out of style.

Crafted with attention to detail, it offers the perfect balance of style and practicality.

Join thousands of satisfied customers worldwide.",Clothing & Accessories,Jewelry,Adidas,82.36,,No rating available,,,0,0.0,2,2023-08-07,15.0,2.0,1.0,0.0,0.0,0.0,0.0,0.0,22.84,13.33,50.0,0.0,0.0,0.0,0.0
ddc97c07-b0a8-4555-be94-fe6895726b6e,Nike Menswear in Red,"Make a statement with the Nike Menswear in Red.

Key Features:
  - Premium {material} fabric for lasting comfort.
  - Versatile design transitions seamlessly from day to night.
  - Moisture-wicking technology keeps you dry.
  - Eco-friendly materials sourced sustainably.
  - Breathable material keeps you comfortable all day.

Crafted with attention to detail, it offers the perfect balance of style and practicality.

Additional Details:
  - Premium fabric construction for lasting wear.
  - Designed for comfort with a tailored silhouette.
  - Easy care: machine washable for convenience.

Available in multiple colors to suit your style.",Clothing & Accessories,Menswear,Nike,97.62,4.5,Original from products,4.5,4.5,2,2.0,1,2024-03-12,10.0,5.0,3.0,1.0,1.0,1.0,98.21,98.21,22.51,50.0,60.0,20.0,33.33,9.82,19.64
71b5188d-592a-44c7-ac61-9c77472059d7,Cuisinart Home Decor - Beige,"Transform your home with the Cuisinart Home Decor - Beige.

Key Features:
  - Ergonomic design for comfortable use.
  - Space-saving design fits perfectly in any room.
  - Built to withstand daily use with durable construction.
  - Dishwasher safe for effortless cleaning.

Designed to enhance your living space while providing practical everyday functionality.

Additional Details:
  - Available in a variety of finishes.
  - Premium materials for lasting quality.

Designed for real life, built to last.",Home & Kitchen,Home Decor,Cuisinart,117.63,,No rating available,,,0,0.0,2,2025-02-05,3.0,3.0,1.0,0.0,0.0,0.0,0.0,0.0,18.06,100.0,33.33,0.0,0.0,0.0,0.0
49bd9c87-bf33-4642-b7f0-a03ac9bb8e52,Apple X2 In-Ear Monitors,"Engineered for excellence, the Apple X2 In-Ear Monitors sets a new standard.

Key Features:
  - Advanced cooling system for sustained performance.
  - Premium build quality with aerospace-grade materials.
  - Features a high-resolution display with vivid color accuracy.
  - Long-lasting battery designed for all-day productivity.

Whether you are working from home, gaming, or streaming, this device is built to handle it all with ease.

Perfect for professionals and enthusiasts alike.",Electronics,Headphones,Apple,259.89,5.0,Original from products,5.0,5.0,1,1.0,3,2025-06-15,42.0,9.0,10.0,1.0,1.0,1.0,270.7,270.7,21.58,21.43,111.11,11.11,10.0,6.45,30.08
e265f398-335b-433e-a347-07eaeb53d87a,"Coca-Cola Snack - 14""","Elevate your culinary creations with Coca-Cola Snack - 14"".

Key Features:
  - No artificial preservatives or additives.
  - Ethically sourced and sustainably produced.
  - Perfect for gifting or everyday indulgence.
  - Rich, authentic flavor profile.
  - Versatile ingredient for countless recipes.

Quality you can taste.",Grocery & Gourmet,Snacks,Coca-Cola,4.27,2.0,Original from products,2.0,2.0,1,1.0,71,2024-08-07,32.0,18.0,7.0,0.0,0.0,0.0,0.0,0.0,19.6,56.25,38.89,0.0,0.0,0.0,0.0
bb71ffdc-0c05-4aae-a196-5655cbc76e3a,Wilson Premium Outdoor Recreation,"Conquer any challenge with the Wilson Premium Outdoor Recreation.

Key Features:
  - Compression-molded for compact storage.
  - Adjustable features for customized fit.
  - Ventilated design for breathability.
  - Durable construction withstands the toughest conditions.
  - Reflective elements enhance visibility in low light.

Trusted by athletes and adventurers worldwide.",Sports & Outdoors,Outdoor Recreation,Wilson,73.67,,No rating available,,,0,0.0,2,2023-06-13,8.0,6.0,3.0,0.0,0.0,0.0,0.0,0.0,16.52,75.0,50.0,0.0,0.0,0.0,0.0
062073be-fb18-4b54-9cb8-323fb1af2dee,Google Essential Over-Ear Headphones,"Engineered for excellence, the Google Essential Over-Ear Headphones sets a new standard.

Key Features:
  - Advanced connectivity options including WiFi 6 and Bluetooth 5.3.
  - Enhanced security features including biometric authentication.
  - Supports high-resolution audio for immersive sound.
  - Equipped with the latest processor for seamless multitasking.

Designed with the modern user in mind, it combines powerful performance with an intuitive interface.

Additional Details:
  - Connectivity: USB-C, HDMI, WiFi 6, Bluetooth.
  - Slim and portable form factor for easy travel.
  - High-resolution display with vivid color reproduction.

Backed by a comprehensive warranty and dedicated support.",Electronics,Headphones,Google,62.91,4.5,Original from products,4.5,4.5,2,2.0,2,2024-04-28,38.0,13.0,4.0,0.0,0.0,0.0,0.0,0.0,17.67,34.21,30.77,0.0,0.0,0.0,0.0
f7a18d7b-7709-4f0c-8e17-a97e31fff475,Wilson Premium Outdoor Recreation,"Conquer any challenge with the Wilson Premium Outdoor Recreation.

Key Features:
  - Reflective elements enhance visibility in low light.
  - Ergonomic design reduces fatigue during extended use.
  - Quick-setup system saves time and hassle.
  - Reinforced stress points for long-lasting durability.
  - Adjustable features for customized fit.
  - Compression-molded for compact storage.

Additional Details:
  - Material: {material_quality} {material}
  - Dimensions: {dim_cm} cm

Ready for wherever your journey takes you.",Sports & Outdoors,Outdoor Recreation,Wilson,22.53,5.0,Original from products,5.0,5.0,1,1.0,20,2025-09-08,9.0,3.0,2.0,0.0,0.0,0.0,0.0,0.0,19.41,33.33,66.67,0.0,0.0,0.0,0.0
110a2ddd-f5aa-48b6-82ca-fc3073278426,Mattel Ultra Luna Figure,"Unleash endless fun with the Mattel Ultra Luna Figure.

Key Features:
  - Develops fine motor skills and hand-eye coordination.
  - Durable design withstands active play.
  - Includes everything needed for immediate play.
  - Suitable for solo play or group activities.

Additional Details:
  - Players: {player_count}
  - Box dimensions: {dim_cm} cm

Where learning meets play.",Toys & Games,Action Figures,Mattel,28.86,5.0,Original from products,5.0,5.0,1,1.0,1,2023-04-23,41.0,17.0,12.0,2.0,2.0,2.0,57.35,28.675,20.39,41.46,70.59,11.76,16.67,1.4,3.37
732c859a-2ab4-400c-a207-ab515f6d6123,Nike Sterling Silver Jewelry,"Designed for those who refuse to compromise on style.

Key Features:
  - Moisture-wicking technology keeps you dry.
  - Tailored fit that flatters every body type.
  - Breathable material keeps you comfortable all day.
  - Eco-friendly materials sourced sustainably.

Crafted with attention to detail, it offers the perfect balance of style and practicality.

Join thousands of satisfied customers worldwide.",Clothing & Accessories,Jewelry,Nike,47.91,,No rating available,,,0,0.0,1,2025-06-11,13.0,2.0,2.0,0.0,0.0,0.0,0.0,0.0,16.01,15.38,100.0,0.0,0.0,0.0,0.0
1d8c4305-2fff-47eb-8b7e-fe165cd95e02,Apple Wireless Accessorie,"Experience cutting-edge technology with the Apple Wireless Accessorie.

Key Features:
  - Advanced cooling system for sustained performance.
  - Supports high-resolution audio for immersive sound.
  - Sleek, lightweight design for maximum portability.
  - Premium build quality with aerospace-grade materials.
  - Long-lasting battery designed for all-day productivity.

Designed with the modern user in mind, it combines powerful performance with an intuitive interface.

Additional Details:
  - High-resolution display with vivid color reproduction.
  - Slim and portable form factor for easy travel.
  - Long battery life for all-day usage.

Backed by a comprehensive warranty and dedicated support.",Electronics,Accessories,Apple,282.31,4.0,Original from products,4.0,4.0,1,1.0,2,2024-04-26,1.0,1.0,1.0,0.0,0.0,0.0,0.0,0.0,8.41,100.0,100.0,0.0,0.0,0.0,0.0
8000d2ee-72de-4530-bcee-09d140320208,Samsung Studio Noise-Canceling Headphones,"Upgrade your setup with the powerful Samsung Studio Noise-Canceling Headphones.

Key Features:
  - Advanced connectivity options including WiFi 6 and Bluetooth 5.3.
  - Premium build quality with aerospace-grade materials.
  - Equipped with the latest processor for seamless multitasking.
  - Features a high-resolution display with vivid color accuracy.

Designed with the modern user in mind, it combines powerful performance with an intuitive interface.

Perfect for professionals and enthusiasts alike.",Electronics,Headphones,Samsung,212.43,5.0,Original from products,5.0,5.0,1,1.0,1,2023-01-05,1.0,3.0,1.0,1.0,1.0,1.0,219.51,219.51,7.32,300.0,33.33,33.33,100.0,219.51,73.17
a9734f27-7936-421c-9ca3-cdb4881ac29e,ASUS Z3 Ultra,"The ASUS Z3 Ultra delivers exceptional performance for all your needs.

Key Features:
  - Enhanced security features including biometric authentication.
  - Features a high-resolution display with vivid color accuracy.
  - Supports high-resolution audio for immersive sound.
  - Advanced cooling system for sustained performance.
  - Equipped with the latest processor for seamless multitasking.

Whether you are working from home, gaming, or streaming, this device is built to handle it all with ease.

Additional Details:
  - Long battery life for all-day usage.
  - Slim and portable form factor for easy travel.
  - High-resolution display with vivid color reproduction.

Elevate your daily experience with this premium device.",Electronics,Smartphones,ASUS,217.62,,No rating available,,,0,0.0,1,2025-05-16,5.0,1.0,0.0,0.0,0.0,0.0,0.0,0.0,6.48,20.0,0.0,0.0,,0.0,0.0
3d80ba79-2a0c-4c3d-8c86-bf1685e1b791,Clinique Aura Eau de Toilette,"Nourish and pamper yourself with the Clinique Aura Eau de Toilette.

Key Features:
  - Dermatologist-tested and suitable for all skin types.
  - Delicate fragrance that lingers throughout the day.
  - Free from parabens, sulfates, and phthalates.
  - Antioxidant-rich formula protects against environmental damage.
  - Hydrating formula restores natural moisture balance.

See the difference with every use.",Beauty & Personal Care,Fragrance,Clinique,12.8,,No rating available,,,0,0.0,1,2023-02-03,3.0,3.0,0.0,0.0,0.0,0.0,0.0,0.0,11.76,100.0,0.0,0.0,,0.0,0.0
6e17103b-6b0b-4797-9ce7-fdaf0f9874d9,"Staples Supplie - 14""","Boost your productivity with the Staples Supplie - 14"".

Key Features:
  - Adjustable settings for personalized comfort.
  - Streamlines your workflow for maximum efficiency.
  - Built to withstand daily use in demanding environments.
  - Premium materials ensure long-lasting performance.
  - Ergonomic design reduces strain during extended use.

Additional Details:
  - Material: {material_quality} {material}
  - Dimensions: {dim_cm} cm

Designed for the way you work.",Office Products,Supplies,Staples,18.78,5.0,Original from products,5.0,5.0,1,1.0,1,2024-04-05,24.0,12.0,7.0,1.0,1.0,1.0,18.35,18.35,14.75,50.0,58.33,8.33,14.29,0.76,1.53
eccc757e-5fbb-4601-84c8-d947bf6b76da,Apple Accessorie Cable,"The Apple Accessorie Cable delivers exceptional performance for all your needs.

Key Features:
  - Sleek, lightweight design for maximum portability.
  - Features a high-resolution display with vivid color accuracy.
  - Supports high-resolution audio for immersive sound.
  - Premium build quality with aerospace-grade materials.

Designed with the modern user in mind, it combines powerful performance with an intuitive interface.

Additional Details:
  - Connectivity: USB-C, HDMI, WiFi 6, Bluetooth.
  - High-resolution display with vivid color reproduction.
  - Slim and portable form factor for easy travel.

Perfect for professionals and enthusiasts alike.",Electronics,Accessories,Apple,52.23,4.0,Original from products,4.0,4.0,1,1.0,67,2023-09-01,103.0,41.0,17.0,1.0,1.0,1.0,54.64,54.64,19.46,39.81,41.46,2.44,5.88,0.53,1.33
b0228388-a496-4e9e-99e8-33759e8ea929,Olay Haircare Serum,"The Olay Haircare Serum is your new essential for radiant skin.

Key Features:
  - Clinically proven results with regular use.
  - Suitable for sensitive skin.
  - Hydrating formula restores natural moisture balance.
  - Free from parabens, sulfates, and phthalates.
  - Delicate fragrance that lingers throughout the day.

Additional Details:
  - Shelf life: {shelf_life}m
  - Skin type: {skin_type}
  - Volume: {volume_ml}ml

Your skin deserves the best.",Beauty & Personal Care,Haircare,Olay,7.31,4.0,Original from products,4.0,4.0,1,1.0,6,2024-12-29,5.0,3.0,2.0,1.0,1.0,1.0,7.19,7.19,14.51,60.0,66.67,33.33,50.0,1.44,2.4
c05f8ee5-8339-4fc5-bb57-c4fe617e01db,Samsung Studio 5th Gen,"Engineered for excellence, the Samsung Studio 5th Gen sets a new standard.

Key Features:
  - Intuitive user interface with customizable settings.
  - Premium build quality with aerospace-grade materials.
  - Advanced cooling system for sustained performance.
  - Features a high-resolution display with vivid color accuracy.
  - Sleek, lightweight design for maximum portability.
  - Enhanced security features including biometric authentication.

Whether you are working from home, gaming, or streaming, this device is built to handle it all with ease.

Order today and experience the difference.",Electronics,Laptops,Samsung,251.91,5.0,Original from products,5.0,5.0,2,2.0,3,2023-03-11,35.0,7.0,7.0,1.0,1.0,1.0,239.71,239.71,18.62,20.0,100.0,14.29,14.29,6.85,34.24
03b6874a-6369-4741-a305-9c3f0b1036eb,The legacy's legacy,"Dive into the captivating world of The legacy's legacy.

Key Features:
  - Meticulously researched and expertly presented.
  - Comprehensive coverage of the subject matter.
  - Thought-provoking themes that resonate long after reading.
  - Beautifully written with vivid prose and memorable characters.
  - Includes exclusive content and illustrations.

Perfect for bedtime reading, book clubs, or casual enjoyment, this book offers something for everyone.

Already a bestseller in multiple countries.",Books,Fiction,Penguin Books,9.61,1.0,Original from products,1.0,1.0,1,1.0,1,2023-04-24,27.0,7.0,7.0,2.0,2.0,3.0,28.82,9.645,17.1,25.93,100.0,28.57,28.57,1.07,4.12
894f938e-7852-4774-a5fa-dff768067a9a,Olay Elysium Eau de Toilette,"Reveal your natural beauty with the Olay Elysium Eau de Toilette.

Key Features:
  - Cruelty-free and never tested on animals.
  - Free from parabens, sulfates, and phthalates.
  - Clinically proven results with regular use.
  - Dermatologist-tested and suitable for all skin types.
  - Rich, luxurious texture that absorbs quickly.

Additional Details:
  - Volume: {volume_ml}ml
  - Ingredients: {ingredient_highlight}

See the difference with every use.",Beauty & Personal Care,Fragrance,Olay,35.55,,No rating available,,,0,0.0,1,2024-10-24,4.0,3.0,2.0,0.0,0.0,0.0,0.0,0.0,16.25,75.0,66.67,0.0,0.0,0.0,0.0
c188d0e8-e8fd-41fc-998c-5614e2a08d5c,Cuisinart Rustic Lighting,"Elevate your everyday living with the Cuisinart Rustic Lighting.

Key Features:
  - Ergonomic design for comfortable use.
  - Elegant finish adds a touch of sophistication.
  - Space-saving design fits perfectly in any room.
  - Stackable design for efficient storage.
  - Temperature resistant up to {temp_c} degrees.

Whether you are redecorating or just looking for that perfect finishing touch, this piece fits beautifully.

Designed for real life, built to last.",Home & Kitchen,Lighting,Cuisinart,92.49,,No rating available,,,0,0.0,1,2026-05-24,12.0,2.0,2.0,1.0,1.0,1.0,91.03,91.03,26.27,16.67,100.0,50.0,50.0,7.59,45.52
a88df0bb-fc35-4bd0-841c-0326c69a8251,Sony Galaxy Prime12,"Upgrade your setup with the powerful Sony Galaxy Prime12.

Key Features:
  - Long-lasting battery designed for all-day productivity.
  - Supports high-resolution audio for immersive sound.
  - Equipped with the latest processor for seamless multitasking.
  - Advanced cooling system for sustained performance.
  - Premium build quality with aerospace-grade materials.

Designed with the modern user in mind, it combines powerful performance with an intuitive interface.

Additional Details:
  - Slim and portable form factor for easy travel.
  - High-resolution display with vivid color reproduction.
  - Connectivity: USB-C, HDMI, WiFi 6, Bluetooth.

Perfect for professionals and enthusiasts alike.",Electronics,Smartphones,Sony,97.23,4.0,Original from products,4.0,4.0,1,1.0,1,2023-02-19,37.0,21.0,9.0,2.0,2.0,2.0,197.48000000000002,98.74000000000001,13.01,56.76,42.86,9.52,22.22,5.34,9.4
8d0e558c-e441-49cc-8b6c-eb1cb7b2c999,Superior vanguard Adventure,"Superior vanguard Adventure is a compelling read you won't want to put down.

Key Features:
  - Gripping narrative that keeps you turning pages.
  - Comprehensive coverage of the subject matter.
  - Meticulously researched and expertly presented.
  - Features a foreword by a leading expert in the field.
  - Includes discussion questions for book clubs.
  - Beautifully written with vivid prose and memorable characters.

Whether you are a longtime fan or new to the genre, this book will captivate you from the first page.

Additional Details:
  - Available in multiple formats for your reading preference.
  - A substantial read that delivers incredible value.
  - Expertly crafted with attention to every detail.

Order your copy today and start reading.",Books,Children's Books,Penguin Books,18.81,5.0,Original from products,5.0,5.0,1,1.0,1,2024-07-28,53.0,15.0,7.0,1.0,1.0,2.0,36.2,18.1,19.93,28.3,46.67,6.67,14.29,0.68,2.41
99aee34b-3b16-4337-8132-f183349dfd69,Staples Organization Set,"Boost your productivity with the Staples Organization Set.

Key Features:
  - Ergonomic design reduces strain during extended use.
  - Streamlines your workflow for maximum efficiency.
  - Compatible with standard office supplies and accessories.
  - Easy setup with no assembly required.

Additional Details:
  - Color: {color_option}
  - Dimensions: {dim_cm} cm

Designed for the way you work.",Office Products,Organization,Staples,13.45,4.0,Original from products,4.0,4.0,1,1.0,2,2025-09-27,1.0,0.0,0.0,0.0,0.0,0.0,0.0,0.0,13.57,0.0,,,,0.0,
67fabda2-a591-4051-b636-c2d261e9fe13,Nike Classic Fit Menswear,"Designed for those who refuse to compromise on style.

Key Features:
  - Premium {material} fabric for lasting comfort.
  - Classic design that never goes out of style.
  - Tailored fit that flatters every body type.
  - Easy care fabric - machine washable.
  - Eco-friendly materials sourced sustainably.
  - Four-way stretch fabric for unrestricted movement.

From casual outings to formal occasions, this piece transitions effortlessly across settings.

Available in multiple colors to suit your style.",Clothing & Accessories,Menswear,Nike,11.56,5.0,Original from products,5.0,5.0,1,1.0,108,2023-12-29,19.0,10.0,9.0,0.0,0.0,0.0,0.0,0.0,14.83,52.63,90.0,0.0,0.0,0.0,0.0
7020a4dc-6140-4307-9aa9-63bc3dd3b258,H&M Classic Fit Menswear,"Elevate your wardrobe with the H&M Classic Fit Menswear.

Key Features:
  - Breathable material keeps you comfortable all day.
  - Tailored fit that flatters every body type.
  - Four-way stretch fabric for unrestricted movement.
  - Versatile design transitions seamlessly from day to night.
  - Reinforced stitching for enhanced durability.
  - Easy care fabric - machine washable.

Crafted with attention to detail, it offers the perfect balance of style and practicality.

Additional Details:
  - Designed for comfort with a tailored silhouette.
  - Premium fabric construction for lasting wear.
  - Easy care: machine washable for convenience.

Experience the perfect blend of style and comfort.",Clothing & Accessories,Menswear,H&M,37.69,,No rating available,,,0,0.0,4,2024-09-06,6.0,1.0,2.0,0.0,0.0,0.0,0.0,0.0,21.23,16.67,200.0,0.0,0.0,0.0,0.0
0b3a2262-026c-4f04-9ad3-bcb3da675d2a,Apple Prime16 Instant Camera,"Upgrade your setup with the powerful Apple Prime16 Instant Camera.

Key Features:
  - Features a high-resolution display with vivid color accuracy.
  - Sleek, lightweight design for maximum portability.
  - Advanced cooling system for sustained performance.
  - Long-lasting battery designed for all-day productivity.

Designed with the modern user in mind, it combines powerful performance with an intuitive interface.

Additional Details:
  - Connectivity: USB-C, HDMI, WiFi 6, Bluetooth.
  - High-resolution display with vivid color reproduction.

Perfect for professionals and enthusiasts alike.",Electronics,Cameras,Apple,107.88,3.0,Original from products,3.0,3.0,1,1.0,72,2025-11-11,39.0,19.0,10.0,1.0,1.0,1.0,107.76,107.76,18.09,48.72,52.63,5.26,10.0,2.76,5.67
897fbea8-369d-45b9-a88e-61d89b7745b5,Introduction to Software Engineering,"Discover the story behind Introduction to Software Engineering.

Key Features:
  - Includes exclusive content and illustrations.
  - Thought-provoking themes that resonate long after reading.
  - Beautifully written with vivid prose and memorable characters.
  - Perfect for book clubs and group discussions.
  - Meticulously researched and expertly presented.

Perfect for bedtime reading, book clubs, or casual enjoyment, this book offers something for everyone.

Additional Details:
  - A substantial read that delivers incredible value.
  - Available in multiple formats for your reading preference.

Critically acclaimed and reader-approved.",Books,Educational,Hachette,11.23,5.0,Original from products,5.0,5.0,1,1.0,1,2025-06-26,0.0,1.0,1.0,0.0,0.0,0.0,0.0,0.0,6.87,,100.0,0.0,0.0,,0.0
b21e2f4d-ad9a-43bd-a87a-71d341f33051,Sophisticated of fate,"Sophisticated of fate offers a fresh perspective on an important topic.

Key Features:
  - Award-winning author delivers another masterpiece.
  - Beautifully written with vivid prose and memorable characters.
  - Meticulously researched and expertly presented.
  - Includes exclusive content and illustrations.

Perfect for bedtime reading, book clubs, or casual enjoyment, this book offers something for everyone.

Additional Details:
  - Expertly crafted with attention to every detail.
  - Available in multiple formats for your reading preference.

Already a bestseller in multiple countries.",Books,Fiction,Hachette,37.59,3.7,Original from products,3.7,3.7142857142857144,7,7.0,131,2024-01-01,155.0,63.0,41.0,12.0,12.0,19.0,706.0,37.35333333333333,16.96,40.65,65.08,19.05,29.27,4.55,11.21
ca0eca1f-ad50-48e3-a564-df255f470598,The Professional Vortex Remastered,"Unleash endless fun with the The Professional Vortex Remastered.

Key Features:
  - Encourages creative thinking and problem-solving skills.
  - Expandable with additional sets and accessories.
  - Award-winning design loved by kids and parents.
  - Durable design withstands active play.
  - Easy to learn, with endless replay value.
  - STEM-focused learning through play.

Additional Details:
  - Box dimensions: {dim_cm} cm
  - Batteries: {battery_req}
  - Players: {player_count}

Trusted by parents and loved by children.",Toys & Games,Video Games,Fisher-Price,10.01,5.0,Original from products,5.0,5.0,2,2.0,2,2025-07-25,27.0,11.0,4.0,1.0,1.0,1.0,10.21,10.21,13.61,40.74,36.36,9.09,25.0,0.38,0.93
76e07c3c-2843-4320-a524-c3c606bfca24,L'Oreal Haircare Treatment,"Nourish and pamper yourself with the L'Oreal Haircare Treatment.

Key Features:
  - Rich, luxurious texture that absorbs quickly.
  - Delicate fragrance that lingers throughout the day.
  - Formulated with natural ingredients for gentle care.
  - Dermatologist-tested and suitable for all skin types.

Additional Details:
  - Shelf life: {shelf_life}m
  - Skin type: {skin_type}
  - Ingredients: {ingredient_highlight}

Loved by beauty experts and enthusiasts alike.",Beauty & Personal Care,Haircare,L'Oreal,27.16,3.5,Original from products,3.5,3.5,2,2.0,2,2025-04-22,5.0,0.0,4.0,2.0,2.0,2.0,54.78,27.39,13.62,0.0,,,50.0,10.96,
beeb93ab-afb3-4eb1-b81a-6b0fc70d462c,Nestle Artisan Gourmet Food,"Indulge in the exquisite taste of Nestle Artisan Gourmet Food.

Key Features:
  - Versatile ingredient for countless recipes.
  - Ethically sourced and sustainably produced.
  - Premium quality guaranteed by our master artisans.
  - No artificial preservatives or additives.

Additional Details:
  - Net weight: {weight_g}g
  - Shelf life: {shelf_life}m
  - Storage: {storage_type}

Quality you can taste.",Grocery & Gourmet,Gourmet Foods,Nestle,4.86,,No rating available,,,0,0.0,1,2024-09-23,19.0,4.0,5.0,0.0,0.0,0.0,0.0,0.0,17.88,21.05,125.0,0.0,0.0,0.0,0.0
38685bcb-3aef-4d81-abeb-101f9beee4fd,Studio: A Comprehensive Guide,"Bring joy to playtime with the Studio: A Comprehensive Guide.

Key Features:
  - Includes everything needed for immediate play.
  - Expandable with additional sets and accessories.
  - Award-winning design loved by kids and parents.
  - Easy to learn, with endless replay value.
  - Safe, non-toxic materials certified for children.
  - Durable design withstands active play.

Additional Details:
  - Box dimensions: {dim_cm} cm
  - Batteries: {battery_req}

Trusted by parents and loved by children.",Toys & Games,Video Games,LEGO,43.11,5.0,Original from products,5.0,5.0,1,1.0,17,2024-07-04,5.0,2.0,2.0,1.0,1.0,1.0,43.91,43.91,11.1,40.0,100.0,50.0,50.0,8.78,21.96
8943d643-73a4-4601-8e25-96ecea923e04,Adidas Sterling Silver Jewelry,"Make a statement with the Adidas Sterling Silver Jewelry.

Key Features:
  - Tailored fit that flatters every body type.
  - Easy care fabric - machine washable.
  - Versatile design transitions seamlessly from day to night.
  - Eco-friendly materials sourced sustainably.

From casual outings to formal occasions, this piece transitions effortlessly across settings.

Available in multiple colors to suit your style.",Clothing & Accessories,Jewelry,Adidas,41.86,3.0,Original from products,3.0,3.0,1,1.0,1,2026-02-27,23.0,8.0,3.0,1.0,1.0,1.0,40.67,40.67,16.43,34.78,37.5,12.5,33.33,1.77,5.08
b2e4a88d-89ca-4afe-a050-eb9300e4aa95,Advanced Digital Marketing,"Advanced Digital Marketing is a compelling read you won't want to put down.

Key Features:
  - Meticulously researched and expertly presented.
  - Includes exclusive content and illustrations.
  - Comprehensive coverage of the subject matter.
  - Perfect for book clubs and group discussions.
  - Includes discussion questions for book clubs.
  - Gripping narrative that keeps you turning pages.

Perfect for bedtime reading, book clubs, or casual enjoyment, this book offers something for everyone.

Order your copy today and start reading.",Books,Educational,Bloomsbury,16.92,,No rating available,,,0,0.0,1,2025-12-26,5.0,1.0,0.0,0.0,0.0,0.0,0.0,0.0,15.19,20.0,0.0,0.0,,0.0,0.0
196e5f63-122c-4d20-abee-9b92d298b5e5,Nike Premium Womenswear,"The Nike Premium Womenswear combines style with everyday comfort.

Key Features:
  - Versatile design transitions seamlessly from day to night.
  - Reinforced stitching for enhanced durability.
  - Moisture-wicking technology keeps you dry.
  - Breathable material keeps you comfortable all day.
  - Premium {material} fabric for lasting comfort.
  - Four-way stretch fabric for unrestricted movement.

From casual outings to formal occasions, this piece transitions effortlessly across settings.

Available in multiple colors to suit your style.",Clothing & Accessories,Womenswear,Nike,19.85,,No rating available,,,0,0.0,3,2026-05-19,9.0,3.0,1.0,0.0,0.0,0.0,0.0,0.0,13.62,33.33,33.33,0.0,0.0,0.0,0.0
37845217-759a-40e1-957d-406a266e4489,Tommy Hilfiger Air5 Training Shoes,"Make a statement with the Tommy Hilfiger Air5 Training Shoes.

Key Features:
  - Easy care fabric - machine washable.
  - Versatile design transitions seamlessly from day to night.
  - Reinforced stitching for enhanced durability.
  - Eco-friendly materials sourced sustainably.
  - Breathable material keeps you comfortable all day.

Crafted with attention to detail, it offers the perfect balance of style and practicality.

A must-have addition to any wardrobe.",Clothing & Accessories,Footwear,Tommy Hilfiger,22.11,5.0,Original from products,5.0,5.0,2,2.0,1,2025-04-22,32.0,10.0,6.0,2.0,2.0,3.0,69.25,23.1,17.0,31.25,60.0,20.0,33.33,2.16,6.92
42f9572a-31c3-4d9f-9fb1-ae2e8598ef45,Bosch Car Accessorie - Beige,"Protect and enhance your vehicle with the Bosch Car Accessorie - Beige.

Key Features:
  - Exceeds OEM specifications for quality and performance.
  - Quick-drying formula saves time.
  - Tested for quality and reliability.
  - UV-resistant formula prevents fading and cracking.
  - Long-lasting protection against the elements.
  - Weather-resistant for year-round protection.

Trusted by mechanics and enthusiasts worldwide.",Automotive,Car Accessories,Bosch,66.98,5.0,Original from products,5.0,5.0,1,1.0,1,2024-03-23,68.0,25.0,14.0,1.0,1.0,1.0,68.69,68.69,19.03,36.76,56.0,4.0,7.14,1.01,2.75
ab93bbb8-dbdb-4e0c-917d-7a7233953598,Wilson Cycling Pro,"The Wilson Cycling Pro is built for those who push their limits.

Key Features:
  - Adjustable features for customized fit.
  - Durable construction withstands the toughest conditions.
  - Reinforced stress points for long-lasting durability.
  - Compression-molded for compact storage.

Performance you can rely on.",Sports & Outdoors,Cycling,Wilson,159.14,5.0,Original from products,5.0,5.0,1,1.0,60,2023-05-17,5.0,2.0,1.0,0.0,0.0,0.0,0.0,0.0,8.94,40.0,50.0,0.0,0.0,0.0,0.0
70a0cc21-8b13-454b-98b8-ef57a411e3a9,"Staples Stationery - 27""","Designed for efficiency, the Staples Stationery - 27"" delivers.

Key Features:
  - Streamlines your workflow for maximum efficiency.
  - Space-saving profile fits any desk setup.
  - Smooth, quiet operation for focused work.
  - Compatible with standard office supplies and accessories.
  - Built to withstand daily use in demanding environments.
  - Ergonomic design reduces strain during extended use.

Make every day more productive.",Office Products,Stationery,Staples,26.68,1.0,Original from products,1.0,1.0,1,1.0,1,2023-06-06,16.0,5.0,2.0,1.0,1.0,1.0,26.86,26.86,15.81,31.25,40.0,20.0,50.0,1.68,5.37
eb9909fa-f529-44d6-a27d-94305e2ba604,Pyrex Cotton Home Decor,"Elevate your everyday living with the Pyrex Cotton Home Decor.

Key Features:
  - Space-saving design fits perfectly in any room.
  - Dishwasher safe for effortless cleaning.
  - Ergonomic design for comfortable use.
  - Stackable design for efficient storage.

Whether you are redecorating or just looking for that perfect finishing touch, this piece fits beautifully.

Additional Details:
  - Available in a variety of finishes.
  - Premium materials for lasting quality.

Make every day extraordinary.",Home & Kitchen,Home Decor,Pyrex,25.11,5.0,Original from products,5.0,5.0,1,1.0,1,2026-04-01,8.0,0.0,0.0,0.0,0.0,0.0,0.0,0.0,24.27,0.0,,,,0.0,
5d1c4a0d-acb2-4098-95b0-00289233353b,A ultimate pinnacle,"Dive into the captivating world of A ultimate pinnacle.

Key Features:
  - Award-winning author delivers another masterpiece.
  - Includes discussion questions for book clubs.
  - Gripping narrative that keeps you turning pages.
  - Beautifully written with vivid prose and memorable characters.

Whether you are a longtime fan or new to the genre, this book will captivate you from the first page.

Additional Details:
  - Critically acclaimed with outstanding reader reviews.
  - A substantial read that delivers incredible value.

A must-read for fans of the genre.",Books,Fiction,Penguin Books,16.59,,No rating available,,,0,0.0,1,2024-03-28,8.0,1.0,0.0,0.0,0.0,0.0,0.0,0.0,19.91,12.5,0.0,0.0,,0.0,0.0
38a8eed8-1628-47df-a1b8-cad63728f040,The portable Guide to Psychology,"The portable Guide to Psychology offers a fresh perspective on an important topic.

Key Features:
  - Gripping narrative that keeps you turning pages.
  - Meticulously researched and expertly presented.
  - Includes exclusive content and illustrations.
  - Thought-provoking themes that resonate long after reading.

Whether you are a longtime fan or new to the genre, this book will captivate you from the first page.

Additional Details:
  - Available in multiple formats for your reading preference.
  - A substantial read that delivers incredible value.

Critically acclaimed and reader-approved.",Books,Non-Fiction,Penguin Books,47.12,4.9,Original from products,4.9,4.888888888888889,9,9.0,2,2023-05-18,454.0,178.0,100.0,13.0,13.0,23.0,1088.3,47.20384615384615,18.32,39.21,56.18,7.3,13.0,2.4,6.11
2ea7a39e-736e-4b9c-a85f-6c2f3ddab48d,Dell Pixel14 Ultrabook,"Experience cutting-edge technology with the Dell Pixel14 Ultrabook.

Key Features:
  - Features a high-resolution display with vivid color accuracy.
  - Intuitive user interface with customizable settings.
  - Sleek, lightweight design for maximum portability.
  - Long-lasting battery designed for all-day productivity.

Designed with the modern user in mind, it combines powerful performance with an intuitive interface.

Additional Details:
  - Slim and portable form factor for easy travel.
  - Connectivity: USB-C, HDMI, WiFi 6, Bluetooth.
  - High-resolution display with vivid color reproduction.

Backed by a comprehensive warranty and dedicated support.",Electronics,Laptops,Dell,161.15,3.7,Original from products,3.7,3.6666666666666665,3,3.0,1,2023-10-06,73.0,22.0,18.0,3.0,3.0,3.0,500.56,166.85333333333332,20.02,30.14,81.82,13.64,16.67,6.86,22.75
c1367786-f12a-4b65-a8fc-6cc0ea8d78ad,Adidas Accessorie - Green,"Elevate your wardrobe with the Adidas Accessorie - Green.

Key Features:
  - Versatile design transitions seamlessly from day to night.
  - Breathable material keeps you comfortable all day.
  - Four-way stretch fabric for unrestricted movement.
  - Classic design that never goes out of style.
  - Tailored fit that flatters every body type.

Crafted with attention to detail, it offers the perfect balance of style and practicality.

Additional Details:
  - Designed for comfort with a tailored silhouette.
  - Available in multiple sizes for the perfect fit.
  - Premium fabric construction for lasting wear.

A must-have addition to any wardrobe.",Clothing & Accessories,Accessories,Adidas,84.14,4.5,Original from products,4.5,4.5,2,2.0,1,2023-01-27,24.0,16.0,8.0,4.0,4.0,5.0,411.21,82.5025,16.42,66.67,50.0,25.0,50.0,17.13,25.7
89105c88-ed09-4cb9-8314-5bc3d9d52291,My First Optimization,"Discover the story behind My First Optimization.

Key Features:
  - Perfect for book clubs and group discussions.
  - Comprehensive coverage of the subject matter.
  - Meticulously researched and expertly presented.
  - Thought-provoking themes that resonate long after reading.

Perfect for bedtime reading, book clubs, or casual enjoyment, this book offers something for everyone.

Critically acclaimed and reader-approved.",Books,Children's Books,Penguin Books,9.67,,No rating available,,,0,0.0,1,2024-10-24,2.0,0.0,0.0,0.0,0.0,0.0,0.0,0.0,14.91,0.0,,,,0.0,
b94b8644-b1f5-47c2-b18b-b5b7b338c1fb,Apple Max Prime13,"The Apple Max Prime13 delivers exceptional performance for all your needs.

Key Features:
  - Long-lasting battery designed for all-day productivity.
  - Premium build quality with aerospace-grade materials.
  - Supports high-resolution audio for immersive sound.
  - Equipped with the latest processor for seamless multitasking.

Designed with the modern user in mind, it combines powerful performance with an intuitive interface.

Additional Details:
  - Slim and portable form factor for easy travel.
  - Long battery life for all-day usage.

Backed by a comprehensive warranty and dedicated support.",Electronics,Smartphones,Apple,145.65,,No rating available,,,0,0.0,1,2025-01-06,4.0,4.0,1.0,0.0,0.0,0.0,0.0,0.0,16.93,100.0,25.0,0.0,0.0,0.0,0.0
28475826-6a6f-456b-ad1e-9aec02b7bb83,Michelin Synthetic Fluid,"Protect and enhance your vehicle with the Michelin Synthetic Fluid.

Key Features:
  - Easy application with no special tools required.
  - Tested for quality and reliability.
  - Compatible with all major vehicle makes and models.
  - Weather-resistant for year-round protection.
  - Exceeds OEM specifications for quality and performance.
  - Long-lasting protection against the elements.

Additional Details:
  - Compatibility: {compat_info}
  - Temperature range: {temp_range}

Trusted by mechanics and enthusiasts worldwide.",Automotive,Fluids,Michelin,54.0,,No rating available,,,0,0.0,1,2024-04-16,18.0,6.0,2.0,0.0,0.0,0.0,0.0,0.0,19.43,33.33,33.33,0.0,0.0,0.0,0.0
c0bb4ff1-d539-4103-85e3-00090887c8cb,Apple Max11 Pro Tablet,"Experience cutting-edge technology with the Apple Max11 Pro Tablet.

Key Features:
  - Long-lasting battery designed for all-day productivity.
  - Advanced connectivity options including WiFi 6 and Bluetooth 5.3.
  - Premium build quality with aerospace-grade materials.
  - Enhanced security features including biometric authentication.
  - Features a high-resolution display with vivid color accuracy.

Whether you are working from home, gaming, or streaming, this device is built to handle it all with ease.

Additional Details:
  - High-resolution display with vivid color reproduction.
  - Slim and portable form factor for easy travel.

Backed by a comprehensive warranty and dedicated support.",Electronics,Tablets,Apple,198.1,,No rating available,,,0,0.0,39,2025-07-16,4.0,1.0,3.0,0.0,0.0,0.0,0.0,0.0,13.78,25.0,300.0,0.0,0.0,0.0,0.0
8424c25b-34cc-4d85-b307-926d09297068,Nike Womenswear in Blue,"Elevate your wardrobe with the Nike Womenswear in Blue.

Key Features:
  - Easy care fabric - machine washable.
  - Versatile design transitions seamlessly from day to night.
  - Moisture-wicking technology keeps you dry.
  - Four-way stretch fabric for unrestricted movement.
  - Reinforced stitching for enhanced durability.
  - Premium {material} fabric for lasting comfort.

Crafted with attention to detail, it offers the perfect balance of style and practicality.

A must-have addition to any wardrobe.",Clothing & Accessories,Womenswear,Nike,22.1,,No rating available,,,0,0.0,1,2024-08-22,14.0,7.0,3.0,0.0,0.0,0.0,0.0,0.0,18.42,50.0,42.86,0.0,0.0,0.0,0.0
216381f0-a419-4518-ae02-b0c5f385c0e3,Maybelline Aura Perfume Spray,"The Maybelline Aura Perfume Spray is your new essential for radiant skin.

Key Features:
  - Hydrating formula restores natural moisture balance.
  - Dermatologist-tested and suitable for all skin types.
  - Free from parabens, sulfates, and phthalates.
  - Formulated with natural ingredients for gentle care.
  - Rich, luxurious texture that absorbs quickly.

Part of our commitment to clean beauty.",Beauty & Personal Care,Fragrance,Maybelline,14.09,,No rating available,,,0,0.0,2,2026-04-12,10.0,0.0,0.0,0.0,0.0,0.0,0.0,0.0,16.28,0.0,,,,0.0,
e7234ca8-c931-4f65-8aaa-f628e9aabdae,Apple Air Over-Ear Headphones,"Engineered for excellence, the Apple Air Over-Ear Headphones sets a new standard.

Key Features:
  - Advanced connectivity options including WiFi 6 and Bluetooth 5.3.
  - Supports high-resolution audio for immersive sound.
  - Sleek, lightweight design for maximum portability.
  - Advanced cooling system for sustained performance.
  - Intuitive user interface with customizable settings.

Designed with the modern user in mind, it combines powerful performance with an intuitive interface.

Order today and experience the difference.",Electronics,Headphones,Apple,299.6,,No rating available,,,0,0.0,538,2025-08-09,38.0,20.0,5.0,0.0,0.0,0.0,0.0,0.0,18.83,52.63,25.0,0.0,0.0,0.0,0.0
6c220378-7c62-4d26-900b-125cd41d28f6,Kraft Snack Variety Pack,"Elevate your culinary creations with Kraft Snack Variety Pack.

Key Features:
  - Ethically sourced and sustainably produced.
  - Premium quality guaranteed by our master artisans.
  - Perfect for gifting or everyday indulgence.
  - Rich, authentic flavor profile.
  - No artificial preservatives or additives.
  - Hand-selected for superior quality.

Additional Details:
  - Net weight: {weight_g}g
  - Shelf life: {shelf_life}m

From our family to yours.",Grocery & Gourmet,Snacks,Kraft,14.52,,No rating available,,,0,0.0,1,2023-04-04,10.0,2.0,0.0,0.0,0.0,0.0,0.0,0.0,19.64,20.0,0.0,0.0,,0.0,0.0
444ff043-fb5b-4e2d-a1f0-95ae1d2f1533,L'Oreal Haircare Conditioner,"Reveal your natural beauty with the L'Oreal Haircare Conditioner.

Key Features:
  - Formulated with natural ingredients for gentle care.
  - Rich, luxurious texture that absorbs quickly.
  - Suitable for sensitive skin.
  - Delicate fragrance that lingers throughout the day.
  - Cruelty-free and never tested on animals.
  - Dermatologist-tested and suitable for all skin types.

See the difference with every use.",Beauty & Personal Care,Haircare,L'Oreal,50.54,,No rating available,,,0,0.0,1,2023-12-08,17.0,6.0,1.0,0.0,0.0,0.0,0.0,0.0,16.02,35.29,16.67,0.0,0.0,0.0,0.0
02287feb-fd4c-46db-bba2-c8fbd0059fe9,Apple Ultra Prime3,"Upgrade your setup with the powerful Apple Ultra Prime3.

Key Features:
  - Premium build quality with aerospace-grade materials.
  - Sleek, lightweight design for maximum portability.
  - Long-lasting battery designed for all-day productivity.
  - Equipped with the latest processor for seamless multitasking.
  - Advanced cooling system for sustained performance.
  - Advanced connectivity options including WiFi 6 and Bluetooth 5.3.

Whether you are working from home, gaming, or streaming, this device is built to handle it all with ease.

Order today and experience the difference.",Electronics,Smartphones,Apple,530.27,3.3,Original from products,3.3,3.3333333333333335,3,3.0,1,2025-07-29,121.0,35.0,28.0,4.0,4.0,4.0,2146.77,536.6925,20.79,28.93,80.0,11.43,14.29,17.74,61.34
9355673e-e14a-4f36-b337-b757fade4478,Wilson Premium Outdoor Recreation,"The Wilson Premium Outdoor Recreation is built for those who push their limits.

Key Features:
  - Ergonomic design reduces fatigue during extended use.
  - Compression-molded for compact storage.
  - Lightweight design for effortless portability.
  - Quick-setup system saves time and hassle.

Additional Details:
  - Weight: {weight_g}g
  - Material: {material_quality} {material}
  - Capacity: {capacity_l}L

Performance you can rely on.",Sports & Outdoors,Outdoor Recreation,Wilson,59.63,,No rating available,,,0,0.0,1,2024-11-01,14.0,6.0,1.0,0.0,0.0,0.0,0.0,0.0,28.05,42.86,16.67,0.0,0.0,0.0,0.0
cc6547e1-7252-46bb-beac-f9a4a493dce0,Wilson Portable Outdoor Recreation,"Take your performance to the next level with the Wilson Portable Outdoor Recreation.

Key Features:
  - Durable construction withstands the toughest conditions.
  - Compression-molded for compact storage.
  - Reinforced stress points for long-lasting durability.
  - Ergonomic design reduces fatigue during extended use.
  - Lightweight design for effortless portability.

Trusted by athletes and adventurers worldwide.",Sports & Outdoors,Outdoor Recreation,Wilson,45.63,,No rating available,,,0,0.0,1,2025-07-28,19.0,3.0,2.0,0.0,0.0,0.0,0.0,0.0,24.44,15.79,66.67,0.0,0.0,0.0,0.0
2ee058a5-f098-4961-a46d-ba699b635b84,L'Oreal Bath & Body Scrub,"Transform your daily routine with the L'Oreal Bath & Body Scrub.

Key Features:
  - Clinically proven results with regular use.
  - Dermatologist-tested and suitable for all skin types.
  - Delicate fragrance that lingers throughout the day.
  - Cruelty-free and never tested on animals.
  - Suitable for sensitive skin.
  - Free from parabens, sulfates, and phthalates.

Your skin deserves the best.",Beauty & Personal Care,Bath & Body,L'Oreal,46.25,,No rating available,,,0,0.0,1,2024-02-22,14.0,6.0,2.0,0.0,0.0,0.0,0.0,0.0,14.2,42.86,33.33,0.0,0.0,0.0,0.0
5dc6b916-6e20-41bd-bb51-1ca734ba2bbb,LEGO Machine Learning 1000pc Puzzle,"Bring joy to playtime with the LEGO Machine Learning 1000pc Puzzle.

Key Features:
  - Includes everything needed for immediate play.
  - STEM-focused learning through play.
  - Suitable for solo play or group activities.
  - Durable design withstands active play.

Trusted by parents and loved by children.",Toys & Games,Puzzles,LEGO,38.35,4.0,Original from products,4.0,4.0,1,1.0,1,2023-02-17,14.0,4.0,7.0,1.0,1.0,1.0,37.15,37.15,17.13,28.57,175.0,25.0,14.29,2.65,9.29
7b74b088-3813-40c8-b3e0-22f3c72ee791,MAC Haircare Treatment,"Reveal your natural beauty with the MAC Haircare Treatment.

Key Features:
  - Formulated with natural ingredients for gentle care.
  - Hydrating formula restores natural moisture balance.
  - Delicate fragrance that lingers throughout the day.
  - Antioxidant-rich formula protects against environmental damage.
  - Free from parabens, sulfates, and phthalates.
  - Dermatologist-tested and suitable for all skin types.

Your skin deserves the best.",Beauty & Personal Care,Haircare,MAC,12.82,,No rating available,,,0,0.0,1,2025-09-05,7.0,2.0,2.0,0.0,0.0,0.0,0.0,0.0,16.24,28.57,100.0,0.0,0.0,0.0,0.0
6423c371-130e-481a-8f65-57c728cb6ae7,The Sleek Drift: A Practical Approach,"The Sleek Drift: A Practical Approach is a compelling read you won't want to put down.

Key Features:
  - Includes exclusive content and illustrations.
  - Perfect for book clubs and group discussions.
  - Beautifully written with vivid prose and memorable characters.
  - Thought-provoking themes that resonate long after reading.
  - Award-winning author delivers another masterpiece.
  - Gripping narrative that keeps you turning pages.

Perfect for bedtime reading, book clubs, or casual enjoyment, this book offers something for everyone.

Additional Details:
  - A substantial read that delivers incredible value.
  - Available in multiple formats for your reading preference.

Already a bestseller in multiple countries.",Books,Comics,Macmillan,8.35,,No rating available,,,0,0.0,1,2025-09-05,0.0,0.0,0.0,0.0,0.0,0.0,0.0,0.0,0.0,,,,,,
1fc911b3-7429-46dd-9b91-77dc111d50cc,Nike Essential Womenswear,"Make a statement with the Nike Essential Womenswear.

Key Features:
  - Breathable material keeps you comfortable all day.
  - Eco-friendly materials sourced sustainably.
  - Easy care fabric - machine washable.
  - Tailored fit that flatters every body type.

Crafted with attention to detail, it offers the perfect balance of style and practicality.

Additional Details:
  - Available in multiple sizes for the perfect fit.
  - Premium fabric construction for lasting wear.
  - Easy care: machine washable for convenience.

A must-have addition to any wardrobe.",Clothing & Accessories,Womenswear,Nike,47.02,,No rating available,,,0,0.0,2,2025-03-08,3.0,0.0,2.0,0.0,0.0,0.0,0.0,0.0,16.93,0.0,,,0.0,0.0,
05c7bc80-5996-4019-95b6-d400c7625334,Spalding Premium Fitness Equipment,"Take your performance to the next level with the Spalding Premium Fitness Equipment.

Key Features:
  - Durable construction withstands the toughest conditions.
  - Ergonomic design reduces fatigue during extended use.
  - Reinforced stress points for long-lasting durability.
  - Adjustable features for customized fit.
  - Compression-molded for compact storage.

Performance you can rely on.",Sports & Outdoors,Fitness Equipment,Spalding,49.45,3.0,Original from products,3.0,3.0,1,1.0,1,2024-05-19,7.0,2.0,1.0,1.0,1.0,1.0,48.96,48.96,16.22,28.57,50.0,50.0,100.0,6.99,24.48
b6a0576e-f197-4cbe-a7c5-af745d82ec05,Michelin Heavy-Duty Tools & Equipment,"The Michelin Heavy-Duty Tools & Equipment delivers professional-grade results.

Key Features:
  - Easy application with no special tools required.
  - Compatible with all major vehicle makes and models.
  - Weather-resistant for year-round protection.
  - Professional-grade formula for superior results.
  - Non-abrasive and safe for all surfaces.
  - UV-resistant formula prevents fading and cracking.

Additional Details:
  - Temperature range: {temp_range}
  - Volume: {volume_ml}ml

Your vehicle deserves the best care.",Automotive,Tools & Equipment,Michelin,34.36,,No rating available,,,0,0.0,2,2023-01-11,17.0,3.0,4.0,1.0,1.0,1.0,34.59,34.59,16.68,17.65,133.33,33.33,25.0,2.03,11.53
d834d935-3177-4efa-8508-effcc38d8c60,The robust Guide to Reinforcement Learning,"Discover the story behind The robust Guide to Reinforcement Learning.

Key Features:
  - Features a foreword by a leading expert in the field.
  - Beautifully written with vivid prose and memorable characters.
  - Thought-provoking themes that resonate long after reading.
  - Perfect for book clubs and group discussions.
  - Includes exclusive content and illustrations.
  - Meticulously researched and expertly presented.

Perfect for bedtime reading, book clubs, or casual enjoyment, this book offers something for everyone.

Critically acclaimed and reader-approved.",Books,Non-Fiction,Macmillan,23.93,,No rating available,,,0,0.0,17,2025-06-26,13.0,7.0,0.0,0.0,0.0,0.0,0.0,0.0,17.18,53.85,0.0,0.0,,0.0,0.0
db8813ce-bfdd-44b8-ab9d-67eedddb37e3,Wilson Ultralight Camping Gear,"Conquer any challenge with the Wilson Ultralight Camping Gear.

Key Features:
  - Reinforced stress points for long-lasting durability.
  - Compression-molded for compact storage.
  - Weather-resistant materials keep you protected.
  - Lightweight design for effortless portability.

Trusted by athletes and adventurers worldwide.",Sports & Outdoors,Camping Gear,Wilson,86.73,4.0,Original from products,4.0,4.0,2,2.0,4,2025-04-03,15.0,4.0,3.0,2.0,2.0,3.0,259.15,86.09,14.88,26.67,75.0,50.0,66.67,17.28,64.79
2136f5a0-df76-4665-92b6-6ca0b1aab251,KitchenAid Furniture - Black,"Designed to make your home more beautiful and functional.

Key Features:
  - Dishwasher safe for effortless cleaning.
  - Temperature resistant up to {temp_c} degrees.
  - Built to withstand daily use with durable construction.
  - Versatile design complements any decor style.
  - Elegant finish adds a touch of sophistication.
  - Easy to clean and maintain for everyday use.

Whether you are redecorating or just looking for that perfect finishing touch, this piece fits beautifully.

Make every day extraordinary.",Home & Kitchen,Furniture,KitchenAid,106.81,,No rating available,,,0,0.0,3,2025-04-12,4.0,1.0,2.0,0.0,0.0,0.0,0.0,0.0,12.33,25.0,200.0,0.0,0.0,0.0,0.0
ff761c59-6875-469b-9f30-479237b8bb94,L'Oreal Haircare Conditioner,"The L'Oreal Haircare Conditioner is your new essential for radiant skin.

Key Features:
  - Rich, luxurious texture that absorbs quickly.
  - Dermatologist-tested and suitable for all skin types.
  - Clinically proven results with regular use.
  - Cruelty-free and never tested on animals.
  - Antioxidant-rich formula protects against environmental damage.
  - Delicate fragrance that lingers throughout the day.

See the difference with every use.",Beauty & Personal Care,Haircare,L'Oreal,7.6,,No rating available,,,0,0.0,1,2023-08-01,14.0,8.0,7.0,2.0,2.0,3.0,21.96,7.32,17.56,57.14,87.5,25.0,28.57,1.57,2.74
eb1b7a62-c765-4d68-8df2-9b0210e90d9a,Staples Compact Office Furniture,"The Staples Compact Office Furniture streamlines your workflow.

Key Features:
  - Space-saving profile fits any desk setup.
  - Smooth, quiet operation for focused work.
  - Premium materials ensure long-lasting performance.
  - Ergonomic design reduces strain during extended use.
  - Adjustable settings for personalized comfort.
  - Compatible with standard office supplies and accessories.

Backed by our quality guarantee.",Office Products,Office Furniture,Staples,23.28,,No rating available,,,0,0.0,12,2025-06-30,12.0,2.0,1.0,0.0,0.0,0.0,0.0,0.0,14.86,16.67,50.0,0.0,0.0,0.0,0.0
19a76693-4727-45ef-9277-18819845b777,Apple Edge18 Pro 5G,"Upgrade your setup with the powerful Apple Edge18 Pro 5G.

Key Features:
  - Premium build quality with aerospace-grade materials.
  - Sleek, lightweight design for maximum portability.
  - Intuitive user interface with customizable settings.
  - Features a high-resolution display with vivid color accuracy.
  - Supports high-resolution audio for immersive sound.
  - Equipped with the latest processor for seamless multitasking.

Designed with the modern user in mind, it combines powerful performance with an intuitive interface.

Order today and experience the difference.",Electronics,Smartphones,Apple,243.94,,No rating available,,,0,0.0,2048,2025-06-22,8.0,4.0,0.0,0.0,0.0,0.0,0.0,0.0,13.83,50.0,0.0,0.0,,0.0,0.0
87a25311-10b2-4d32-a0a0-895640929060,Tommy Hilfiger Essential Menswear,"Elevate your wardrobe with the Tommy Hilfiger Essential Menswear.

Key Features:
  - Versatile design transitions seamlessly from day to night.
  - Tailored fit that flatters every body type.
  - Easy care fabric - machine washable.
  - Classic design that never goes out of style.
  - Breathable material keeps you comfortable all day.

Crafted with attention to detail, it offers the perfect balance of style and practicality.

Join thousands of satisfied customers worldwide.",Clothing & Accessories,Menswear,Tommy Hilfiger,14.0,,No rating available,,,0,0.0,1,2025-12-05,4.0,1.0,2.0,0.0,0.0,0.0,0.0,0.0,11.85,25.0,200.0,0.0,0.0,0.0,0.0
a8fad85c-f931-4464-82cc-d7c4dc569021,Nutrition,"Discover the story behind Nutrition.

Key Features:
  - Includes discussion questions for book clubs.
  - Comprehensive coverage of the subject matter.
  - Gripping narrative that keeps you turning pages.
  - Meticulously researched and expertly presented.
  - Perfect for book clubs and group discussions.

Perfect for bedtime reading, book clubs, or casual enjoyment, this book offers something for everyone.

Additional Details:
  - Available in multiple formats for your reading preference.
  - Critically acclaimed with outstanding reader reviews.

A must-read for fans of the genre.",Books,Non-Fiction,McGraw-Hill,10.09,,No rating available,,,0,0.0,3,2024-12-08,1.0,1.0,0.0,0.0,0.0,0.0,0.0,0.0,21.31,100.0,0.0,0.0,,0.0,0.0
42f60e55-58f2-4129-a7b0-cb4ec5753faf,"Odyssey #7: Concepts, Techniques, and Tools","Odyssey #7: Concepts, Techniques, and Tools offers a fresh perspective on an important topic.

Key Features:
  - Gripping narrative that keeps you turning pages.
  - Perfect for book clubs and group discussions.
  - Includes discussion questions for book clubs.
  - Meticulously researched and expertly presented.

Whether you are a longtime fan or new to the genre, this book will captivate you from the first page.

A must-read for fans of the genre.",Books,Comics,Penguin Books,9.2,,No rating available,,,0,0.0,1,2025-07-01,0.0,0.0,0.0,0.0,0.0,0.0,0.0,0.0,0.0,,,,,,
f0b5f80b-9c03-4856-b950-1006943874f4,The NLP: A Practical Approach,"Discover the story behind The NLP: A Practical Approach.

Key Features:
  - Award-winning author delivers another masterpiece.
  - Includes discussion questions for book clubs.
  - Includes exclusive content and illustrations.
  - Perfect for book clubs and group discussions.
  - Features a foreword by a leading expert in the field.

Whether you are a longtime fan or new to the genre, this book will captivate you from the first page.

Additional Details:
  - Available in multiple formats for your reading preference.
  - Expertly crafted with attention to every detail.

Already a bestseller in multiple countries.",Books,Non-Fiction,Penguin Books,14.15,,No rating available,,,0,0.0,4,2024-05-15,0.0,0.0,0.0,0.0,0.0,0.0,0.0,0.0,0.0,,,,,,
38a52dba-365b-4c3e-a80d-bd32ca1d5319,Apple Edge4 Digital Camera,"Engineered for excellence, the Apple Edge4 Digital Camera sets a new standard.

Key Features:
  - Features a high-resolution display with vivid color accuracy.
  - Sleek, lightweight design for maximum portability.
  - Intuitive user interface with customizable settings.
  - Advanced cooling system for sustained performance.
  - Supports high-resolution audio for immersive sound.
  - Enhanced security features including biometric authentication.

Whether you are working from home, gaming, or streaming, this device is built to handle it all with ease.

Additional Details:
  - Connectivity: USB-C, HDMI, WiFi 6, Bluetooth.
  - High-resolution display with vivid color reproduction.
  - Slim and portable form factor for easy travel.

Elevate your daily experience with this premium device.",Electronics,Cameras,Apple,468.78,,No rating available,,,0,0.0,1,2025-05-18,1.0,2.0,0.0,0.0,0.0,0.0,0.0,0.0,26.53,200.0,0.0,0.0,,0.0,0.0
c6a70e79-cfac-45c0-9dcc-8e9525948be1,Cuisinart Digital Appliance,"The Cuisinart Digital Appliance brings both style and function to your space.

Key Features:
  - Elegant finish adds a touch of sophistication.
  - Versatile design complements any decor style.
  - Crafted from premium {material} for lasting quality.
  - Stackable design for efficient storage.
  - Easy to clean and maintain for everyday use.
  - Ergonomic design for comfortable use.

Designed to enhance your living space while providing practical everyday functionality.

Additional Details:
  - Dimensions: perfectly sized for your space.
  - Available in a variety of finishes.

Backed by our satisfaction guarantee.",Home & Kitchen,Appliances,Cuisinart,167.56,,No rating available,,,0,0.0,1,2025-05-15,20.0,7.0,3.0,0.0,0.0,0.0,0.0,0.0,18.82,35.0,42.86,0.0,0.0,0.0,0.0
fa6f0458-dc6f-4247-a498-617abb0bbc33,Compact Blockchain: The Principles and Applications,"Compact Blockchain: The Principles and Applications is a compelling read you won't want to put down.

Key Features:
  - Includes discussion questions for book clubs.
  - Features a foreword by a leading expert in the field.
  - Comprehensive coverage of the subject matter.
  - Gripping narrative that keeps you turning pages.
  - Includes exclusive content and illustrations.

Perfect for bedtime reading, book clubs, or casual enjoyment, this book offers something for everyone.

Additional Details:
  - Available in multiple formats for your reading preference.
  - Expertly crafted with attention to every detail.

A must-read for fans of the genre.",Books,Non-Fiction,HarperCollins,9.32,,No rating available,,,0,0.0,1,2025-08-30,7.0,1.0,0.0,0.0,0.0,0.0,0.0,0.0,21.07,14.29,0.0,0.0,,0.0,0.0
f2dbc3f9-915e-4e2f-9a01-977a2299a285,My First Reinforcement Learning,"My First Reinforcement Learning is a compelling read you won't want to put down.

Key Features:
  - Comprehensive coverage of the subject matter.
  - Beautifully written with vivid prose and memorable characters.
  - Award-winning author delivers another masterpiece.
  - Includes exclusive content and illustrations.

Perfect for bedtime reading, book clubs, or casual enjoyment, this book offers something for everyone.

Additional Details:
  - Expertly crafted with attention to every detail.
  - Critically acclaimed with outstanding reader reviews.

Critically acclaimed and reader-approved.",Books,Children's Books,Penguin Books,18.22,5.0,Original from products,5.0,5.0,2,2.0,4,2025-12-04,65.0,34.0,17.0,3.0,3.0,6.0,110.02,18.183333333333334,20.85,52.31,50.0,8.82,17.65,1.69,3.24
1c979a0e-2b27-4a77-8f5f-67743ba66a42,Columbia Performance Cycling,"The Columbia Performance Cycling is built for those who push their limits.

Key Features:
  - Ventilated design for breathability.
  - Reflective elements enhance visibility in low light.
  - Adjustable features for customized fit.
  - Lightweight design for effortless portability.
  - Ergonomic design reduces fatigue during extended use.

Performance you can rely on.",Sports & Outdoors,Cycling,Columbia,76.91,,No rating available,,,0,0.0,3,2023-01-04,12.0,6.0,1.0,0.0,0.0,0.0,0.0,0.0,18.37,50.0,16.67,0.0,0.0,0.0,0.0
1b88c220-2477-400b-8c69-32023804437b,"Kiehl's Haircare - 15.6""","Transform your daily routine with the Kiehl's Haircare - 15.6"".

Key Features:
  - Rich, luxurious texture that absorbs quickly.
  - Suitable for sensitive skin.
  - Free from parabens, sulfates, and phthalates.
  - Cruelty-free and never tested on animals.

Your skin deserves the best.",Beauty & Personal Care,Haircare,Kiehl's,27.23,,No rating available,,,0,0.0,47,2025-08-29,13.0,11.0,3.0,2.0,2.0,2.0,55.31,27.655,16.93,84.62,27.27,18.18,66.67,4.25,5.03
3dd4ff16-03ce-46f5-82c0-a73e937f0ba7,Coleman Adjustable Fitness Equipment,"Conquer any challenge with the Coleman Adjustable Fitness Equipment.

Key Features:
  - Adjustable features for customized fit.
  - Weather-resistant materials keep you protected.
  - Lightweight design for effortless portability.
  - Reinforced stress points for long-lasting durability.

Built to last, backed by our warranty.",Sports & Outdoors,Fitness Equipment,Coleman,69.88,4.0,Original from products,4.0,4.0,1,1.0,1,2025-09-15,2.0,0.0,2.0,1.0,1.0,1.0,73.02,73.02,15.0,0.0,,,50.0,36.51,
b9b969ac-8784-497e-926f-34e2d550561c,Hasbro Drift Strategy Game,"The Hasbro Drift Strategy Game sparks creativity and imagination.

Key Features:
  - Safe, non-toxic materials certified for children.
  - Durable design withstands active play.
  - Suitable for solo play or group activities.
  - Expandable with additional sets and accessories.

Trusted by parents and loved by children.",Toys & Games,Board Games,Hasbro,30.0,,No rating available,,,0,0.0,2,2024-11-11,12.0,1.0,3.0,0.0,0.0,0.0,0.0,0.0,22.89,8.33,300.0,0.0,0.0,0.0,0.0
107fe93b-2caa-4f40-8f85-aa22394e764b,Spalding Outdoor Recreation Set,"Conquer any challenge with the Spalding Outdoor Recreation Set.

Key Features:
  - Adjustable features for customized fit.
  - Quick-setup system saves time and hassle.
  - Ergonomic design reduces fatigue during extended use.
  - Ventilated design for breathability.

Additional Details:
  - Weight: {weight_g}g
  - Material: {material_quality} {material}
  - Capacity: {capacity_l}L

Performance you can rely on.",Sports & Outdoors,Outdoor Recreation,Spalding,151.39,,No rating available,,,0,0.0,1,2024-10-09,42.0,20.0,12.0,1.0,1.0,1.0,151.48,151.48,17.25,47.62,60.0,5.0,8.33,3.61,7.57
25450c50-662a-4ac3-8265-374d6a1e70e0,The elite phoenix,"The elite phoenix offers a fresh perspective on an important topic.

Key Features:
  - Beautifully written with vivid prose and memorable characters.
  - Award-winning author delivers another masterpiece.
  - Includes discussion questions for book clubs.
  - Comprehensive coverage of the subject matter.
  - Gripping narrative that keeps you turning pages.
  - Meticulously researched and expertly presented.

Perfect for bedtime reading, book clubs, or casual enjoyment, this book offers something for everyone.

Critically acclaimed and reader-approved.",Books,Children's Books,Penguin Books,24.3,4.0,Original from products,4.0,4.0,3,3.0,1,2025-06-20,45.0,17.0,13.0,3.0,3.0,6.0,145.63,24.386666666666667,17.15,37.78,76.47,17.65,23.08,3.24,8.57
3bf8cdc5-2100-42e6-be00-f01a35b00cfc,Wilson All-Weather Outdoor Recreation,"The Wilson All-Weather Outdoor Recreation is built for those who push their limits.

Key Features:
  - Durable construction withstands the toughest conditions.
  - Ventilated design for breathability.
  - Weather-resistant materials keep you protected.
  - Reinforced stress points for long-lasting durability.
  - Lightweight design for effortless portability.

Performance you can rely on.",Sports & Outdoors,Outdoor Recreation,Wilson,29.11,,No rating available,,,0,0.0,1,2024-07-21,2.0,1.0,0.0,0.0,0.0,0.0,0.0,0.0,21.22,50.0,0.0,0.0,,0.0,0.0
5cab2c9d-0862-4cfb-aff1-d65a4cc0f7f3,"Samsung Essential 13"" Display Tablet","The Samsung Essential 13"" Display Tablet delivers exceptional performance for all your needs.

Key Features:
  - Supports high-resolution audio for immersive sound.
  - Sleek, lightweight design for maximum portability.
  - Long-lasting battery designed for all-day productivity.
  - Advanced cooling system for sustained performance.
  - Equipped with the latest processor for seamless multitasking.

Designed with the modern user in mind, it combines powerful performance with an intuitive interface.

Additional Details:
  - Long battery life for all-day usage.
  - Connectivity: USB-C, HDMI, WiFi 6, Bluetooth.
  - High-resolution display with vivid color reproduction.

Backed by a comprehensive warranty and dedicated support.",Electronics,Tablets,Samsung,261.82,,No rating available,,,0,0.0,2,2024-05-31,9.0,1.0,2.0,0.0,0.0,0.0,0.0,0.0,12.6,11.11,200.0,0.0,0.0,0.0,0.0
b2dbae96-90ef-4212-b4ea-fd68ea6f4623,Nike Menswear in Brown,"Make a statement with the Nike Menswear in Brown.

Key Features:
  - Classic design that never goes out of style.
  - Reinforced stitching for enhanced durability.
  - Tailored fit that flatters every body type.
  - Versatile design transitions seamlessly from day to night.
  - Easy care fabric - machine washable.

From casual outings to formal occasions, this piece transitions effortlessly across settings.

A must-have addition to any wardrobe.",Clothing & Accessories,Menswear,Nike,59.79,,No rating available,,,0,0.0,3,2025-09-28,5.0,1.0,0.0,0.0,0.0,0.0,0.0,0.0,13.55,20.0,0.0,0.0,,0.0,0.0
f5b4f7f0-ad84-414d-b6a9-ec386fbd8a8d,Learn Fitness with Sam,"Discover the story behind Learn Fitness with Sam.

Key Features:
  - Thought-provoking themes that resonate long after reading.
  - Meticulously researched and expertly presented.
  - Perfect for book clubs and group discussions.
  - Beautifully written with vivid prose and memorable characters.
  - Includes discussion questions for book clubs.

Perfect for bedtime reading, book clubs, or casual enjoyment, this book offers something for everyone.

Order your copy today and start reading.",Books,Children's Books,Macmillan,16.39,,No rating available,,,0,0.0,1,2025-09-10,2.0,3.0,0.0,0.0,0.0,0.0,0.0,0.0,13.32,150.0,0.0,0.0,,0.0,0.0
fc61d76c-fc8a-4318-93c1-05d1402686d8,Nestle Organic Pantry Staple,"Elevate your culinary creations with Nestle Organic Pantry Staple.

Key Features:
  - Perfect for gifting or everyday indulgence.
  - Hand-selected for superior quality.
  - Versatile ingredient for countless recipes.
  - Ethically sourced and sustainably produced.
  - No artificial preservatives or additives.

Additional Details:
  - Shelf life: {shelf_life}m
  - Net weight: {weight_g}g

From our family to yours.",Grocery & Gourmet,Pantry Staples,Nestle,14.09,,No rating available,,,0,0.0,1,2023-09-16,8.0,4.0,1.0,0.0,0.0,0.0,0.0,0.0,28.27,50.0,25.0,0.0,0.0,0.0,0.0
27c532be-a2bb-439d-9005-0e67ba64d88a,Wilson Cycling Pro,"Engineered for peak performance in any condition.

Key Features:
  - Durable construction withstands the toughest conditions.
  - Compression-molded for compact storage.
  - Quick-setup system saves time and hassle.
  - Lightweight design for effortless portability.

Additional Details:
  - Capacity: {capacity_l}L
  - Material: {material_quality} {material}

Ready for wherever your journey takes you.",Sports & Outdoors,Cycling,Wilson,61.57,5.0,Original from products,5.0,5.0,1,1.0,2,2025-10-30,11.0,5.0,3.0,1.0,1.0,3.0,191.88,63.96,17.04,45.45,60.0,20.0,33.33,17.44,38.38
58056085-c7d7-412a-b8b6-f114cc59d540,Apple Z17 Ultra,"Upgrade your setup with the powerful Apple Z17 Ultra.

Key Features:
  - Advanced cooling system for sustained performance.
  - Sleek, lightweight design for maximum portability.
  - Equipped with the latest processor for seamless multitasking.
  - Advanced connectivity options including WiFi 6 and Bluetooth 5.3.

Designed with the modern user in mind, it combines powerful performance with an intuitive interface.

Elevate your daily experience with this premium device.",Electronics,Smartphones,Apple,172.6,,No rating available,,,0,0.0,1,2024-02-12,22.0,10.0,5.0,0.0,0.0,0.0,0.0,0.0,19.75,45.45,50.0,0.0,0.0,0.0,0.0
41334f74-7835-4a29-9b90-4e1b9b4a18da,The advanced Guide to Data Structures,"The advanced Guide to Data Structures is a compelling read you won't want to put down.

Key Features:
  - Gripping narrative that keeps you turning pages.
  - Perfect for book clubs and group discussions.
  - Thought-provoking themes that resonate long after reading.
  - Includes exclusive content and illustrations.

Perfect for bedtime reading, book clubs, or casual enjoyment, this book offers something for everyone.

Additional Details:
  - Critically acclaimed with outstanding reader reviews.
  - A substantial read that delivers incredible value.
  - Expertly crafted with attention to every detail.

Order your copy today and start reading.",Books,Non-Fiction,Scholastic,14.87,5.0,Original from products,5.0,5.0,1,1.0,1,2023-06-21,1.0,2.0,1.0,0.0,0.0,0.0,0.0,0.0,7.39,200.0,50.0,0.0,0.0,0.0,0.0
34c9ff5f-00f5-4f95-b1b7-2686317131bc,Nike Premium Accessorie,"The Nike Premium Accessorie combines style with everyday comfort.

Key Features:
  - Easy care fabric - machine washable.
  - Four-way stretch fabric for unrestricted movement.
  - Eco-friendly materials sourced sustainably.
  - Breathable material keeps you comfortable all day.

From casual outings to formal occasions, this piece transitions effortlessly across settings.

Join thousands of satisfied customers worldwide.",Clothing & Accessories,Accessories,Nike,10.43,4.5,Original from products,4.5,4.5,2,2.0,1,2025-12-31,6.0,0.0,3.0,1.0,1.0,1.0,10.7,10.7,20.62,0.0,,,33.33,1.78,
5d5464bd-48cf-484b-8775-10d9ae690a5f,L'Oreal Midnight Cologne,"Nourish and pamper yourself with the L'Oreal Midnight Cologne.

Key Features:
  - Dermatologist-tested and suitable for all skin types.
  - Delicate fragrance that lingers throughout the day.
  - Cruelty-free and never tested on animals.
  - Free from parabens, sulfates, and phthalates.

Additional Details:
  - Shelf life: {shelf_life}m
  - Skin type: {skin_type}
  - Volume: {volume_ml}ml

Part of our commitment to clean beauty.",Beauty & Personal Care,Fragrance,L'Oreal,21.05,,No rating available,,,0,0.0,3,2023-10-24,31.0,7.0,9.0,0.0,0.0,0.0,0.0,0.0,16.47,22.58,128.57,0.0,0.0,0.0,0.0
8e14d0d5-2f93-4467-9a1c-6a1c585790c2,LEGO Haven Learning Set,"The LEGO Haven Learning Set offers hours of engaging entertainment.

Key Features:
  - Suitable for solo play or group activities.
  - Safe, non-toxic materials certified for children.
  - Encourages creative thinking and problem-solving skills.
  - Durable design withstands active play.

Trusted by parents and loved by children.",Toys & Games,Educational Toys,LEGO,16.74,,No rating available,,,0,0.0,1,2023-09-11,8.0,7.0,1.0,0.0,0.0,0.0,0.0,0.0,16.88,87.5,14.29,0.0,0.0,0.0,0.0
20a7b807-e7ec-48c5-a2b4-0c0b39bbf134,Algorithms: A portable History,"Algorithms: A portable History is a compelling read you won't want to put down.

Key Features:
  - Includes exclusive content and illustrations.
  - Includes discussion questions for book clubs.
  - Comprehensive coverage of the subject matter.
  - Features a foreword by a leading expert in the field.

Perfect for bedtime reading, book clubs, or casual enjoyment, this book offers something for everyone.

Additional Details:
  - Expertly crafted with attention to every detail.
  - Critically acclaimed with outstanding reader reviews.

A must-read for fans of the genre.",Books,Non-Fiction,Random House,7.74,,No rating available,,,0,0.0,49,2023-12-03,0.0,0.0,1.0,0.0,0.0,0.0,0.0,0.0,21.3,,,,0.0,,
4a1b769a-c5b0-48f1-8bfe-9168a844e31e,Data Science,"Data Science offers a fresh perspective on an important topic.

Key Features:
  - Gripping narrative that keeps you turning pages.
  - Beautifully written with vivid prose and memorable characters.
  - Features a foreword by a leading expert in the field.
  - Perfect for book clubs and group discussions.
  - Includes exclusive content and illustrations.
  - Includes discussion questions for book clubs.

Perfect for bedtime reading, book clubs, or casual enjoyment, this book offers something for everyone.

Additional Details:
  - Critically acclaimed with outstanding reader reviews.
  - Expertly crafted with attention to every detail.
  - A substantial read that delivers incredible value.

A must-read for fans of the genre.",Books,Non-Fiction,MIT Press,28.68,,No rating available,,,0,0.0,4,2024-09-04,2.0,1.0,1.0,0.0,0.0,0.0,0.0,0.0,11.66,50.0,100.0,0.0,0.0,0.0,0.0
62ed9f3b-bd41-48e5-885b-0bba6e87b319,Nike X5 Crossbody Bag,"The Nike X5 Crossbody Bag combines style with everyday comfort.

Key Features:
  - Four-way stretch fabric for unrestricted movement.
  - Tailored fit that flatters every body type.
  - Reinforced stitching for enhanced durability.
  - Eco-friendly materials sourced sustainably.

Crafted with attention to detail, it offers the perfect balance of style and practicality.

Experience the perfect blend of style and comfort.",Clothing & Accessories,Bags,Nike,47.36,,No rating available,,,0,0.0,1,2023-07-27,4.0,3.0,1.0,0.0,0.0,0.0,0.0,0.0,9.72,75.0,33.33,0.0,0.0,0.0,0.0
0ea08862-8de1-4843-ab65-862d3dd1b2d8,Lodge Cotton Home Decor,"The Lodge Cotton Home Decor brings both style and function to your space.

Key Features:
  - Stackable design for efficient storage.
  - Elegant finish adds a touch of sophistication.
  - Crafted from premium {material} for lasting quality.
  - Temperature resistant up to {temp_c} degrees.
  - Dishwasher safe for effortless cleaning.
  - Easy to clean and maintain for everyday use.

Whether you are redecorating or just looking for that perfect finishing touch, this piece fits beautifully.

Make every day extraordinary.",Home & Kitchen,Home Decor,Lodge,44.14,5.0,Original from products,5.0,5.0,1,1.0,1,2023-07-18,10.0,4.0,2.0,1.0,1.0,2.0,84.54,42.27,19.07,40.0,50.0,25.0,50.0,8.45,21.14
9b59229e-4431-432d-9bf4-93a68396df69,LEGO 3D Bloom Puzzle,"Bring joy to playtime with the LEGO 3D Bloom Puzzle.

Key Features:
  - Safe, non-toxic materials certified for children.
  - Develops fine motor skills and hand-eye coordination.
  - STEM-focused learning through play.
  - Includes everything needed for immediate play.
  - Award-winning design loved by kids and parents.

Trusted by parents and loved by children.",Toys & Games,Puzzles,LEGO,17.81,,No rating available,,,0,0.0,1,2024-05-04,7.0,2.0,1.0,0.0,0.0,0.0,0.0,0.0,14.64,28.57,50.0,0.0,0.0,0.0,0.0
2bf0bc0f-a5fa-4973-915b-6b2fc44ac93e,"Neutrogena Haircare - 17""","Transform your daily routine with the Neutrogena Haircare - 17"".

Key Features:
  - Free from parabens, sulfates, and phthalates.
  - Suitable for sensitive skin.
  - Dermatologist-tested and suitable for all skin types.
  - Delicate fragrance that lingers throughout the day.
  - Hydrating formula restores natural moisture balance.
  - Rich, luxurious texture that absorbs quickly.

Loved by beauty experts and enthusiasts alike.",Beauty & Personal Care,Haircare,Neutrogena,25.89,,No rating available,,,0,0.0,3,2023-09-29,11.0,2.0,0.0,0.0,0.0,0.0,0.0,0.0,24.72,18.18,0.0,0.0,,0.0,0.0
730206e1-27a1-42b5-b0d0-53224d11f1d9,Machine Learning: A ultimate History,"Dive into the captivating world of Machine Learning: A ultimate History.

Key Features:
  - Gripping narrative that keeps you turning pages.
  - Features a foreword by a leading expert in the field.
  - Meticulously researched and expertly presented.
  - Award-winning author delivers another masterpiece.
  - Includes exclusive content and illustrations.

Whether you are a longtime fan or new to the genre, this book will captivate you from the first page.

Additional Details:
  - A substantial read that delivers incredible value.
  - Expertly crafted with attention to every detail.

Already a bestseller in multiple countries.",Books,Non-Fiction,Penguin Books,22.98,5.0,Original from products,5.0,5.0,2,2.0,1,2023-08-29,17.0,7.0,4.0,2.0,2.0,5.0,117.33,23.36,23.67,41.18,57.14,28.57,50.0,6.9,16.76
72ce0593-0728-44df-a455-40bfeed0dd56,Cuisinart Decorative Home Decor,"Elevate your everyday living with the Cuisinart Decorative Home Decor.

Key Features:
  - Space-saving design fits perfectly in any room.
  - Easy to clean and maintain for everyday use.
  - Versatile design complements any decor style.
  - Built to withstand daily use with durable construction.

Designed to enhance your living space while providing practical everyday functionality.

Designed for real life, built to last.",Home & Kitchen,Home Decor,Cuisinart,26.29,,No rating available,,,0,0.0,4,2026-02-11,4.0,2.0,4.0,0.0,0.0,0.0,0.0,0.0,11.26,50.0,200.0,0.0,0.0,0.0,0.0
cc22ed88-bacf-4587-a916-4eb8e48f973f,Sony Pixel8 In-Ear Monitors,"The Sony Pixel8 In-Ear Monitors delivers exceptional performance for all your needs.

Key Features:
  - Long-lasting battery designed for all-day productivity.
  - Advanced connectivity options including WiFi 6 and Bluetooth 5.3.
  - Supports high-resolution audio for immersive sound.
  - Intuitive user interface with customizable settings.

Whether you are working from home, gaming, or streaming, this device is built to handle it all with ease.

Perfect for professionals and enthusiasts alike.",Electronics,Headphones,Sony,149.49,,No rating available,,,0,0.0,1,2025-01-12,11.0,1.0,1.0,0.0,0.0,0.0,0.0,0.0,38.14,9.09,100.0,0.0,0.0,0.0,0.0
b9474555-c8fb-4a3e-8005-d04b3ef24729,Samsung Pro19 Pro Tablet,"Engineered for excellence, the Samsung Pro19 Pro Tablet sets a new standard.

Key Features:
  - Features a high-resolution display with vivid color accuracy.
  - Sleek, lightweight design for maximum portability.
  - Advanced connectivity options including WiFi 6 and Bluetooth 5.3.
  - Enhanced security features including biometric authentication.
  - Premium build quality with aerospace-grade materials.
  - Long-lasting battery designed for all-day productivity.

Designed with the modern user in mind, it combines powerful performance with an intuitive interface.

Additional Details:
  - Connectivity: USB-C, HDMI, WiFi 6, Bluetooth.
  - Slim and portable form factor for easy travel.
  - Long battery life for all-day usage.

Perfect for professionals and enthusiasts alike.",Electronics,Tablets,Samsung,275.42,5.0,Original from products,5.0,5.0,1,1.0,1,2023-01-18,40.0,14.0,10.0,2.0,2.0,2.0,543.76,271.88,20.86,35.0,71.43,14.29,20.0,13.59,38.84
931b5b09-fd15-45f0-8756-0613623c53e3,Nike Max Tote Bag,"Make a statement with the Nike Max Tote Bag.

Key Features:
  - Premium {material} fabric for lasting comfort.
  - Breathable material keeps you comfortable all day.
  - Four-way stretch fabric for unrestricted movement.
  - Reinforced stitching for enhanced durability.
  - Classic design that never goes out of style.

From casual outings to formal occasions, this piece transitions effortlessly across settings.

A must-have addition to any wardrobe.",Clothing & Accessories,Bags,Nike,10.95,,No rating available,,,0,0.0,1,2023-05-07,4.0,1.0,0.0,0.0,0.0,0.0,0.0,0.0,20.72,25.0,0.0,0.0,,0.0,0.0
ecb5c900-0bfb-40c7-8b4b-125428778584,Ninja LED Lighting,"The Ninja LED Lighting brings both style and function to your space.

Key Features:
  - Stackable design for efficient storage.
  - Temperature resistant up to {temp_c} degrees.
  - Built to withstand daily use with durable construction.
  - Crafted from premium {material} for lasting quality.

Designed to enhance your living space while providing practical everyday functionality.

The perfect addition to any modern home.",Home & Kitchen,Lighting,Ninja,43.35,4.0,Original from products,4.0,4.0,3,3.0,1,2025-10-11,6.0,0.0,2.0,1.0,1.0,1.0,41.36,41.36,24.57,0.0,,,50.0,6.89,
c1a03f48-f87a-487d-9691-997377699d87,NOCO Professional Tools & Equipment,"Protect and enhance your vehicle with the NOCO Professional Tools & Equipment.

Key Features:
  - Long-lasting protection against the elements.
  - Professional-grade formula for superior results.
  - Weather-resistant for year-round protection.
  - Non-abrasive and safe for all surfaces.
  - Tested for quality and reliability.
  - Compatible with all major vehicle makes and models.

Additional Details:
  - Volume: {volume_ml}ml
  - Temperature range: {temp_range}
  - Compatibility: {compat_info}

Performance you can count on.",Automotive,Tools & Equipment,NOCO,25.92,4.0,Original from products,4.0,4.0,1,1.0,1,2023-12-03,8.0,3.0,4.0,0.0,0.0,0.0,0.0,0.0,13.36,37.5,133.33,0.0,0.0,0.0,0.0
6e2eae64-7685-4c89-883d-51d3bc863f6f,Digital Marketing: A classic History,"Digital Marketing: A classic History is a compelling read you won't want to put down.

Key Features:
  - Gripping narrative that keeps you turning pages.
  - Includes discussion questions for book clubs.
  - Comprehensive coverage of the subject matter.
  - Award-winning author delivers another masterpiece.
  - Includes exclusive content and illustrations.
  - Thought-provoking themes that resonate long after reading.

Perfect for bedtime reading, book clubs, or casual enjoyment, this book offers something for everyone.

Order your copy today and start reading.",Books,Non-Fiction,Penguin Books,13.09,,No rating available,,,0,0.0,270,2023-07-10,5.0,6.0,1.0,0.0,0.0,0.0,0.0,0.0,8.74,120.0,16.67,0.0,0.0,0.0,0.0
6c16835c-4aaf-4a21-8578-165c9a812b20,Zara Classic Accessorie,"Designed for those who refuse to compromise on style.

Key Features:
  - Tailored fit that flatters every body type.
  - Classic design that never goes out of style.
  - Reinforced stitching for enhanced durability.
  - Four-way stretch fabric for unrestricted movement.
  - Easy care fabric - machine washable.
  - Eco-friendly materials sourced sustainably.

From casual outings to formal occasions, this piece transitions effortlessly across settings.

Additional Details:
  - Premium fabric construction for lasting wear.
  - Available in multiple sizes for the perfect fit.

A must-have addition to any wardrobe.",Clothing & Accessories,Accessories,Zara,25.9,4.0,Original from products,4.0,4.0,1,1.0,1,2025-04-09,16.0,6.0,6.0,0.0,0.0,0.0,0.0,0.0,16.27,37.5,100.0,0.0,0.0,0.0,0.0
1780b82e-2ba3-46f3-a6de-e3162c5e667b,HP Max9 Pro Tablet,"Experience cutting-edge technology with the HP Max9 Pro Tablet.

Key Features:
  - Features a high-resolution display with vivid color accuracy.
  - Intuitive user interface with customizable settings.
  - Premium build quality with aerospace-grade materials.
  - Long-lasting battery designed for all-day productivity.
  - Equipped with the latest processor for seamless multitasking.
  - Enhanced security features including biometric authentication.

Designed with the modern user in mind, it combines powerful performance with an intuitive interface.

Perfect for professionals and enthusiasts alike.",Electronics,Tablets,HP,165.17,,No rating available,,,0,0.0,1,2025-11-11,7.0,1.0,2.0,0.0,0.0,0.0,0.0,0.0,23.99,14.29,200.0,0.0,0.0,0.0,0.0
edb494d5-fb46-45f4-b40a-8f259c2ce029,Nike Pro8 Training Shoes,"Elevate your wardrobe with the Nike Pro8 Training Shoes.

Key Features:
  - Eco-friendly materials sourced sustainably.
  - Breathable material keeps you comfortable all day.
  - Moisture-wicking technology keeps you dry.
  - Tailored fit that flatters every body type.

Crafted with attention to detail, it offers the perfect balance of style and practicality.

Additional Details:
  - Designed for comfort with a tailored silhouette.
  - Available in multiple sizes for the perfect fit.
  - Easy care: machine washable for convenience.

Experience the perfect blend of style and comfort.",Clothing & Accessories,Footwear,Nike,111.0,,No rating available,,,0,0.0,6,2024-05-11,44.0,18.0,3.0,0.0,0.0,0.0,0.0,0.0,21.4,40.91,16.67,0.0,0.0,0.0,0.0
6582625f-3f3e-4e8d-9df3-b5f539f52c35,Hot Wheels Aura Science Experiment,"Bring joy to playtime with the Hot Wheels Aura Science Experiment.

Key Features:
  - Develops fine motor skills and hand-eye coordination.
  - Award-winning design loved by kids and parents.
  - Safe, non-toxic materials certified for children.
  - Easy to learn, with endless replay value.

The perfect gift for any occasion.",Toys & Games,Educational Toys,Hot Wheels,20.58,5.0,Original from products,5.0,5.0,1,1.0,3,2025-07-15,14.0,12.0,5.0,0.0,0.0,0.0,0.0,0.0,17.69,85.71,41.67,0.0,0.0,0.0,0.0
fecb152a-d3b4-4040-8066-d3df28a8b107,KitchenAid Smart Appliance,"The KitchenAid Smart Appliance brings both style and function to your space.

Key Features:
  - Built to withstand daily use with durable construction.
  - Ergonomic design for comfortable use.
  - Crafted from premium {material} for lasting quality.
  - Temperature resistant up to {temp_c} degrees.
  - Easy to clean and maintain for everyday use.

Designed to enhance your living space while providing practical everyday functionality.

The perfect addition to any modern home.",Home & Kitchen,Appliances,KitchenAid,54.4,4.0,Original from products,4.0,4.0,3,3.0,10,2024-06-09,58.0,26.0,12.0,3.0,3.0,4.0,210.2,52.65,17.55,44.83,46.15,11.54,25.0,3.62,8.08
296e5061-63b9-431e-90ee-3528c693b6ea,Dove Nova Cologne,"Reveal your natural beauty with the Dove Nova Cologne.

Key Features:
  - Cruelty-free and never tested on animals.
  - Clinically proven results with regular use.
  - Dermatologist-tested and suitable for all skin types.
  - Delicate fragrance that lingers throughout the day.

Additional Details:
  - Skin type: {skin_type}
  - Volume: {volume_ml}ml

See the difference with every use.",Beauty & Personal Care,Fragrance,Dove,65.9,5.0,Original from products,5.0,5.0,1,1.0,1,2023-05-16,19.0,3.0,9.0,1.0,1.0,1.0,62.94,62.94,15.34,15.79,300.0,33.33,11.11,3.31,20.98
82e46c00-73fc-4f52-8c42-59ea245bae9b,LEGO Velvet Building Set,"The LEGO Velvet Building Set offers hours of engaging entertainment.

Key Features:
  - STEM-focused learning through play.
  - Safe, non-toxic materials certified for children.
  - Includes everything needed for immediate play.
  - Durable design withstands active play.
  - Suitable for solo play or group activities.
  - Award-winning design loved by kids and parents.

The perfect gift for any occasion.",Toys & Games,Educational Toys,LEGO,17.97,,No rating available,,,0,0.0,8,2025-09-22,19.0,6.0,2.0,0.0,0.0,0.0,0.0,0.0,20.71,31.58,33.33,0.0,0.0,0.0,0.0
938c5e12-892a-4b77-afea-8ff809f98366,Apple Ultra Series11,"Upgrade your setup with the powerful Apple Ultra Series11.

Key Features:
  - Features a high-resolution display with vivid color accuracy.
  - Advanced connectivity options including WiFi 6 and Bluetooth 5.3.
  - Intuitive user interface with customizable settings.
  - Enhanced security features including biometric authentication.
  - Equipped with the latest processor for seamless multitasking.
  - Advanced cooling system for sustained performance.

Whether you are working from home, gaming, or streaming, this device is built to handle it all with ease.

Additional Details:
  - Long battery life for all-day usage.
  - High-resolution display with vivid color reproduction.
  - Slim and portable form factor for easy travel.

Backed by a comprehensive warranty and dedicated support.",Electronics,Smartphones,Apple,534.27,,No rating available,,,0,0.0,1,2026-02-19,3.0,1.0,0.0,0.0,0.0,0.0,0.0,0.0,19.22,33.33,0.0,0.0,,0.0,0.0
6b615487-d7af-4988-9310-13a937e4ee2f,Spalding Tournament Team Sport,"The Spalding Tournament Team Sport is built for those who push their limits.

Key Features:
  - Adjustable features for customized fit.
  - Weather-resistant materials keep you protected.
  - Ventilated design for breathability.
  - Durable construction withstands the toughest conditions.
  - Compression-molded for compact storage.
  - Ergonomic design reduces fatigue during extended use.

Performance you can rely on.",Sports & Outdoors,Team Sports,Spalding,55.18,5.0,Original from products,5.0,5.0,1,1.0,3,2026-05-12,15.0,5.0,4.0,1.0,1.0,1.0,53.54,53.54,16.05,33.33,80.0,20.0,25.0,3.57,10.71
fc8ff5d6-2425-45fd-9562-7e24de9f7cd1,Michelin Tools & Equipment Kit,"The Michelin Tools & Equipment Kit delivers professional-grade results.

Key Features:
  - Long-lasting protection against the elements.
  - UV-resistant formula prevents fading and cracking.
  - Non-abrasive and safe for all surfaces.
  - Quick-drying formula saves time.

Additional Details:
  - Application: {app_method}
  - Compatibility: {compat_info}
  - Temperature range: {temp_range}

Performance you can count on.",Automotive,Tools & Equipment,Michelin,121.84,3.5,Original from products,3.5,3.4545454545454546,11,11.0,3,2023-05-05,419.0,171.0,117.0,13.0,13.0,16.0,1977.11,123.08692307692309,16.63,40.81,68.42,7.6,11.11,4.72,11.56
00fd20d1-e174-4abd-99c5-f15efa9b0078,Dyson Furniture - Green,"The Dyson Furniture - Green brings both style and function to your space.

Key Features:
  - Crafted from premium {material} for lasting quality.
  - Elegant finish adds a touch of sophistication.
  - Dishwasher safe for effortless cleaning.
  - Stackable design for efficient storage.

Designed to enhance your living space while providing practical everyday functionality.

Additional Details:
  - Premium materials for lasting quality.
  - Available in a variety of finishes.
  - Dimensions: perfectly sized for your space.

Backed by our satisfaction guarantee.",Home & Kitchen,Furniture,Dyson,73.28,,No rating available,,,0,0.0,1,2024-12-05,13.0,4.0,4.0,0.0,0.0,0.0,0.0,0.0,22.12,30.77,100.0,0.0,0.0,0.0,0.0
c08ed6d6-7ff4-4227-9ea2-28d4f7c1b0eb,Anker Air12 2-in-1 Tablet,"Engineered for excellence, the Anker Air12 2-in-1 Tablet sets a new standard.

Key Features:
  - Premium build quality with aerospace-grade materials.
  - Intuitive user interface with customizable settings.
  - Advanced cooling system for sustained performance.
  - Equipped with the latest processor for seamless multitasking.

Designed with the modern user in mind, it combines powerful performance with an intuitive interface.

Additional Details:
  - Connectivity: USB-C, HDMI, WiFi 6, Bluetooth.
  - High-resolution display with vivid color reproduction.

Elevate your daily experience with this premium device.",Electronics,Tablets,Anker,185.97,,No rating available,,,0,0.0,1,2025-02-16,15.0,7.0,2.0,0.0,0.0,0.0,0.0,0.0,17.9,46.67,28.57,0.0,0.0,0.0,0.0
88f38eae-9124-4557-a285-248fc1cad30c,Nestle Pantry Staple Multipack,"Savor the rich flavors of the Nestle Pantry Staple Multipack.

Key Features:
  - Freshness sealed for optimal taste.
  - Ethically sourced and sustainably produced.
  - Rich, authentic flavor profile.
  - Perfect for gifting or everyday indulgence.
  - No artificial preservatives or additives.

From our family to yours.",Grocery & Gourmet,Pantry Staples,Nestle,7.74,4.1,Original from products,4.1,4.090909090909091,22,22.0,8,2023-04-09,1045.0,415.0,246.0,32.0,32.0,56.0,433.08,7.728125,18.22,39.71,59.28,7.71,13.01,0.41,1.04
acb08aee-71c4-4757-a6ff-9d0e348961cb,Nestle Snack Family Size,"Savor the rich flavors of the Nestle Snack Family Size.

Key Features:
  - Rich, authentic flavor profile.
  - Sourced from the finest origins around the world.
  - No artificial preservatives or additives.
  - Versatile ingredient for countless recipes.
  - Hand-selected for superior quality.

Additional Details:
  - Shelf life: {shelf_life}m
  - Net weight: {weight_g}g
  - Storage: {storage_type}

Perfect for sharing with loved ones.",Grocery & Gourmet,Snacks,Nestle,5.86,4.0,Original from products,4.0,4.0,1,1.0,1,2026-04-01,9.0,5.0,1.0,1.0,1.0,2.0,11.72,5.86,20.27,55.56,20.0,20.0,100.0,1.3,2.34
d8bc55a8-1ed7-499f-8249-d90d1ef536c0,Advanced pinnacle Adventure,"Advanced pinnacle Adventure is a compelling read you won't want to put down.

Key Features:
  - Includes exclusive content and illustrations.
  - Thought-provoking themes that resonate long after reading.
  - Meticulously researched and expertly presented.
  - Comprehensive coverage of the subject matter.
  - Award-winning author delivers another masterpiece.
  - Perfect for book clubs and group discussions.

Whether you are a longtime fan or new to the genre, this book will captivate you from the first page.

A must-read for fans of the genre.",Books,Children's Books,Penguin Books,14.54,3.0,Original from products,3.0,3.0,2,2.0,1,2023-05-09,0.0,0.0,0.0,0.0,0.0,0.0,0.0,0.0,0.0,,,,,,
4a3c27a3-42b0-4bcb-9be6-cbd34aa84236,Learn Finance with Finn,"Learn Finance with Finn is a compelling read you won't want to put down.

Key Features:
  - Perfect for book clubs and group discussions.
  - Gripping narrative that keeps you turning pages.
  - Beautifully written with vivid prose and memorable characters.
  - Includes discussion questions for book clubs.
  - Includes exclusive content and illustrations.

Whether you are a longtime fan or new to the genre, this book will captivate you from the first page.

Critically acclaimed and reader-approved.",Books,Children's Books,HarperCollins,21.93,,No rating available,,,0,0.0,1,2023-12-02,8.0,3.0,3.0,1.0,1.0,2.0,43.24,21.62,26.25,37.5,100.0,33.33,33.33,5.4,14.41
037cec35-3b10-4dec-bc5d-f1872c162070,Adidas Classic Accessorie,"Make a statement with the Adidas Classic Accessorie.

Key Features:
  - Easy care fabric - machine washable.
  - Reinforced stitching for enhanced durability.
  - Moisture-wicking technology keeps you dry.
  - Four-way stretch fabric for unrestricted movement.
  - Tailored fit that flatters every body type.
  - Classic design that never goes out of style.

Crafted with attention to detail, it offers the perfect balance of style and practicality.

Additional Details:
  - Premium fabric construction for lasting wear.
  - Available in multiple sizes for the perfect fit.
  - Designed for comfort with a tailored silhouette.

Experience the perfect blend of style and comfort.",Clothing & Accessories,Accessories,Adidas,34.73,1.0,Original from products,1.0,1.0,1,1.0,22,2026-04-22,58.0,16.0,12.0,1.0,1.0,1.0,33.92,33.92,18.79,27.59,75.0,6.25,8.33,0.58,2.12
310d8649-0566-46a3-b56d-03c1c64e9700,Barbie Max Deluxe Mia,"Unleash endless fun with the Barbie Max Deluxe Mia.

Key Features:
  - Encourages creative thinking and problem-solving skills.
  - STEM-focused learning through play.
  - Safe, non-toxic materials certified for children.
  - Easy to learn, with endless replay value.
  - Includes everything needed for immediate play.
  - Expandable with additional sets and accessories.

Additional Details:
  - Players: {player_count}
  - Recommended age: {age_range}+

Where learning meets play.",Toys & Games,Action Figures,Barbie,20.67,,No rating available,,,0,0.0,1,2024-11-24,5.0,1.0,0.0,0.0,0.0,0.0,0.0,0.0,15.23,20.0,0.0,0.0,,0.0,0.0
72af798d-dd65-4dfe-b807-d84757d3e847,A Superior Spectrum: Building Real-World Solutions,"A Superior Spectrum: Building Real-World Solutions is a compelling read you won't want to put down.

Key Features:
  - Comprehensive coverage of the subject matter.
  - Gripping narrative that keeps you turning pages.
  - Award-winning author delivers another masterpiece.
  - Features a foreword by a leading expert in the field.

Whether you are a longtime fan or new to the genre, this book will captivate you from the first page.

Additional Details:
  - A substantial read that delivers incredible value.
  - Expertly crafted with attention to every detail.
  - Available in multiple formats for your reading preference.

Already a bestseller in multiple countries.",Books,Comics,Hachette,12.35,,No rating available,,,0,0.0,5,2025-04-27,0.0,0.0,0.0,0.0,0.0,0.0,0.0,0.0,0.0,,,,,,
7a29cde0-245e-430f-aaf2-c36541a95075,Apple Air7 Bluetooth Earbuds,"Upgrade your setup with the powerful Apple Air7 Bluetooth Earbuds.

Key Features:
  - Enhanced security features including biometric authentication.
  - Advanced connectivity options including WiFi 6 and Bluetooth 5.3.
  - Advanced cooling system for sustained performance.
  - Sleek, lightweight design for maximum portability.

Whether you are working from home, gaming, or streaming, this device is built to handle it all with ease.

Perfect for professionals and enthusiasts alike.",Electronics,Headphones,Apple,300.48,,No rating available,,,0,0.0,3,2024-09-07,1.0,1.0,1.0,0.0,0.0,0.0,0.0,0.0,11.54,100.0,100.0,0.0,0.0,0.0,0.0
3dd241cc-231d-4821-9c7b-1e6f1ee2fe26,Wilson Official Team Sport,"Engineered for peak performance in any condition.

Key Features:
  - Quick-setup system saves time and hassle.
  - Ergonomic design reduces fatigue during extended use.
  - Weather-resistant materials keep you protected.
  - Durable construction withstands the toughest conditions.
  - Reinforced stress points for long-lasting durability.
  - Adjustable features for customized fit.

Additional Details:
  - Capacity: {capacity_l}L
  - Dimensions: {dim_cm} cm

Trusted by athletes and adventurers worldwide.",Sports & Outdoors,Team Sports,Wilson,114.71,,No rating available,,,0,0.0,1,2025-07-27,26.0,11.0,3.0,1.0,1.0,3.0,338.76,112.92,12.88,42.31,27.27,9.09,33.33,13.03,30.8
a879a2c9-5349-4da1-833a-2a7fb8e39664,Michelin Air11 Car Accessorie,"Protect and enhance your vehicle with the Michelin Air11 Car Accessorie.

Key Features:
  - Non-abrasive and safe for all surfaces.
  - Exceeds OEM specifications for quality and performance.
  - Long-lasting protection against the elements.
  - Easy application with no special tools required.
  - Weather-resistant for year-round protection.

Additional Details:
  - Application: {app_method}
  - Volume: {volume_ml}ml

Your vehicle deserves the best care.",Automotive,Car Accessories,Michelin,21.94,,No rating available,,,0,0.0,1,2023-04-12,8.0,3.0,2.0,0.0,0.0,0.0,0.0,0.0,14.08,37.5,66.67,0.0,0.0,0.0,0.0
906e3627-ad85-4eeb-a623-cda5723db451,LEGO Drift Science Experiment,"Bring joy to playtime with the LEGO Drift Science Experiment.

Key Features:
  - Easy to learn, with endless replay value.
  - Award-winning design loved by kids and parents.
  - STEM-focused learning through play.
  - Develops fine motor skills and hand-eye coordination.

Additional Details:
  - Players: {player_count}
  - Recommended age: {age_range}+
  - Batteries: {battery_req}

Where learning meets play.",Toys & Games,Educational Toys,LEGO,16.74,5.0,Original from products,5.0,5.0,1,1.0,1,2025-04-22,14.0,3.0,3.0,1.0,1.0,2.0,34.64,17.32,13.62,21.43,100.0,33.33,33.33,2.47,11.55
5bc7f769-def0-46b9-8a64-35b8bc9c0a76,Nike Accessorie - Sand,"Designed for those who refuse to compromise on style.

Key Features:
  - Breathable material keeps you comfortable all day.
  - Eco-friendly materials sourced sustainably.
  - Classic design that never goes out of style.
  - Versatile design transitions seamlessly from day to night.
  - Premium {material} fabric for lasting comfort.
  - Reinforced stitching for enhanced durability.

Crafted with attention to detail, it offers the perfect balance of style and practicality.

Additional Details:
  - Available in multiple sizes for the perfect fit.
  - Designed for comfort with a tailored silhouette.
  - Easy care: machine washable for convenience.

Experience the perfect blend of style and comfort.",Clothing & Accessories,Accessories,Nike,43.95,,No rating available,,,0,0.0,1,2023-03-25,2.0,0.0,0.0,0.0,0.0,0.0,0.0,0.0,24.44,0.0,,,,0.0,
77e18a4d-8791-42a8-a2f3-81a888a28599,Apple Max Action Cam,"Experience cutting-edge technology with the Apple Max Action Cam.

Key Features:
  - Enhanced security features including biometric authentication.
  - Sleek, lightweight design for maximum portability.
  - Premium build quality with aerospace-grade materials.
  - Long-lasting battery designed for all-day productivity.

Whether you are working from home, gaming, or streaming, this device is built to handle it all with ease.

Additional Details:
  - Slim and portable form factor for easy travel.
  - Long battery life for all-day usage.
  - High-resolution display with vivid color reproduction.

Perfect for professionals and enthusiasts alike.",Electronics,Cameras,Apple,436.99,,No rating available,,,0,0.0,1,2023-08-12,0.0,0.0,0.0,0.0,0.0,0.0,0.0,0.0,0.0,,,,,,
0c70a612-d55e-4879-9bce-299d323437f3,Bosch Tools & Equipment Set,"Protect and enhance your vehicle with the Bosch Tools & Equipment Set.

Key Features:
  - Easy application with no special tools required.
  - Exceeds OEM specifications for quality and performance.
  - UV-resistant formula prevents fading and cracking.
  - Long-lasting protection against the elements.

Performance you can count on.",Automotive,Tools & Equipment,Bosch,78.06,3.8,Original from products,3.8,3.75,8,8.0,1,2024-09-23,225.0,77.0,43.0,15.0,15.0,18.0,1398.94,77.79933333333334,17.15,34.22,55.84,19.48,34.88,6.22,18.17
c44d8b86-cf14-4c57-8b74-488e494e5f2d,Bosch Electronic Display,"Engineered for peak automotive performance.

Key Features:
  - UV-resistant formula prevents fading and cracking.
  - Compatible with all major vehicle makes and models.
  - Long-lasting protection against the elements.
  - Tested for quality and reliability.
  - Weather-resistant for year-round protection.

Additional Details:
  - Application: {app_method}
  - Volume: {volume_ml}ml

Trusted by mechanics and enthusiasts worldwide.",Automotive,Electronics,Bosch,14.57,3.0,Original from products,3.0,3.0,1,1.0,1,2024-07-13,12.0,7.0,7.0,1.0,1.0,1.0,14.32,14.32,15.91,58.33,100.0,14.29,14.29,1.19,2.05
9cd03717-8792-47ad-8886-76fc97f393d8,Ultimate pinnacle Adventure,"Discover the story behind Ultimate pinnacle Adventure.

Key Features:
  - Includes discussion questions for book clubs.
  - Award-winning author delivers another masterpiece.
  - Thought-provoking themes that resonate long after reading.
  - Perfect for book clubs and group discussions.
  - Comprehensive coverage of the subject matter.
  - Meticulously researched and expertly presented.

Perfect for bedtime reading, book clubs, or casual enjoyment, this book offers something for everyone.

Critically acclaimed and reader-approved.",Books,Children's Books,Simon & Schuster,12.27,,No rating available,,,0,0.0,3,2023-07-10,0.0,0.0,0.0,0.0,0.0,0.0,0.0,0.0,0.0,,,,,,
b9dc6a95-b011-4e0a-9dab-ebfcbb201b73,Wilson Waterproof Camping Gear,"Take your performance to the next level with the Wilson Waterproof Camping Gear.

Key Features:
  - Ergonomic design reduces fatigue during extended use.
  - Reflective elements enhance visibility in low light.
  - Durable construction withstands the toughest conditions.
  - Compression-molded for compact storage.

Additional Details:
  - Material: {material_quality} {material}
  - Dimensions: {dim_cm} cm
  - Capacity: {capacity_l}L

Trusted by athletes and adventurers worldwide.",Sports & Outdoors,Camping Gear,Wilson,31.47,4.0,Original from products,4.0,4.0,1,1.0,2,2025-09-22,15.0,7.0,2.0,0.0,0.0,0.0,0.0,0.0,18.12,46.67,28.57,0.0,0.0,0.0,0.0
de5e274a-bf12-4ae4-8840-14bf7c01e7bf,Cuisinart Lighting - Sand,"Elevate your everyday living with the Cuisinart Lighting - Sand.

Key Features:
  - Built to withstand daily use with durable construction.
  - Space-saving design fits perfectly in any room.
  - Elegant finish adds a touch of sophistication.
  - Easy to clean and maintain for everyday use.
  - Crafted from premium {material} for lasting quality.
  - Dishwasher safe for effortless cleaning.

Whether you are redecorating or just looking for that perfect finishing touch, this piece fits beautifully.

Additional Details:
  - Dimensions: perfectly sized for your space.
  - Easy to clean and maintain.
  - Available in a variety of finishes.

The perfect addition to any modern home.",Home & Kitchen,Lighting,Cuisinart,37.82,,No rating available,,,0,0.0,2,2024-01-12,10.0,11.0,3.0,0.0,0.0,0.0,0.0,0.0,13.62,110.0,27.27,0.0,0.0,0.0,0.0
11d41a47-4a1c-47fd-8f21-ef734dbc0a88,Cuisinart Comfort Bedding,"The Cuisinart Comfort Bedding brings both style and function to your space.

Key Features:
  - Crafted from premium {material} for lasting quality.
  - Built to withstand daily use with durable construction.
  - Temperature resistant up to {temp_c} degrees.
  - Dishwasher safe for effortless cleaning.
  - Elegant finish adds a touch of sophistication.

Whether you are redecorating or just looking for that perfect finishing touch, this piece fits beautifully.

Additional Details:
  - Premium materials for lasting quality.
  - Easy to clean and maintain.
  - Available in a variety of finishes.

Designed for real life, built to last.",Home & Kitchen,Bedding,Cuisinart,127.68,,No rating available,,,0,0.0,6,2025-12-16,10.0,1.0,0.0,0.0,0.0,0.0,0.0,0.0,22.19,10.0,0.0,0.0,,0.0,0.0
9bbf3ec0-bb7a-45a8-8500-1b2c03596f4d,Microsoft Accessorie Stand,"Engineered for excellence, the Microsoft Accessorie Stand sets a new standard.

Key Features:
  - Intuitive user interface with customizable settings.
  - Enhanced security features including biometric authentication.
  - Supports high-resolution audio for immersive sound.
  - Equipped with the latest processor for seamless multitasking.
  - Long-lasting battery designed for all-day productivity.

Designed with the modern user in mind, it combines powerful performance with an intuitive interface.

Backed by a comprehensive warranty and dedicated support.",Electronics,Accessories,Microsoft,55.41,,No rating available,,,0,0.0,1,2023-01-19,25.0,7.0,6.0,0.0,0.0,0.0,0.0,0.0,20.44,28.0,85.71,0.0,0.0,0.0,0.0
e9a8765c-6cb1-41f2-b5dc-e9b69e29c85d,Apple Accessorie Cable,"The Apple Accessorie Cable delivers exceptional performance for all your needs.

Key Features:
  - Advanced cooling system for sustained performance.
  - Supports high-resolution audio for immersive sound.
  - Features a high-resolution display with vivid color accuracy.
  - Long-lasting battery designed for all-day productivity.
  - Premium build quality with aerospace-grade materials.
  - Sleek, lightweight design for maximum portability.

Designed with the modern user in mind, it combines powerful performance with an intuitive interface.

Order today and experience the difference.",Electronics,Accessories,Apple,48.3,5.0,Original from products,5.0,5.0,1,1.0,1,2023-10-23,50.0,16.0,20.0,2.0,2.0,2.0,94.4,47.2,19.15,32.0,125.0,12.5,10.0,1.89,5.9
73c416bc-be09-4fbd-88b5-eb6448323467,Nike Pro Duffel Bag,"The Nike Pro Duffel Bag combines style with everyday comfort.

Key Features:
  - Tailored fit that flatters every body type.
  - Easy care fabric - machine washable.
  - Breathable material keeps you comfortable all day.
  - Classic design that never goes out of style.
  - Versatile design transitions seamlessly from day to night.

From casual outings to formal occasions, this piece transitions effortlessly across settings.

Experience the perfect blend of style and comfort.",Clothing & Accessories,Bags,Nike,21.29,2.0,Original from products,2.0,2.0,1,1.0,3,2024-01-06,7.0,4.0,1.0,0.0,0.0,0.0,0.0,0.0,14.38,57.14,25.0,0.0,0.0,0.0,0.0
166ef0e4-8a5d-438f-b5a8-462610ab43b8,LEGO Bloom Building Set,"The LEGO Bloom Building Set sparks creativity and imagination.

Key Features:
  - Durable design withstands active play.
  - Suitable for solo play or group activities.
  - Safe, non-toxic materials certified for children.
  - Develops fine motor skills and hand-eye coordination.
  - Easy to learn, with endless replay value.

Additional Details:
  - Players: {player_count}
  - Box dimensions: {dim_cm} cm

Where learning meets play.",Toys & Games,Educational Toys,LEGO,29.7,,No rating available,,,0,0.0,1,2025-01-13,5.0,0.0,1.0,0.0,0.0,0.0,0.0,0.0,20.47,0.0,,,0.0,0.0,
97eeed96-3182-4982-896e-a0b93ccf36e8,Apple Elite Mirrorless Camera,"Experience cutting-edge technology with the Apple Elite Mirrorless Camera.

Key Features:
  - Advanced connectivity options including WiFi 6 and Bluetooth 5.3.
  - Intuitive user interface with customizable settings.
  - Long-lasting battery designed for all-day productivity.
  - Equipped with the latest processor for seamless multitasking.

Designed with the modern user in mind, it combines powerful performance with an intuitive interface.

Order today and experience the difference.",Electronics,Cameras,Apple,231.64,,No rating available,,,0,0.0,82,2024-05-15,5.0,0.0,0.0,0.0,0.0,0.0,0.0,0.0,18.81,0.0,,,,0.0,
db769754-3e4f-476b-83c1-8230537fa6a5,Nike Casual Menswear,"Make a statement with the Nike Casual Menswear.

Key Features:
  - Versatile design transitions seamlessly from day to night.
  - Classic design that never goes out of style.
  - Premium {material} fabric for lasting comfort.
  - Easy care fabric - machine washable.
  - Four-way stretch fabric for unrestricted movement.
  - Eco-friendly materials sourced sustainably.

From casual outings to formal occasions, this piece transitions effortlessly across settings.

Additional Details:
  - Easy care: machine washable for convenience.
  - Designed for comfort with a tailored silhouette.
  - Available in multiple sizes for the perfect fit.

Experience the perfect blend of style and comfort.",Clothing & Accessories,Menswear,Nike,45.5,3.0,Original from products,3.0,3.0,1,1.0,1,2023-07-15,7.0,5.0,1.0,0.0,0.0,0.0,0.0,0.0,9.34,71.43,20.0,0.0,0.0,0.0,0.0
32411867-7e10-4557-8459-4fb295f47c68,Advanced Statistics,"Discover the story behind Advanced Statistics.

Key Features:
  - Features a foreword by a leading expert in the field.
  - Gripping narrative that keeps you turning pages.
  - Includes exclusive content and illustrations.
  - Comprehensive coverage of the subject matter.
  - Perfect for book clubs and group discussions.
  - Includes discussion questions for book clubs.

Whether you are a longtime fan or new to the genre, this book will captivate you from the first page.

Critically acclaimed and reader-approved.",Books,Educational,Simon & Schuster,25.2,,No rating available,,,0,0.0,1,2024-12-13,8.0,3.0,0.0,0.0,0.0,0.0,0.0,0.0,26.5,37.5,0.0,0.0,,0.0,0.0
51d0e076-b71f-4770-8790-2f4285e33420,Nike Silver Jewelry,"Elevate your wardrobe with the Nike Silver Jewelry.

Key Features:
  - Classic design that never goes out of style.
  - Tailored fit that flatters every body type.
  - Easy care fabric - machine washable.
  - Reinforced stitching for enhanced durability.
  - Eco-friendly materials sourced sustainably.

From casual outings to formal occasions, this piece transitions effortlessly across settings.

Available in multiple colors to suit your style.",Clothing & Accessories,Jewelry,Nike,12.15,,No rating available,,,0,0.0,1,2026-04-09,2.0,1.0,0.0,0.0,0.0,0.0,0.0,0.0,11.99,50.0,0.0,0.0,,0.0,0.0
0798c5d3-f933-4b17-ba42-2b539e9ee0aa,Apple Essential Noise-Canceling Headphones,"The Apple Essential Noise-Canceling Headphones delivers exceptional performance for all your needs.

Key Features:
  - Intuitive user interface with customizable settings.
  - Advanced cooling system for sustained performance.
  - Long-lasting battery designed for all-day productivity.
  - Sleek, lightweight design for maximum portability.
  - Features a high-resolution display with vivid color accuracy.
  - Premium build quality with aerospace-grade materials.

Designed with the modern user in mind, it combines powerful performance with an intuitive interface.

Additional Details:
  - Slim and portable form factor for easy travel.
  - Long battery life for all-day usage.
  - Connectivity: USB-C, HDMI, WiFi 6, Bluetooth.

Elevate your daily experience with this premium device.",Electronics,Headphones,Apple,344.63,5.0,Original from products,5.0,5.0,1,1.0,2,2023-06-16,0.0,0.0,1.0,0.0,0.0,0.0,0.0,0.0,5.85,,,,0.0,,
808b9c21-b002-40a7-a636-aabb7673b4a9,Odyssey #5: Building Real-World Solutions,"Discover the story behind Odyssey #5: Building Real-World Solutions.

Key Features:
  - Thought-provoking themes that resonate long after reading.
  - Beautifully written with vivid prose and memorable characters.
  - Features a foreword by a leading expert in the field.
  - Gripping narrative that keeps you turning pages.

Perfect for bedtime reading, book clubs, or casual enjoyment, this book offers something for everyone.

Order your copy today and start reading.",Books,Comics,Penguin Books,11.98,,No rating available,,,0,0.0,2,2023-11-11,0.0,0.0,0.0,0.0,0.0,0.0,0.0,0.0,16.9,,,,,,
e09e164e-ec69-4f05-bf83-29e3e9929853,Instant Pot Denim Furniture,"The Instant Pot Denim Furniture brings both style and function to your space.

Key Features:
  - Elegant finish adds a touch of sophistication.
  - Built to withstand daily use with durable construction.
  - Space-saving design fits perfectly in any room.
  - Dishwasher safe for effortless cleaning.
  - Temperature resistant up to {temp_c} degrees.

Designed to enhance your living space while providing practical everyday functionality.

Additional Details:
  - Available in a variety of finishes.
  - Dimensions: perfectly sized for your space.

Designed for real life, built to last.",Home & Kitchen,Furniture,Instant Pot,72.39,3.5,Original from products,3.5,3.5,2,2.0,15,2024-08-19,26.0,13.0,8.0,2.0,2.0,4.0,299.24,73.99,16.72,50.0,61.54,15.38,25.0,11.51,23.02
e5e214ce-88aa-4332-93bb-93297fee34c7,Timberland Ultralight Camping Gear,"The Timberland Ultralight Camping Gear is built for those who push their limits.

Key Features:
  - Weather-resistant materials keep you protected.
  - Reinforced stress points for long-lasting durability.
  - Ventilated design for breathability.
  - Durable construction withstands the toughest conditions.

Additional Details:
  - Dimensions: {dim_cm} cm
  - Material: {material_quality} {material}
  - Weight: {weight_g}g

Ready for wherever your journey takes you.",Sports & Outdoors,Camping Gear,Timberland,24.86,,No rating available,,,0,0.0,3,2025-06-25,7.0,3.0,2.0,0.0,0.0,0.0,0.0,0.0,14.01,42.86,66.67,0.0,0.0,0.0,0.0
ae4592f0-2346-42dc-bdab-51c0f871263f,Coca-Cola Pantry Staple Value Size,"Savor the rich flavors of the Coca-Cola Pantry Staple Value Size.

Key Features:
  - Freshness sealed for optimal taste.
  - Premium quality guaranteed by our master artisans.
  - Sourced from the finest origins around the world.
  - Hand-selected for superior quality.
  - No artificial preservatives or additives.
  - Rich, authentic flavor profile.

Perfect for sharing with loved ones.",Grocery & Gourmet,Pantry Staples,Coca-Cola,8.02,,No rating available,,,0,0.0,2,2023-06-20,13.0,3.0,3.0,0.0,0.0,0.0,0.0,0.0,15.01,23.08,100.0,0.0,0.0,0.0,0.0
f829c8e9-9729-48aa-baf8-122cb2eb1d21,Samsung Air Over-Ear Headphones,"Experience cutting-edge technology with the Samsung Air Over-Ear Headphones.

Key Features:
  - Advanced cooling system for sustained performance.
  - Advanced connectivity options including WiFi 6 and Bluetooth 5.3.
  - Enhanced security features including biometric authentication.
  - Features a high-resolution display with vivid color accuracy.

Designed with the modern user in mind, it combines powerful performance with an intuitive interface.

Additional Details:
  - Long battery life for all-day usage.
  - High-resolution display with vivid color reproduction.

Perfect for professionals and enthusiasts alike.",Electronics,Headphones,Samsung,176.98,5.0,Original from products,5.0,5.0,1,1.0,18,2023-10-16,36.0,13.0,14.0,1.0,1.0,2.0,338.88,169.44,18.2,36.11,107.69,7.69,7.14,9.41,26.07
667504df-5a65-4046-ba85-11c46edc7e23,Coca-Cola Snack Variety Pack,"The Coca-Cola Snack Variety Pack brings premium quality to your table.

Key Features:
  - Versatile ingredient for countless recipes.
  - Perfect for gifting or everyday indulgence.
  - Freshness sealed for optimal taste.
  - Ethically sourced and sustainably produced.
  - Premium quality guaranteed by our master artisans.
  - No artificial preservatives or additives.

Additional Details:
  - Country of origin: {origin_country}
  - Net weight: {weight_g}g

A taste worth savoring.",Grocery & Gourmet,Snacks,Coca-Cola,14.26,4.0,Original from products,4.0,4.0,1,1.0,1,2023-10-21,6.0,1.0,3.0,0.0,0.0,0.0,0.0,0.0,20.26,16.67,300.0,0.0,0.0,0.0,0.0
da66d147-24d1-4448-a372-f647cc88bbac,PepsiCo Snack Variety Pack,"Indulge in the exquisite taste of PepsiCo Snack Variety Pack.

Key Features:
  - Ethically sourced and sustainably produced.
  - Sourced from the finest origins around the world.
  - Versatile ingredient for countless recipes.
  - Rich, authentic flavor profile.

From our family to yours.",Grocery & Gourmet,Snacks,PepsiCo,3.62,4.0,Original from products,4.0,4.0,1,1.0,1,2025-02-07,7.0,3.0,1.0,0.0,0.0,0.0,0.0,0.0,18.04,42.86,33.33,0.0,0.0,0.0,0.0
436415ea-332f-4be9-923e-d6bd2e82d833,A Robust Cipher Remastered,"The A Robust Cipher Remastered sparks creativity and imagination.

Key Features:
  - Safe, non-toxic materials certified for children.
  - STEM-focused learning through play.
  - Includes everything needed for immediate play.
  - Durable design withstands active play.

Additional Details:
  - Batteries: {battery_req}
  - Box dimensions: {dim_cm} cm

Trusted by parents and loved by children.",Toys & Games,Video Games,LEGO,25.47,,No rating available,,,0,0.0,2,2023-04-13,7.0,0.0,1.0,0.0,0.0,0.0,0.0,0.0,34.83,0.0,,,0.0,0.0,
a992e8f5-0eb1-458a-be7d-c48b015e8eb3,Spalding Team Sport Set,"Take your performance to the next level with the Spalding Team Sport Set.

Key Features:
  - Quick-setup system saves time and hassle.
  - Lightweight design for effortless portability.
  - Ergonomic design reduces fatigue during extended use.
  - Weather-resistant materials keep you protected.
  - Adjustable features for customized fit.

Additional Details:
  - Weight: {weight_g}g
  - Capacity: {capacity_l}L

Ready for wherever your journey takes you.",Sports & Outdoors,Team Sports,Spalding,28.68,,No rating available,,,0,0.0,2,2025-04-02,10.0,3.0,1.0,0.0,0.0,0.0,0.0,0.0,15.06,30.0,33.33,0.0,0.0,0.0,0.0
0d71e3c4-15ba-42f3-a5d3-16957eec2c9c,Patagonia Premium Fitness Equipment,"Conquer any challenge with the Patagonia Premium Fitness Equipment.

Key Features:
  - Reinforced stress points for long-lasting durability.
  - Lightweight design for effortless portability.
  - Reflective elements enhance visibility in low light.
  - Adjustable features for customized fit.
  - Compression-molded for compact storage.
  - Weather-resistant materials keep you protected.

Ready for wherever your journey takes you.",Sports & Outdoors,Fitness Equipment,Patagonia,74.49,5.0,Original from products,5.0,5.0,1,1.0,1,2024-06-14,7.0,0.0,3.0,1.0,1.0,1.0,75.34,75.34,30.24,0.0,,,33.33,10.76,
26eadabe-15b0-4e41-9045-c64e24561fa0,Wilson Premium Fitness Equipment,"Conquer any challenge with the Wilson Premium Fitness Equipment.

Key Features:
  - Adjustable features for customized fit.
  - Quick-setup system saves time and hassle.
  - Reflective elements enhance visibility in low light.
  - Reinforced stress points for long-lasting durability.
  - Lightweight design for effortless portability.

Trusted by athletes and adventurers worldwide.",Sports & Outdoors,Fitness Equipment,Wilson,87.68,,No rating available,,,0,0.0,1,2024-02-14,15.0,7.0,4.0,1.0,1.0,2.0,178.02,89.01,20.47,46.67,57.14,14.29,25.0,11.87,25.43
acb66a10-72b5-4b52-b692-ceb7da8ce3f9,Coleman Team Sport Set,"Engineered for peak performance in any condition.

Key Features:
  - Weather-resistant materials keep you protected.
  - Ergonomic design reduces fatigue during extended use.
  - Reinforced stress points for long-lasting durability.
  - Reflective elements enhance visibility in low light.
  - Ventilated design for breathability.

Additional Details:
  - Capacity: {capacity_l}L
  - Dimensions: {dim_cm} cm
  - Material: {material_quality} {material}

Performance you can rely on.",Sports & Outdoors,Team Sports,Coleman,119.06,3.3,Original from products,3.3,3.3333333333333335,3,3.0,2,2025-12-11,189.0,80.0,49.0,5.0,5.0,6.0,711.58,117.604,17.92,42.33,61.25,6.25,10.2,3.76,8.89
37b6fd84-d92c-4166-b883-bc70ec3078af,Samsung Prime5 Ultra,"Upgrade your setup with the powerful Samsung Prime5 Ultra.

Key Features:
  - Premium build quality with aerospace-grade materials.
  - Long-lasting battery designed for all-day productivity.
  - Advanced cooling system for sustained performance.
  - Features a high-resolution display with vivid color accuracy.

Whether you are working from home, gaming, or streaming, this device is built to handle it all with ease.

Elevate your daily experience with this premium device.",Electronics,Smartphones,Samsung,103.14,,No rating available,,,0,0.0,1,2025-10-18,6.0,5.0,1.0,0.0,0.0,0.0,0.0,0.0,10.16,83.33,20.0,0.0,0.0,0.0,0.0
ecb6628b-2a3e-4205-ada1-0b8a4b6d6a66,Michelin Smart Electronic,"Engineered for peak automotive performance.

Key Features:
  - Easy application with no special tools required.
  - Exceeds OEM specifications for quality and performance.
  - Tested for quality and reliability.
  - Compatible with all major vehicle makes and models.

Professional quality at an affordable price.",Automotive,Electronics,Michelin,66.98,5.0,Original from products,5.0,5.0,1,1.0,1,2025-09-28,44.0,16.0,10.0,3.0,3.0,3.0,201.07999999999998,67.02666666666666,14.25,36.36,62.5,18.75,30.0,4.57,12.57
8cbd67b3-730d-47e0-8306-63f6a4dd379c,Vortex and the sleek vortex,"Vortex and the sleek vortex is a compelling read you won't want to put down.

Key Features:
  - Meticulously researched and expertly presented.
  - Gripping narrative that keeps you turning pages.
  - Features a foreword by a leading expert in the field.
  - Beautifully written with vivid prose and memorable characters.
  - Comprehensive coverage of the subject matter.

Perfect for bedtime reading, book clubs, or casual enjoyment, this book offers something for everyone.

Order your copy today and start reading.",Books,Children's Books,Penguin Books,27.65,,No rating available,,,0,0.0,3,2026-01-09,3.0,0.0,0.0,0.0,0.0,0.0,0.0,0.0,11.31,0.0,,,,0.0,
35dfd05c-b23d-4671-9196-2c2d979999ef,Neutrogena Matte Makeup,"Transform your daily routine with the Neutrogena Matte Makeup.

Key Features:
  - Clinically proven results with regular use.
  - Free from parabens, sulfates, and phthalates.
  - Hydrating formula restores natural moisture balance.
  - Antioxidant-rich formula protects against environmental damage.
  - Dermatologist-tested and suitable for all skin types.
  - Formulated with natural ingredients for gentle care.

Additional Details:
  - Skin type: {skin_type}
  - Shelf life: {shelf_life}m

Your skin deserves the best.",Beauty & Personal Care,Makeup,Neutrogena,8.91,3.3,Original from products,3.3,3.3333333333333335,3,3.0,8,2023-10-19,118.0,49.0,22.0,3.0,3.0,3.0,26.43,8.81,16.96,41.53,44.9,6.12,13.64,0.22,0.54
1f6ae9d8-56b8-4eda-91e5-ff53f5b97c52,Dyson Premium Cotton Bedding,"The Dyson Premium Cotton Bedding brings both style and function to your space.

Key Features:
  - Space-saving design fits perfectly in any room.
  - Versatile design complements any decor style.
  - Easy to clean and maintain for everyday use.
  - Built to withstand daily use with durable construction.

Whether you are redecorating or just looking for that perfect finishing touch, this piece fits beautifully.

Additional Details:
  - Premium materials for lasting quality.
  - Easy to clean and maintain.
  - Available in a variety of finishes.

Designed for real life, built to last.",Home & Kitchen,Bedding,Dyson,67.0,,No rating available,,,0,0.0,1,2025-12-02,40.0,6.0,3.0,0.0,0.0,0.0,0.0,0.0,20.85,15.0,50.0,0.0,0.0,0.0,0.0
f1024bdb-2986-478b-9a58-64b4581f657d,Apple Galaxy8 Ultra,"Engineered for excellence, the Apple Galaxy8 Ultra sets a new standard.

Key Features:
  - Sleek, lightweight design for maximum portability.
  - Premium build quality with aerospace-grade materials.
  - Advanced cooling system for sustained performance.
  - Enhanced security features including biometric authentication.
  - Long-lasting battery designed for all-day productivity.
  - Features a high-resolution display with vivid color accuracy.

Designed with the modern user in mind, it combines powerful performance with an intuitive interface.

Additional Details:
  - Long battery life for all-day usage.
  - Connectivity: USB-C, HDMI, WiFi 6, Bluetooth.
  - High-resolution display with vivid color reproduction.

Perfect for professionals and enthusiasts alike.",Electronics,Smartphones,Apple,293.42,,No rating available,,,0,0.0,25,2023-08-08,23.0,9.0,5.0,0.0,0.0,0.0,0.0,0.0,10.29,39.13,55.56,0.0,0.0,0.0,0.0
a1625971-e605-48a1-8587-1fd0e4508855,The Entrepreneurship: The Complete Reference,"The Entrepreneurship: The Complete Reference is a compelling read you won't want to put down.

Key Features:
  - Gripping narrative that keeps you turning pages.
  - Award-winning author delivers another masterpiece.
  - Comprehensive coverage of the subject matter.
  - Meticulously researched and expertly presented.
  - Includes exclusive content and illustrations.

Whether you are a longtime fan or new to the genre, this book will captivate you from the first page.

Additional Details:
  - A substantial read that delivers incredible value.
  - Expertly crafted with attention to every detail.
  - Available in multiple formats for your reading preference.

A must-read for fans of the genre.",Books,Non-Fiction,Penguin Books,12.3,,No rating available,,,0,0.0,9,2024-02-17,0.0,2.0,0.0,0.0,0.0,0.0,0.0,0.0,5.32,,0.0,0.0,,,0.0
282324cf-0b38-443e-a3b5-1f6784dca4e9,An Compact Element: Building Real-World Solutions,"An Compact Element: Building Real-World Solutions offers a fresh perspective on an important topic.

Key Features:
  - Comprehensive coverage of the subject matter.
  - Beautifully written with vivid prose and memorable characters.
  - Award-winning author delivers another masterpiece.
  - Meticulously researched and expertly presented.
  - Features a foreword by a leading expert in the field.

Whether you are a longtime fan or new to the genre, this book will captivate you from the first page.

Additional Details:
  - Critically acclaimed with outstanding reader reviews.
  - Expertly crafted with attention to every detail.
  - A substantial read that delivers incredible value.

Already a bestseller in multiple countries.",Books,Comics,Penguin Books,7.64,,No rating available,,,0,0.0,8,2024-11-23,2.0,0.0,0.0,0.0,0.0,0.0,0.0,0.0,18.87,0.0,,,,0.0,
6a0a57f4-080a-43ec-9a43-e8503602e4d7,KitchenAid Decorative Home Decor,"Elevate your everyday living with the KitchenAid Decorative Home Decor.

Key Features:
  - Built to withstand daily use with durable construction.
  - Crafted from premium {material} for lasting quality.
  - Versatile design complements any decor style.
  - Space-saving design fits perfectly in any room.
  - Elegant finish adds a touch of sophistication.

Designed to enhance your living space while providing practical everyday functionality.

Additional Details:
  - Easy to clean and maintain.
  - Available in a variety of finishes.
  - Premium materials for lasting quality.

The perfect addition to any modern home.",Home & Kitchen,Home Decor,KitchenAid,83.06,,No rating available,,,0,0.0,1,2025-07-17,64.0,26.0,16.0,1.0,1.0,1.0,84.92,84.92,17.88,40.62,61.54,3.85,6.25,1.33,3.27
0a6aa3ef-069b-4bfa-9ced-5905bfc3b7be,DKNY Ruby Jewelry,"Make a statement with the DKNY Ruby Jewelry.

Key Features:
  - Reinforced stitching for enhanced durability.
  - Classic design that never goes out of style.
  - Breathable material keeps you comfortable all day.
  - Versatile design transitions seamlessly from day to night.
  - Four-way stretch fabric for unrestricted movement.

From casual outings to formal occasions, this piece transitions effortlessly across settings.

Additional Details:
  - Premium fabric construction for lasting wear.
  - Designed for comfort with a tailored silhouette.

A must-have addition to any wardrobe.",Clothing & Accessories,Jewelry,DKNY,17.04,,No rating available,,,0,0.0,51,2024-12-21,16.0,3.0,1.0,1.0,1.0,1.0,16.93,16.93,17.69,18.75,33.33,33.33,100.0,1.06,5.64
9db92aff-423b-41c3-bf52-b13bb11a39c3,Adidas Casual Womenswear,"Make a statement with the Adidas Casual Womenswear.

Key Features:
  - Versatile design transitions seamlessly from day to night.
  - Moisture-wicking technology keeps you dry.
  - Breathable material keeps you comfortable all day.
  - Easy care fabric - machine washable.

Crafted with attention to detail, it offers the perfect balance of style and practicality.

Additional Details:
  - Premium fabric construction for lasting wear.
  - Designed for comfort with a tailored silhouette.

Experience the perfect blend of style and comfort.",Clothing & Accessories,Womenswear,Adidas,31.45,,No rating available,,,0,0.0,1,2024-11-28,6.0,3.0,2.0,0.0,0.0,0.0,0.0,0.0,15.93,50.0,66.67,0.0,0.0,0.0,0.0
f648f11a-091a-497b-8973-50a00f0dda74,The essential Guide to Deep Learning,"Discover the story behind The essential Guide to Deep Learning.

Key Features:
  - Comprehensive coverage of the subject matter.
  - Thought-provoking themes that resonate long after reading.
  - Beautifully written with vivid prose and memorable characters.
  - Features a foreword by a leading expert in the field.
  - Gripping narrative that keeps you turning pages.

Whether you are a longtime fan or new to the genre, this book will captivate you from the first page.

A must-read for fans of the genre.",Books,Non-Fiction,Penguin Books,13.72,,No rating available,,,0,0.0,1,2024-04-14,0.0,0.0,0.0,0.0,0.0,0.0,0.0,0.0,0.0,,,,,,
894a28b3-1f78-4f3d-ad46-319be7de12a5,KitchenAid Decorative Home Decor,"The KitchenAid Decorative Home Decor brings both style and function to your space.

Key Features:
  - Crafted from premium {material} for lasting quality.
  - Dishwasher safe for effortless cleaning.
  - Stackable design for efficient storage.
  - Elegant finish adds a touch of sophistication.
  - Versatile design complements any decor style.
  - Temperature resistant up to {temp_c} degrees.

Designed to enhance your living space while providing practical everyday functionality.

Additional Details:
  - Dimensions: perfectly sized for your space.
  - Available in a variety of finishes.
  - Premium materials for lasting quality.

Make every day extraordinary.",Home & Kitchen,Home Decor,KitchenAid,71.65,,No rating available,,,0,0.0,1,2025-01-09,19.0,5.0,4.0,0.0,0.0,0.0,0.0,0.0,14.95,26.32,80.0,0.0,0.0,0.0,0.0
5e7640a2-6ae2-404a-b17e-2d4e60bbff41,OTC Tools Galaxy4 Tools & Equipment,"Engineered for peak automotive performance.

Key Features:
  - Non-abrasive and safe for all surfaces.
  - UV-resistant formula prevents fading and cracking.
  - Tested for quality and reliability.
  - Exceeds OEM specifications for quality and performance.
  - Professional-grade formula for superior results.

Trusted by mechanics and enthusiasts worldwide.",Automotive,Tools & Equipment,OTC Tools,22.57,4.0,Original from products,4.0,4.0,2,2.0,7,2024-08-15,43.0,13.0,7.0,2.0,2.0,3.0,68.11,22.92,18.45,30.23,53.85,15.38,28.57,1.58,5.24
11063776-8a90-4196-8b29-cf5c159bf468,Apple Accessorie Cable,"Engineered for excellence, the Apple Accessorie Cable sets a new standard.

Key Features:
  - Enhanced security features including biometric authentication.
  - Intuitive user interface with customizable settings.
  - Features a high-resolution display with vivid color accuracy.
  - Advanced connectivity options including WiFi 6 and Bluetooth 5.3.

Designed with the modern user in mind, it combines powerful performance with an intuitive interface.

Elevate your daily experience with this premium device.",Electronics,Accessories,Apple,92.89,4.7,Original from products,4.7,4.666666666666667,3,3.0,1,2024-08-18,18.0,7.0,8.0,3.0,3.0,3.0,285.11,95.03666666666668,18.12,38.89,114.29,42.86,37.5,15.84,40.73
b6425249-99fc-4638-a4df-4da80f0ce9d0,H&M Casual Menswear,"The H&M Casual Menswear combines style with everyday comfort.

Key Features:
  - Classic design that never goes out of style.
  - Breathable material keeps you comfortable all day.
  - Reinforced stitching for enhanced durability.
  - Four-way stretch fabric for unrestricted movement.

Crafted with attention to detail, it offers the perfect balance of style and practicality.

A must-have addition to any wardrobe.",Clothing & Accessories,Menswear,H&M,37.14,,No rating available,,,0,0.0,1,2024-12-31,19.0,16.0,1.0,1.0,1.0,2.0,73.12,36.56,19.61,84.21,6.25,6.25,100.0,3.85,4.57
5a9a6b4a-6b4f-4edc-b09f-2b92105bee2a,Nike Sterling Silver Jewelry,"Designed for those who refuse to compromise on style.

Key Features:
  - Classic design that never goes out of style.
  - Four-way stretch fabric for unrestricted movement.
  - Reinforced stitching for enhanced durability.
  - Breathable material keeps you comfortable all day.

Crafted with attention to detail, it offers the perfect balance of style and practicality.

Additional Details:
  - Available in multiple sizes for the perfect fit.
  - Easy care: machine washable for convenience.
  - Premium fabric construction for lasting wear.

A must-have addition to any wardrobe.",Clothing & Accessories,Jewelry,Nike,64.02,,No rating available,,,0,0.0,1,2025-01-18,6.0,2.0,0.0,0.0,0.0,0.0,0.0,0.0,28.23,33.33,0.0,0.0,,0.0,0.0
341db25d-1cfb-4b01-8303-070a169d0c56,Legends - Volume 10,"Dive into the captivating world of Legends - Volume 10.

Key Features:
  - Meticulously researched and expertly presented.
  - Beautifully written with vivid prose and memorable characters.
  - Award-winning author delivers another masterpiece.
  - Perfect for book clubs and group discussions.

Whether you are a longtime fan or new to the genre, this book will captivate you from the first page.

Additional Details:
  - Critically acclaimed with outstanding reader reviews.
  - Available in multiple formats for your reading preference.

Order your copy today and start reading.",Books,Comics,Penguin Books,43.94,4.3,Original from products,4.3,4.294117647058823,17,17.0,17,2024-02-16,807.0,353.0,200.0,27.0,27.0,39.0,1708.83,43.75185185185185,17.55,43.74,56.66,7.65,13.5,2.12,4.84
4ea65774-8dab-49cc-80a4-61223719d4d6,The superior Machine Learning Handbook,"Discover the story behind The superior Machine Learning Handbook.

Key Features:
  - Comprehensive coverage of the subject matter.
  - Includes discussion questions for book clubs.
  - Includes exclusive content and illustrations.
  - Award-winning author delivers another masterpiece.
  - Features a foreword by a leading expert in the field.
  - Thought-provoking themes that resonate long after reading.

Perfect for bedtime reading, book clubs, or casual enjoyment, this book offers something for everyone.

Additional Details:
  - Critically acclaimed with outstanding reader reviews.
  - A substantial read that delivers incredible value.

Order your copy today and start reading.",Books,Educational,Random House,6.59,,No rating available,,,0,0.0,1,2023-06-19,0.0,1.0,1.0,0.0,0.0,0.0,0.0,0.0,5.27,,100.0,0.0,0.0,,0.0
17af093c-b088-4923-b52b-2cb3abe03ac6,Wilson Camping Gear Kit,"Conquer any challenge with the Wilson Camping Gear Kit.

Key Features:
  - Durable construction withstands the toughest conditions.
  - Quick-setup system saves time and hassle.
  - Weather-resistant materials keep you protected.
  - Compression-molded for compact storage.

Additional Details:
  - Material: {material_quality} {material}
  - Dimensions: {dim_cm} cm

Built to last, backed by our warranty.",Sports & Outdoors,Camping Gear,Wilson,66.46,,No rating available,,,0,0.0,6,2024-01-09,9.0,3.0,1.0,0.0,0.0,0.0,0.0,0.0,26.34,33.33,33.33,0.0,0.0,0.0,0.0
4f87db9a-cec9-4e1d-b23b-871d5424db63,Goodyear Edge5 Tools & Equipment,"Keep your vehicle running at its best with Goodyear Edge5 Tools & Equipment.

Key Features:
  - Easy application with no special tools required.
  - Exceeds OEM specifications for quality and performance.
  - Professional-grade formula for superior results.
  - Long-lasting protection against the elements.
  - UV-resistant formula prevents fading and cracking.
  - Weather-resistant for year-round protection.

Your vehicle deserves the best care.",Automotive,Tools & Equipment,Goodyear,16.36,3.8,Original from products,3.8,3.75,4,4.0,1,2024-05-24,98.0,46.0,25.0,7.0,7.0,8.0,128.26,16.075714285714287,16.47,46.94,54.35,15.22,28.0,1.31,2.79
8b875a73-88df-44ff-966d-5649d7a14d31,Nike Womenswear in Olive,"Make a statement with the Nike Womenswear in Olive.

Key Features:
  - Classic design that never goes out of style.
  - Reinforced stitching for enhanced durability.
  - Easy care fabric - machine washable.
  - Versatile design transitions seamlessly from day to night.
  - Four-way stretch fabric for unrestricted movement.
  - Premium {material} fabric for lasting comfort.

Crafted with attention to detail, it offers the perfect balance of style and practicality.

A must-have addition to any wardrobe.",Clothing & Accessories,Womenswear,Nike,64.5,4.2,Original from products,4.2,4.25,16,16.0,2,2023-07-20,680.0,247.0,157.0,27.0,27.0,34.0,2170.9,63.98518518518518,19.05,36.32,63.56,10.93,17.2,3.19,8.79
319626f2-4728-4a27-be50-c20681a43c6c,Yeti Series6 Cycling,"Take your performance to the next level with the Yeti Series6 Cycling.

Key Features:
  - Ventilated design for breathability.
  - Reflective elements enhance visibility in low light.
  - Quick-setup system saves time and hassle.
  - Adjustable features for customized fit.
  - Weather-resistant materials keep you protected.

Trusted by athletes and adventurers worldwide.",Sports & Outdoors,Cycling,Yeti,31.32,,No rating available,,,0,0.0,1,2023-08-10,8.0,3.0,3.0,0.0,0.0,0.0,0.0,0.0,17.54,37.5,100.0,0.0,0.0,0.0,0.0
f74aad66-b598-429e-9839-b3e0ee95d2ee,Dell Book13 Bluetooth Earbuds,"Engineered for excellence, the Dell Book13 Bluetooth Earbuds sets a new standard.

Key Features:
  - Enhanced security features including biometric authentication.
  - Long-lasting battery designed for all-day productivity.
  - Advanced cooling system for sustained performance.
  - Advanced connectivity options including WiFi 6 and Bluetooth 5.3.

Designed with the modern user in mind, it combines powerful performance with an intuitive interface.

Additional Details:
  - Long battery life for all-day usage.
  - High-resolution display with vivid color reproduction.

Elevate your daily experience with this premium device.",Electronics,Headphones,Dell,93.54,5.0,Original from products,5.0,5.0,1,1.0,2,2026-03-31,16.0,4.0,0.0,0.0,0.0,0.0,0.0,0.0,18.51,25.0,0.0,0.0,,0.0,0.0
97c6254a-3718-47fb-8614-f6a100f8d311,H&M Prime7 Messenger Bag,"Make a statement with the H&M Prime7 Messenger Bag.

Key Features:
  - Premium {material} fabric for lasting comfort.
  - Breathable material keeps you comfortable all day.
  - Eco-friendly materials sourced sustainably.
  - Tailored fit that flatters every body type.
  - Classic design that never goes out of style.
  - Reinforced stitching for enhanced durability.

Crafted with attention to detail, it offers the perfect balance of style and practicality.

Additional Details:
  - Premium fabric construction for lasting wear.
  - Designed for comfort with a tailored silhouette.
  - Easy care: machine washable for convenience.

Experience the perfect blend of style and comfort.",Clothing & Accessories,Bags,H&M,24.58,,No rating available,,,0,0.0,1,2023-12-16,42.0,18.0,3.0,0.0,0.0,0.0,0.0,0.0,16.58,42.86,16.67,0.0,0.0,0.0,0.0
74073ef0-27ce-4323-a134-ae96c9cd6dca,KitchenAid Ultra-Soft Bedding,"Elevate your everyday living with the KitchenAid Ultra-Soft Bedding.

Key Features:
  - Easy to clean and maintain for everyday use.
  - Built to withstand daily use with durable construction.
  - Stackable design for efficient storage.
  - Temperature resistant up to {temp_c} degrees.
  - Space-saving design fits perfectly in any room.
  - Elegant finish adds a touch of sophistication.

Whether you are redecorating or just looking for that perfect finishing touch, this piece fits beautifully.

Additional Details:
  - Premium materials for lasting quality.
  - Easy to clean and maintain.

The perfect addition to any modern home.",Home & Kitchen,Bedding,KitchenAid,42.83,,No rating available,,,0,0.0,5,2025-07-10,62.0,16.0,11.0,0.0,0.0,0.0,0.0,0.0,17.94,25.81,68.75,0.0,0.0,0.0,0.0
042edb3f-1326-4845-acbe-e679cc7785e2,LG X6 Bluetooth Earbuds,"The LG X6 Bluetooth Earbuds delivers exceptional performance for all your needs.

Key Features:
  - Supports high-resolution audio for immersive sound.
  - Advanced connectivity options including WiFi 6 and Bluetooth 5.3.
  - Equipped with the latest processor for seamless multitasking.
  - Sleek, lightweight design for maximum portability.
  - Advanced cooling system for sustained performance.
  - Intuitive user interface with customizable settings.

Designed with the modern user in mind, it combines powerful performance with an intuitive interface.

Order today and experience the difference.",Electronics,Headphones,LG,188.08,5.0,Original from products,5.0,5.0,1,1.0,3,2023-06-09,5.0,3.0,2.0,1.0,1.0,1.0,188.21,188.21,14.77,60.0,66.67,33.33,50.0,37.64,62.74
61113e39-9a12-48a9-840b-dd7368dca11c,MSR Performance Cycling,"Take your performance to the next level with the MSR Performance Cycling.

Key Features:
  - Ventilated design for breathability.
  - Ergonomic design reduces fatigue during extended use.
  - Reflective elements enhance visibility in low light.
  - Weather-resistant materials keep you protected.
  - Adjustable features for customized fit.

Additional Details:
  - Dimensions: {dim_cm} cm
  - Weight: {weight_g}g
  - Material: {material_quality} {material}

Trusted by athletes and adventurers worldwide.",Sports & Outdoors,Cycling,MSR,73.52,3.0,Original from products,3.0,3.0,1,1.0,9,2026-04-27,22.0,13.0,4.0,1.0,1.0,1.0,74.75,74.75,15.98,59.09,30.77,7.69,25.0,3.4,5.75
dc05fcb5-a3a3-40d5-88c0-5c9314b1252d,Wilson Edge3 Team Sport,"Take your performance to the next level with the Wilson Edge3 Team Sport.

Key Features:
  - Ergonomic design reduces fatigue during extended use.
  - Lightweight design for effortless portability.
  - Ventilated design for breathability.
  - Weather-resistant materials keep you protected.

Trusted by athletes and adventurers worldwide.",Sports & Outdoors,Team Sports,Wilson,54.81,5.0,Original from products,5.0,5.0,1,1.0,13,2023-09-22,12.0,4.0,2.0,0.0,0.0,0.0,0.0,0.0,15.06,33.33,50.0,0.0,0.0,0.0,0.0
16a3dd27-b631-4a6c-b0a9-a481d1fd5b8d,L'Oreal Bath & Body Wash,"Nourish and pamper yourself with the L'Oreal Bath & Body Wash.

Key Features:
  - Suitable for sensitive skin.
  - Cruelty-free and never tested on animals.
  - Hydrating formula restores natural moisture balance.
  - Free from parabens, sulfates, and phthalates.
  - Formulated with natural ingredients for gentle care.

Your skin deserves the best.",Beauty & Personal Care,Bath & Body,L'Oreal,10.59,4.0,Original from products,4.0,4.0,1,1.0,1,2024-05-06,1.0,1.0,0.0,0.0,0.0,0.0,0.0,0.0,13.49,100.0,0.0,0.0,,0.0,0.0
6a3c603e-d935-4280-8d4c-8a4b725fa8af,A robust drift,"A robust drift offers a fresh perspective on an important topic.

Key Features:
  - Beautifully written with vivid prose and memorable characters.
  - Gripping narrative that keeps you turning pages.
  - Perfect for book clubs and group discussions.
  - Comprehensive coverage of the subject matter.
  - Award-winning author delivers another masterpiece.

Perfect for bedtime reading, book clubs, or casual enjoyment, this book offers something for everyone.

Additional Details:
  - Available in multiple formats for your reading preference.
  - A substantial read that delivers incredible value.

A must-read for fans of the genre.",Books,Fiction,Macmillan,20.14,,No rating available,,,0,0.0,1,2025-09-02,2.0,3.0,1.0,0.0,0.0,0.0,0.0,0.0,15.16,150.0,33.33,0.0,0.0,0.0,0.0
1fbae5cb-547a-46a7-95bf-51000277f6fd,Wilson All-Weather Outdoor Recreation,"The Wilson All-Weather Outdoor Recreation is built for those who push their limits.

Key Features:
  - Ergonomic design reduces fatigue during extended use.
  - Lightweight design for effortless portability.
  - Reflective elements enhance visibility in low light.
  - Adjustable features for customized fit.

Additional Details:
  - Material: {material_quality} {material}
  - Weight: {weight_g}g
  - Dimensions: {dim_cm} cm

Performance you can rely on.",Sports & Outdoors,Outdoor Recreation,Wilson,53.28,5.0,Original from products,5.0,5.0,1,1.0,2,2023-09-09,10.0,4.0,1.0,0.0,0.0,0.0,0.0,0.0,23.4,40.0,25.0,0.0,0.0,0.0,0.0
53a21506-3f1d-4aff-895f-2208f4ae3684,Le Creuset Core Appliance,"Elevate your everyday living with the Le Creuset Core Appliance.

Key Features:
  - Ergonomic design for comfortable use.
  - Stackable design for efficient storage.
  - Built to withstand daily use with durable construction.
  - Dishwasher safe for effortless cleaning.

Designed to enhance your living space while providing practical everyday functionality.

Additional Details:
  - Available in a variety of finishes.
  - Dimensions: perfectly sized for your space.

The perfect addition to any modern home.",Home & Kitchen,Appliances,Le Creuset,95.75,,No rating available,,,0,0.0,1,2024-11-16,6.0,3.0,0.0,0.0,0.0,0.0,0.0,0.0,14.22,50.0,0.0,0.0,,0.0,0.0
c5e8201b-a5f7-4e18-8e08-f3ae3df053ba,"Dell Studio 32"" Display Tablet","Engineered for excellence, the Dell Studio 32"" Display Tablet sets a new standard.

Key Features:
  - Long-lasting battery designed for all-day productivity.
  - Intuitive user interface with customizable settings.
  - Equipped with the latest processor for seamless multitasking.
  - Enhanced security features including biometric authentication.

Whether you are working from home, gaming, or streaming, this device is built to handle it all with ease.

Additional Details:
  - Slim and portable form factor for easy travel.
  - High-resolution display with vivid color reproduction.
  - Connectivity: USB-C, HDMI, WiFi 6, Bluetooth.

Backed by a comprehensive warranty and dedicated support.",Electronics,Tablets,Dell,91.4,,No rating available,,,0,0.0,1,2025-09-06,11.0,3.0,2.0,0.0,0.0,0.0,0.0,0.0,16.76,27.27,66.67,0.0,0.0,0.0,0.0
4ec2441e-33a8-46fa-97c2-095290d67d51,Apple Pro Noise-Canceling Headphones,"Experience cutting-edge technology with the Apple Pro Noise-Canceling Headphones.

Key Features:
  - Features a high-resolution display with vivid color accuracy.
  - Sleek, lightweight design for maximum portability.
  - Advanced cooling system for sustained performance.
  - Intuitive user interface with customizable settings.

Whether you are working from home, gaming, or streaming, this device is built to handle it all with ease.

Elevate your daily experience with this premium device.",Electronics,Headphones,Apple,48.86,2.0,Original from products,2.0,2.0,1,1.0,1,2023-01-30,24.0,9.0,4.0,0.0,0.0,0.0,0.0,0.0,13.36,37.5,44.44,0.0,0.0,0.0,0.0
8fb4064c-19c9-4176-818a-862d382ebe6c,Spalding Premium Outdoor Recreation,"Take your performance to the next level with the Spalding Premium Outdoor Recreation.

Key Features:
  - Durable construction withstands the toughest conditions.
  - Weather-resistant materials keep you protected.
  - Ergonomic design reduces fatigue during extended use.
  - Quick-setup system saves time and hassle.

Built to last, backed by our warranty.",Sports & Outdoors,Outdoor Recreation,Spalding,53.89,5.0,Original from products,5.0,5.0,1,1.0,2,2023-02-01,8.0,4.0,3.0,2.0,2.0,2.0,105.92,52.96,16.09,50.0,75.0,50.0,66.67,13.24,26.48
7456c135-43ce-490d-a888-655e928519ac,3M Adjustable Office Furniture,"Designed for efficiency, the 3M Adjustable Office Furniture delivers.

Key Features:
  - Compatible with standard office supplies and accessories.
  - Eco-friendly materials and packaging.
  - Space-saving profile fits any desk setup.
  - Ergonomic design reduces strain during extended use.
  - Streamlines your workflow for maximum efficiency.

Backed by our quality guarantee.",Office Products,Office Furniture,3M,43.52,4.3,Original from products,4.3,4.333333333333333,3,3.0,1,2025-09-10,98.0,50.0,20.0,7.0,7.0,9.0,395.43,44.10285714285714,15.73,51.02,40.0,14.0,35.0,4.04,7.91
61db59c3-d456-445a-9c08-e152843b97c9,Apple Pro7 Fitness Tracker,"Upgrade your setup with the powerful Apple Pro7 Fitness Tracker.

Key Features:
  - Features a high-resolution display with vivid color accuracy.
  - Intuitive user interface with customizable settings.
  - Advanced connectivity options including WiFi 6 and Bluetooth 5.3.
  - Long-lasting battery designed for all-day productivity.

Designed with the modern user in mind, it combines powerful performance with an intuitive interface.

Perfect for professionals and enthusiasts alike.",Electronics,Wearables,Apple,167.89,5.0,Original from products,5.0,5.0,1,1.0,1,2023-11-24,17.0,10.0,1.0,1.0,1.0,1.0,168.9,168.9,18.01,58.82,10.0,10.0,100.0,9.94,16.89
c45b62ae-3dd2-45d5-ab43-f6e74a2e3cd2,The Classic Aurora,"The Classic Aurora offers a fresh perspective on an important topic.

Key Features:
  - Includes discussion questions for book clubs.
  - Gripping narrative that keeps you turning pages.
  - Features a foreword by a leading expert in the field.
  - Comprehensive coverage of the subject matter.

Whether you are a longtime fan or new to the genre, this book will captivate you from the first page.

Additional Details:
  - A substantial read that delivers incredible value.
  - Expertly crafted with attention to every detail.
  - Available in multiple formats for your reading preference.

A must-read for fans of the genre.",Books,Fiction,Cambridge Press,12.67,4.0,Original from products,4.0,4.0,1,1.0,3,2026-02-08,2.0,4.0,1.0,1.0,1.0,1.0,13.12,13.12,5.83,200.0,25.0,25.0,100.0,6.56,3.28
0086bdef-729f-4a6a-b636-09655dd15052,L'Oreal Makeup Palette,"The L'Oreal Makeup Palette is your new essential for radiant skin.

Key Features:
  - Clinically proven results with regular use.
  - Formulated with natural ingredients for gentle care.
  - Dermatologist-tested and suitable for all skin types.
  - Antioxidant-rich formula protects against environmental damage.

Your skin deserves the best.",Beauty & Personal Care,Makeup,L'Oreal,13.63,,No rating available,,,0,0.0,1,2026-03-02,4.0,2.0,0.0,0.0,0.0,0.0,0.0,0.0,22.27,50.0,0.0,0.0,,0.0,0.0
7b8c373c-f7b7-42bf-9247-e6b6a1db27cd,LEGO 3D Haven Puzzle,"Bring joy to playtime with the LEGO 3D Haven Puzzle.

Key Features:
  - Easy to learn, with endless replay value.
  - Expandable with additional sets and accessories.
  - Suitable for solo play or group activities.
  - Encourages creative thinking and problem-solving skills.

Winner of multiple toy awards.",Toys & Games,Puzzles,LEGO,71.77,,No rating available,,,0,0.0,2,2026-01-02,9.0,4.0,0.0,0.0,0.0,0.0,0.0,0.0,18.93,44.44,0.0,0.0,,0.0,0.0
5421da2a-4a0c-437d-934d-d2384fae9de4,The Meditation: The Definitive Guide,"Discover the story behind The Meditation: The Definitive Guide.

Key Features:
  - Features a foreword by a leading expert in the field.
  - Gripping narrative that keeps you turning pages.
  - Thought-provoking themes that resonate long after reading.
  - Meticulously researched and expertly presented.

Perfect for bedtime reading, book clubs, or casual enjoyment, this book offers something for everyone.

A must-read for fans of the genre.",Books,Non-Fiction,Oxford University Press,8.37,,No rating available,,,0,0.0,1,2026-05-27,1.0,1.0,0.0,0.0,0.0,0.0,0.0,0.0,12.7,100.0,0.0,0.0,,0.0,0.0
13107544-4733-4724-a29e-e291cba60ae1,Wilson Waterproof Camping Gear,"Conquer any challenge with the Wilson Waterproof Camping Gear.

Key Features:
  - Adjustable features for customized fit.
  - Compression-molded for compact storage.
  - Durable construction withstands the toughest conditions.
  - Reinforced stress points for long-lasting durability.
  - Lightweight design for effortless portability.
  - Quick-setup system saves time and hassle.

Additional Details:
  - Weight: {weight_g}g
  - Capacity: {capacity_l}L
  - Dimensions: {dim_cm} cm

Ready for wherever your journey takes you.",Sports & Outdoors,Camping Gear,Wilson,35.59,4.0,Original from products,4.0,4.0,1,1.0,2,2025-10-23,12.0,3.0,1.0,0.0,0.0,0.0,0.0,0.0,22.76,25.0,33.33,0.0,0.0,0.0,0.0
775a6dea-7ab2-4918-87c1-6d53d8724d27,Columbia Portable Outdoor Recreation,"Engineered for peak performance in any condition.

Key Features:
  - Reflective elements enhance visibility in low light.
  - Quick-setup system saves time and hassle.
  - Ergonomic design reduces fatigue during extended use.
  - Durable construction withstands the toughest conditions.

Trusted by athletes and adventurers worldwide.",Sports & Outdoors,Outdoor Recreation,Columbia,77.43,5.0,Original from products,5.0,5.0,1,1.0,7,2024-04-23,49.0,17.0,11.0,2.0,2.0,2.0,157.07,78.535,19.28,34.69,64.71,11.76,18.18,3.21,9.24
5d4ad04e-36bd-4988-a98d-d34720e44811,"LEGO Jack 27"" Figure","The LEGO Jack 27"" Figure sparks creativity and imagination.

Key Features:
  - Expandable with additional sets and accessories.
  - Safe, non-toxic materials certified for children.
  - Easy to learn, with endless replay value.
  - STEM-focused learning through play.
  - Includes everything needed for immediate play.
  - Suitable for solo play or group activities.

Additional Details:
  - Recommended age: {age_range}+
  - Box dimensions: {dim_cm} cm
  - Batteries: {battery_req}

Trusted by parents and loved by children.",Toys & Games,Action Figures,LEGO,8.21,,No rating available,,,0,0.0,3,2026-05-22,21.0,10.0,2.0,0.0,0.0,0.0,0.0,0.0,20.83,47.62,20.0,0.0,0.0,0.0,0.0
3c509182-25c4-440d-99c0-083a15ff2100,Samsung Book4 Fitness Tracker,"The Samsung Book4 Fitness Tracker delivers exceptional performance for all your needs.

Key Features:
  - Long-lasting battery designed for all-day productivity.
  - Intuitive user interface with customizable settings.
  - Sleek, lightweight design for maximum portability.
  - Enhanced security features including biometric authentication.
  - Equipped with the latest processor for seamless multitasking.

Whether you are working from home, gaming, or streaming, this device is built to handle it all with ease.

Additional Details:
  - Connectivity: USB-C, HDMI, WiFi 6, Bluetooth.
  - Slim and portable form factor for easy travel.

Order today and experience the difference.",Electronics,Wearables,Samsung,366.08,,No rating available,,,0,0.0,2,2024-03-07,2.0,0.0,1.0,0.0,0.0,0.0,0.0,0.0,25.24,0.0,,,0.0,0.0,
7ff13916-d872-426f-8e5d-c8d92cc04dc6,Nestle Spicy Snack,"Savor the rich flavors of the Nestle Spicy Snack.

Key Features:
  - Rich, authentic flavor profile.
  - Freshness sealed for optimal taste.
  - Premium quality guaranteed by our master artisans.
  - No artificial preservatives or additives.
  - Ethically sourced and sustainably produced.

Additional Details:
  - Storage: {storage_type}
  - Shelf life: {shelf_life}m

Quality you can taste.",Grocery & Gourmet,Snacks,Nestle,10.93,,No rating available,,,0,0.0,1,2025-01-01,5.0,2.0,2.0,0.0,0.0,0.0,0.0,0.0,18.84,40.0,100.0,0.0,0.0,0.0,0.0
12f74c19-872a-4b08-94e3-8c56c05afaa6,Sony Air Sport Watch,"Engineered for excellence, the Sony Air Sport Watch sets a new standard.

Key Features:
  - Advanced cooling system for sustained performance.
  - Premium build quality with aerospace-grade materials.
  - Intuitive user interface with customizable settings.
  - Advanced connectivity options including WiFi 6 and Bluetooth 5.3.

Whether you are working from home, gaming, or streaming, this device is built to handle it all with ease.

Elevate your daily experience with this premium device.",Electronics,Wearables,Sony,281.49,5.0,Original from products,5.0,5.0,1,1.0,1,2023-01-08,2.0,4.0,2.0,1.0,1.0,1.0,281.19,281.19,10.53,200.0,50.0,25.0,50.0,140.6,70.3
f9dc29bf-cc78-48d2-82bb-9a57861a022b,Nerf Midnight Science Experiment,"The Nerf Midnight Science Experiment offers hours of engaging entertainment.

Key Features:
  - Safe, non-toxic materials certified for children.
  - Suitable for solo play or group activities.
  - Durable design withstands active play.
  - Award-winning design loved by kids and parents.
  - Develops fine motor skills and hand-eye coordination.
  - Includes everything needed for immediate play.

Additional Details:
  - Batteries: {battery_req}
  - Players: {player_count}
  - Recommended age: {age_range}+

Where learning meets play.",Toys & Games,Educational Toys,Nerf,34.94,4.5,Original from products,4.5,4.5,4,4.0,3,2026-04-15,87.0,36.0,17.0,5.0,5.0,8.0,274.33,34.406,18.83,41.38,47.22,13.89,29.41,3.15,7.62
6bbdbe06-9adc-4825-9e6f-ae10de735ddc,ASUS Max14 Wireless Headphones,"Experience cutting-edge technology with the ASUS Max14 Wireless Headphones.

Key Features:
  - Advanced connectivity options including WiFi 6 and Bluetooth 5.3.
  - Supports high-resolution audio for immersive sound.
  - Premium build quality with aerospace-grade materials.
  - Enhanced security features including biometric authentication.
  - Features a high-resolution display with vivid color accuracy.
  - Advanced cooling system for sustained performance.

Designed with the modern user in mind, it combines powerful performance with an intuitive interface.

Perfect for professionals and enthusiasts alike.",Electronics,Headphones,ASUS,134.0,,No rating available,,,0,0.0,8,2025-01-08,7.0,3.0,2.0,0.0,0.0,0.0,0.0,0.0,17.31,42.86,66.67,0.0,0.0,0.0,0.0
7fbbb644-604b-48d2-a2d3-9b8d6c16f889,Patagonia Accessorie Set,"Make a statement with the Patagonia Accessorie Set.

Key Features:
  - Moisture-wicking technology keeps you dry.
  - Reinforced stitching for enhanced durability.
  - Premium {material} fabric for lasting comfort.
  - Versatile design transitions seamlessly from day to night.

From casual outings to formal occasions, this piece transitions effortlessly across settings.

A must-have addition to any wardrobe.",Clothing & Accessories,Accessories,Patagonia,18.49,3.7,Original from products,3.7,3.7142857142857144,7,7.0,2,2026-03-29,162.0,73.0,47.0,10.0,10.0,13.0,236.05,18.222,16.45,45.06,64.38,13.7,21.28,1.46,3.23
54556d74-5215-47d1-ad7a-1f0bbfdcbe17,Sony Elite Tab,"Experience cutting-edge technology with the Sony Elite Tab.

Key Features:
  - Advanced connectivity options including WiFi 6 and Bluetooth 5.3.
  - Intuitive user interface with customizable settings.
  - Equipped with the latest processor for seamless multitasking.
  - Features a high-resolution display with vivid color accuracy.
  - Advanced cooling system for sustained performance.

Designed with the modern user in mind, it combines powerful performance with an intuitive interface.

Perfect for professionals and enthusiasts alike.",Electronics,Tablets,Sony,135.99,,No rating available,,,0,0.0,2,2024-03-15,8.0,3.0,2.0,1.0,1.0,1.0,133.97,133.97,20.53,37.5,66.67,33.33,50.0,16.75,44.66
3b27636c-a2bd-4c64-b03c-ac8bf64ce0bc,Pyrex Smart Appliance,"Transform your home with the Pyrex Smart Appliance.

Key Features:
  - Space-saving design fits perfectly in any room.
  - Temperature resistant up to {temp_c} degrees.
  - Crafted from premium {material} for lasting quality.
  - Versatile design complements any decor style.
  - Ergonomic design for comfortable use.
  - Dishwasher safe for effortless cleaning.

Designed to enhance your living space while providing practical everyday functionality.

Additional Details:
  - Premium materials for lasting quality.
  - Available in a variety of finishes.
  - Dimensions: perfectly sized for your space.

The perfect addition to any modern home.",Home & Kitchen,Appliances,Pyrex,23.87,4.3,Original from products,4.3,4.2727272727272725,11,11.0,1,2024-01-26,597.0,219.0,134.0,19.0,19.0,21.0,502.94,24.004210526315788,19.18,36.68,61.19,8.68,14.18,0.84,2.3
385c6996-215f-4841-bd60-c953b3a098c0,Adidas Womenswear in White,"Elevate your wardrobe with the Adidas Womenswear in White.

Key Features:
  - Tailored fit that flatters every body type.
  - Breathable material keeps you comfortable all day.
  - Moisture-wicking technology keeps you dry.
  - Eco-friendly materials sourced sustainably.
  - Versatile design transitions seamlessly from day to night.
  - Classic design that never goes out of style.

From casual outings to formal occasions, this piece transitions effortlessly across settings.

Additional Details:
  - Premium fabric construction for lasting wear.
  - Available in multiple sizes for the perfect fit.
  - Easy care: machine washable for convenience.

Join thousands of satisfied customers worldwide.",Clothing & Accessories,Womenswear,Adidas,46.85,4.0,Original from products,4.0,4.0,1,1.0,19,2024-10-13,9.0,4.0,4.0,1.0,1.0,3.0,146.01,48.67,19.14,44.44,100.0,25.0,25.0,16.22,36.5
ee639333-59d9-4181-a33c-ee89896e11c0,JBL Pro Over-Ear Headphones,"Engineered for excellence, the JBL Pro Over-Ear Headphones sets a new standard.

Key Features:
  - Intuitive user interface with customizable settings.
  - Supports high-resolution audio for immersive sound.
  - Equipped with the latest processor for seamless multitasking.
  - Advanced cooling system for sustained performance.
  - Advanced connectivity options including WiFi 6 and Bluetooth 5.3.
  - Sleek, lightweight design for maximum portability.

Designed with the modern user in mind, it combines powerful performance with an intuitive interface.

Backed by a comprehensive warranty and dedicated support.",Electronics,Headphones,JBL,263.85,,No rating available,,,0,0.0,22,2025-12-12,5.0,2.0,1.0,0.0,0.0,0.0,0.0,0.0,15.15,40.0,50.0,0.0,0.0,0.0,0.0
e0eedfb6-a73e-4576-a467-254f95fa2e5e,Le Creuset Classic Appliance,"Designed to make your home more beautiful and functional.

Key Features:
  - Elegant finish adds a touch of sophistication.
  - Stackable design for efficient storage.
  - Dishwasher safe for effortless cleaning.
  - Versatile design complements any decor style.

Whether you are redecorating or just looking for that perfect finishing touch, this piece fits beautifully.

Designed for real life, built to last.",Home & Kitchen,Appliances,Le Creuset,117.52,1.0,Original from products,1.0,1.0,1,1.0,6,2024-11-15,153.0,50.0,25.0,1.0,1.0,1.0,121.9,121.9,20.28,32.68,50.0,2.0,4.0,0.8,2.44
eef95d69-d4c8-4c38-9fb3-1aa038595835,"Shark 17"" Kitchenware Set","Elevate your everyday living with the Shark 17"" Kitchenware Set.

Key Features:
  - Built to withstand daily use with durable construction.
  - Elegant finish adds a touch of sophistication.
  - Versatile design complements any decor style.
  - Temperature resistant up to {temp_c} degrees.
  - Crafted from premium {material} for lasting quality.

Whether you are redecorating or just looking for that perfect finishing touch, this piece fits beautifully.

The perfect addition to any modern home.",Home & Kitchen,Kitchenware,Shark,57.3,,No rating available,,,0,0.0,7,2025-09-15,16.0,5.0,7.0,2.0,2.0,3.0,166.85999999999999,55.599999999999994,13.3,31.25,140.0,40.0,28.57,10.43,33.37
51b40fa6-a6b3-41c0-970c-3bf697e8701e,L'Oreal Bath & Body Scrub,"Transform your daily routine with the L'Oreal Bath & Body Scrub.

Key Features:
  - Cruelty-free and never tested on animals.
  - Delicate fragrance that lingers throughout the day.
  - Suitable for sensitive skin.
  - Formulated with natural ingredients for gentle care.
  - Dermatologist-tested and suitable for all skin types.

Additional Details:
  - Shelf life: {shelf_life}m
  - Volume: {volume_ml}ml
  - Ingredients: {ingredient_highlight}

Your skin deserves the best.",Beauty & Personal Care,Bath & Body,L'Oreal,36.58,,No rating available,,,0,0.0,1,2023-09-25,12.0,3.0,1.0,0.0,0.0,0.0,0.0,0.0,24.96,25.0,33.33,0.0,0.0,0.0,0.0
14c07dc2-75f0-4216-acdb-55564f6e212d,Kraft Premium Beverage,"The Kraft Premium Beverage brings premium quality to your table.

Key Features:
  - Perfect for gifting or everyday indulgence.
  - Sourced from the finest origins around the world.
  - Ethically sourced and sustainably produced.
  - Premium quality guaranteed by our master artisans.
  - Expertly crafted using traditional methods.

Additional Details:
  - Shelf life: {shelf_life}m
  - Storage: {storage_type}

Perfect for sharing with loved ones.",Grocery & Gourmet,Beverages,Kraft,6.9,4.5,Original from products,4.5,4.5,2,2.0,1,2025-08-25,3.0,3.0,2.0,1.0,1.0,4.0,26.32,6.58,13.03,100.0,66.67,33.33,50.0,8.77,8.77
e8748b29-4c82-432c-a088-3f0b612eb7d2,Yeti Portable Outdoor Recreation,"Engineered for peak performance in any condition.

Key Features:
  - Durable construction withstands the toughest conditions.
  - Adjustable features for customized fit.
  - Reinforced stress points for long-lasting durability.
  - Weather-resistant materials keep you protected.

Performance you can rely on.",Sports & Outdoors,Outdoor Recreation,Yeti,41.28,,No rating available,,,0,0.0,1,2025-07-02,36.0,9.0,3.0,0.0,0.0,0.0,0.0,0.0,17.0,25.0,33.33,0.0,0.0,0.0,0.0
311ea60f-b387-4466-b952-fcb212198afd,Apple Pixel1 Pro 5G,"The Apple Pixel1 Pro 5G delivers exceptional performance for all your needs.

Key Features:
  - Advanced connectivity options including WiFi 6 and Bluetooth 5.3.
  - Supports high-resolution audio for immersive sound.
  - Intuitive user interface with customizable settings.
  - Premium build quality with aerospace-grade materials.

Designed with the modern user in mind, it combines powerful performance with an intuitive interface.

Additional Details:
  - Slim and portable form factor for easy travel.
  - Connectivity: USB-C, HDMI, WiFi 6, Bluetooth.

Elevate your daily experience with this premium device.",Electronics,Smartphones,Apple,208.97,,No rating available,,,0,0.0,5,2026-01-22,8.0,3.0,1.0,0.0,0.0,0.0,0.0,0.0,20.91,37.5,33.33,0.0,0.0,0.0,0.0
f3708cda-e846-4023-a471-dcfcd1624ea7,Nike Premium Menswear,"Make a statement with the Nike Premium Menswear.

Key Features:
  - Four-way stretch fabric for unrestricted movement.
  - Eco-friendly materials sourced sustainably.
  - Breathable material keeps you comfortable all day.
  - Classic design that never goes out of style.

Crafted with attention to detail, it offers the perfect balance of style and practicality.

Experience the perfect blend of style and comfort.",Clothing & Accessories,Menswear,Nike,27.76,4.5,Original from products,4.5,4.5,2,2.0,2,2023-03-13,18.0,7.0,3.0,1.0,1.0,1.0,28.38,28.38,18.37,38.89,42.86,14.29,33.33,1.58,4.05
4c2ef82d-deef-4f72-9b54-faea1e499664,M&M's Artisan Gourmet Food,"Indulge in the exquisite taste of M&M's Artisan Gourmet Food.

Key Features:
  - Perfect for gifting or everyday indulgence.
  - Freshness sealed for optimal taste.
  - Ethically sourced and sustainably produced.
  - Sourced from the finest origins around the world.
  - Versatile ingredient for countless recipes.
  - No artificial preservatives or additives.

Quality you can taste.",Grocery & Gourmet,Gourmet Foods,M&M's,9.15,,No rating available,,,0,0.0,1,2024-04-24,22.0,10.0,6.0,0.0,0.0,0.0,0.0,0.0,16.28,45.45,60.0,0.0,0.0,0.0,0.0
bce2022f-a084-45e0-a936-f6f3e0a2c0f9,Apple X5 Pro Tablet,"Experience cutting-edge technology with the Apple X5 Pro Tablet.

Key Features:
  - Equipped with the latest processor for seamless multitasking.
  - Advanced cooling system for sustained performance.
  - Long-lasting battery designed for all-day productivity.
  - Advanced connectivity options including WiFi 6 and Bluetooth 5.3.
  - Features a high-resolution display with vivid color accuracy.

Designed with the modern user in mind, it combines powerful performance with an intuitive interface.

Backed by a comprehensive warranty and dedicated support.",Electronics,Tablets,Apple,71.36,5.0,Original from products,5.0,5.0,1,1.0,5,2023-04-21,16.0,7.0,0.0,0.0,0.0,0.0,0.0,0.0,21.93,43.75,0.0,0.0,,0.0,0.0
e66ba9f4-49af-43df-ad6b-5974079e3a31,KitchenAid LED Lighting,"Elevate your everyday living with the KitchenAid LED Lighting.

Key Features:
  - Built to withstand daily use with durable construction.
  - Easy to clean and maintain for everyday use.
  - Stackable design for efficient storage.
  - Ergonomic design for comfortable use.
  - Space-saving design fits perfectly in any room.

Whether you are redecorating or just looking for that perfect finishing touch, this piece fits beautifully.

The perfect addition to any modern home.",Home & Kitchen,Lighting,KitchenAid,25.37,,No rating available,,,0,0.0,2,2024-05-13,10.0,4.0,4.0,0.0,0.0,0.0,0.0,0.0,17.72,40.0,100.0,0.0,0.0,0.0,0.0
82f9fd9d-6a36-4638-b5b7-20792e75f4a7,Bosch Fluid Mercedes MB 229.5,"The Bosch Fluid Mercedes MB 229.5 delivers professional-grade results.

Key Features:
  - Weather-resistant for year-round protection.
  - Exceeds OEM specifications for quality and performance.
  - Long-lasting protection against the elements.
  - Professional-grade formula for superior results.
  - Easy application with no special tools required.

Trusted by mechanics and enthusiasts worldwide.",Automotive,Fluids,Bosch,54.61,,No rating available,,,0,0.0,2,2025-08-04,21.0,4.0,5.0,0.0,0.0,0.0,0.0,0.0,21.69,19.05,125.0,0.0,0.0,0.0,0.0
1f0f53f2-b061-414a-9a6d-7d4038f216bc,Bosch Car Care Cleaner,"Engineered for peak automotive performance.

Key Features:
  - Easy application with no special tools required.
  - Quick-drying formula saves time.
  - UV-resistant formula prevents fading and cracking.
  - Long-lasting protection against the elements.
  - Non-abrasive and safe for all surfaces.

Additional Details:
  - Volume: {volume_ml}ml
  - Application: {app_method}

Performance you can count on.",Automotive,Car Care,Bosch,65.11,4.0,Original from products,4.0,4.0,1,1.0,2,2025-03-09,21.0,10.0,7.0,1.0,1.0,1.0,61.86,61.86,14.0,47.62,70.0,10.0,14.29,2.95,6.19
ac5ba701-9bf1-4091-895b-f4be675b088d,Cuisinart Non-Stick Kitchenware,"Designed to make your home more beautiful and functional.

Key Features:
  - Crafted from premium {material} for lasting quality.
  - Easy to clean and maintain for everyday use.
  - Stackable design for efficient storage.
  - Temperature resistant up to {temp_c} degrees.

Designed to enhance your living space while providing practical everyday functionality.

Backed by our satisfaction guarantee.",Home & Kitchen,Kitchenware,Cuisinart,23.71,5.0,Original from products,5.0,5.0,2,2.0,4,2025-07-27,6.0,4.0,2.0,0.0,0.0,0.0,0.0,0.0,21.68,66.67,50.0,0.0,0.0,0.0,0.0
00e04a62-b9a6-4bd4-ad1e-fc5ec979e5b5,Bowflex Adjustable Fitness Equipment,"Take your performance to the next level with the Bowflex Adjustable Fitness Equipment.

Key Features:
  - Reinforced stress points for long-lasting durability.
  - Ergonomic design reduces fatigue during extended use.
  - Durable construction withstands the toughest conditions.
  - Ventilated design for breathability.

Trusted by athletes and adventurers worldwide.",Sports & Outdoors,Fitness Equipment,Bowflex,82.24,,No rating available,,,0,0.0,1,2025-07-09,9.0,4.0,2.0,0.0,0.0,0.0,0.0,0.0,16.09,44.44,50.0,0.0,0.0,0.0,0.0
b6fdd176-e7cc-4d06-aaef-cf87a05aa90c,De'Longhi Modern Home Decor,"The De'Longhi Modern Home Decor brings both style and function to your space.

Key Features:
  - Space-saving design fits perfectly in any room.
  - Elegant finish adds a touch of sophistication.
  - Stackable design for efficient storage.
  - Temperature resistant up to {temp_c} degrees.
  - Easy to clean and maintain for everyday use.
  - Ergonomic design for comfortable use.

Whether you are redecorating or just looking for that perfect finishing touch, this piece fits beautifully.

Additional Details:
  - Available in a variety of finishes.
  - Dimensions: perfectly sized for your space.

Make every day extraordinary.",Home & Kitchen,Home Decor,De'Longhi,31.83,3.2,Original from products,3.2,3.25,4,4.0,1,2026-05-22,158.0,70.0,30.0,4.0,4.0,4.0,125.05000000000001,31.262500000000003,17.97,44.3,42.86,5.71,13.33,0.79,1.79
6e4953ee-17bc-4f99-8c81-3d5f7815777c,Neutrogena Makeup Palette,"Reveal your natural beauty with the Neutrogena Makeup Palette.

Key Features:
  - Free from parabens, sulfates, and phthalates.
  - Delicate fragrance that lingers throughout the day.
  - Hydrating formula restores natural moisture balance.
  - Suitable for sensitive skin.
  - Dermatologist-tested and suitable for all skin types.
  - Antioxidant-rich formula protects against environmental damage.

Additional Details:
  - Ingredients: {ingredient_highlight}
  - Shelf life: {shelf_life}m
  - Skin type: {skin_type}

Loved by beauty experts and enthusiasts alike.",Beauty & Personal Care,Makeup,Neutrogena,22.2,,No rating available,,,0,0.0,1,2026-01-02,6.0,4.0,0.0,0.0,0.0,0.0,0.0,0.0,13.71,66.67,0.0,0.0,,0.0,0.0
7191829e-2976-4b42-b52d-d4499b0b2d6b,LG Wireless Accessorie,"Engineered for excellence, the LG Wireless Accessorie sets a new standard.

Key Features:
  - Enhanced security features including biometric authentication.
  - Long-lasting battery designed for all-day productivity.
  - Premium build quality with aerospace-grade materials.
  - Supports high-resolution audio for immersive sound.
  - Advanced cooling system for sustained performance.
  - Intuitive user interface with customizable settings.

Designed with the modern user in mind, it combines powerful performance with an intuitive interface.

Backed by a comprehensive warranty and dedicated support.",Electronics,Accessories,LG,404.44,4.0,Original from products,4.0,4.0,1,1.0,1,2025-01-01,2.0,1.0,0.0,0.0,0.0,0.0,0.0,0.0,20.69,50.0,0.0,0.0,,0.0,0.0
63c93142-2069-46c2-aca5-931a6dcf9cd3,Apple Series8 Smartphone,"Experience cutting-edge technology with the Apple Series8 Smartphone.

Key Features:
  - Features a high-resolution display with vivid color accuracy.
  - Long-lasting battery designed for all-day productivity.
  - Equipped with the latest processor for seamless multitasking.
  - Advanced cooling system for sustained performance.

Whether you are working from home, gaming, or streaming, this device is built to handle it all with ease.

Additional Details:
  - Slim and portable form factor for easy travel.
  - Long battery life for all-day usage.
  - High-resolution display with vivid color reproduction.

Elevate your daily experience with this premium device.",Electronics,Smartphones,Apple,263.98,4.5,Original from products,4.5,4.5,2,2.0,6,2025-12-28,16.0,4.0,6.0,2.0,2.0,2.0,532.74,266.37,16.28,25.0,150.0,50.0,33.33,33.3,133.18
83193959-a250-4c8f-a4ac-62280593a762,Timberland Adjustable Fitness Equipment,"The Timberland Adjustable Fitness Equipment is built for those who push their limits.

Key Features:
  - Adjustable features for customized fit.
  - Lightweight design for effortless portability.
  - Quick-setup system saves time and hassle.
  - Compression-molded for compact storage.
  - Ventilated design for breathability.

Built to last, backed by our warranty.",Sports & Outdoors,Fitness Equipment,Timberland,88.66,5.0,Original from products,5.0,5.0,1,1.0,1,2023-03-01,92.0,25.0,15.0,1.0,1.0,1.0,90.65,90.65,18.91,27.17,60.0,4.0,6.67,0.99,3.63
d2442dc1-0962-4c45-9fd4-dc21eb729c85,Nike Essential Womenswear,"The Nike Essential Womenswear combines style with everyday comfort.

Key Features:
  - Moisture-wicking technology keeps you dry.
  - Classic design that never goes out of style.
  - Breathable material keeps you comfortable all day.
  - Four-way stretch fabric for unrestricted movement.
  - Premium {material} fabric for lasting comfort.
  - Eco-friendly materials sourced sustainably.

Crafted with attention to detail, it offers the perfect balance of style and practicality.

Additional Details:
  - Premium fabric construction for lasting wear.
  - Easy care: machine washable for convenience.
  - Available in multiple sizes for the perfect fit.

A must-have addition to any wardrobe.",Clothing & Accessories,Womenswear,Nike,110.02,,No rating available,,,0,0.0,1,2025-06-18,6.0,2.0,1.0,0.0,0.0,0.0,0.0,0.0,24.73,33.33,50.0,0.0,0.0,0.0,0.0
e9019929-566e-4350-9366-5173f5896890,Wilson Premium Fitness Equipment,"The Wilson Premium Fitness Equipment is built for those who push their limits.

Key Features:
  - Compression-molded for compact storage.
  - Adjustable features for customized fit.
  - Ergonomic design reduces fatigue during extended use.
  - Durable construction withstands the toughest conditions.
  - Weather-resistant materials keep you protected.
  - Reflective elements enhance visibility in low light.

Ready for wherever your journey takes you.",Sports & Outdoors,Fitness Equipment,Wilson,36.05,3.3,Original from products,3.3,3.2857142857142856,7,7.0,1,2024-10-12,188.0,79.0,46.0,9.0,9.0,10.0,357.68,35.87111111111111,18.53,42.02,58.23,11.39,19.57,1.9,4.53
b62faea3-2d17-49ad-8e32-23d83191ea10,All-Clad Non-Stick Kitchenware,"The All-Clad Non-Stick Kitchenware brings both style and function to your space.

Key Features:
  - Built to withstand daily use with durable construction.
  - Temperature resistant up to {temp_c} degrees.
  - Versatile design complements any decor style.
  - Easy to clean and maintain for everyday use.

Whether you are redecorating or just looking for that perfect finishing touch, this piece fits beautifully.

Additional Details:
  - Easy to clean and maintain.
  - Premium materials for lasting quality.

The perfect addition to any modern home.",Home & Kitchen,Kitchenware,All-Clad,23.71,4.0,Original from products,4.0,4.0,1,1.0,58,2026-04-08,21.0,13.0,6.0,1.0,1.0,1.0,23.87,23.87,17.21,61.9,46.15,7.69,16.67,1.14,1.84
553fc15c-17f5-4500-bad5-6a0269cb5736,"Hershey Organic Organic Food - 15.6""","Savor the rich flavors of the Hershey Organic Organic Food - 15.6"".

Key Features:
  - Hand-selected for superior quality.
  - Premium quality guaranteed by our master artisans.
  - Perfect for gifting or everyday indulgence.
  - Versatile ingredient for countless recipes.
  - Sourced from the finest origins around the world.

Perfect for sharing with loved ones.",Grocery & Gourmet,Organic Foods,Hershey,5.58,5.0,Original from products,5.0,5.0,2,2.0,8,2024-09-20,15.0,4.0,5.0,2.0,2.0,2.0,11.510000000000002,5.755000000000001,12.88,26.67,125.0,50.0,40.0,0.77,2.88
c0e91f99-9cb4-4ee4-8ccc-06c6bb4f73a5,"LEGO Leo 15.6"" Figure","Unleash endless fun with the LEGO Leo 15.6"" Figure.

Key Features:
  - Expandable with additional sets and accessories.
  - Easy to learn, with endless replay value.
  - Safe, non-toxic materials certified for children.
  - Durable design withstands active play.
  - Encourages creative thinking and problem-solving skills.
  - Develops fine motor skills and hand-eye coordination.

Where learning meets play.",Toys & Games,Action Figures,LEGO,21.46,4.5,Original from products,4.5,4.5,6,6.0,1,2023-08-11,183.0,76.0,42.0,8.0,8.0,10.0,215.34,21.45,17.8,41.53,55.26,10.53,19.05,1.18,2.83
8ebe35c7-f797-452c-8871-ffd6c856e8e3,Advanced NLP,"Discover the story behind Advanced NLP.

Key Features:
  - Gripping narrative that keeps you turning pages.
  - Includes exclusive content and illustrations.
  - Thought-provoking themes that resonate long after reading.
  - Features a foreword by a leading expert in the field.
  - Award-winning author delivers another masterpiece.
  - Includes discussion questions for book clubs.

Perfect for bedtime reading, book clubs, or casual enjoyment, this book offers something for everyone.

A must-read for fans of the genre.",Books,Educational,Random House,4.31,,No rating available,,,0,0.0,1,2025-06-21,0.0,0.0,0.0,0.0,0.0,0.0,0.0,0.0,0.0,,,,,,
bf7c5518-5208-4f78-9552-7dd43c26e179,Maybelline Bath & Body Butter,"Nourish and pamper yourself with the Maybelline Bath & Body Butter.

Key Features:
  - Dermatologist-tested and suitable for all skin types.
  - Hydrating formula restores natural moisture balance.
  - Free from parabens, sulfates, and phthalates.
  - Delicate fragrance that lingers throughout the day.
  - Antioxidant-rich formula protects against environmental damage.
  - Cruelty-free and never tested on animals.

Part of our commitment to clean beauty.",Beauty & Personal Care,Bath & Body,Maybelline,19.63,,No rating available,,,0,0.0,1,2026-03-31,33.0,7.0,11.0,1.0,1.0,1.0,18.82,18.82,19.43,21.21,157.14,14.29,9.09,0.57,2.69
0a3729d7-44ad-4fef-869a-837915853a0f,Nike Z4 Running Shoes,"Designed for those who refuse to compromise on style.

Key Features:
  - Moisture-wicking technology keeps you dry.
  - Versatile design transitions seamlessly from day to night.
  - Breathable material keeps you comfortable all day.
  - Easy care fabric - machine washable.

From casual outings to formal occasions, this piece transitions effortlessly across settings.

Experience the perfect blend of style and comfort.",Clothing & Accessories,Footwear,Nike,25.24,,No rating available,,,0,0.0,1,2023-01-21,8.0,0.0,0.0,0.0,0.0,0.0,0.0,0.0,24.21,0.0,,,,0.0,
efb00d57-64ec-4537-b59a-5f790c1cf595,Learn Optimization with Sam,"Discover the story behind Learn Optimization with Sam.

Key Features:
  - Award-winning author delivers another masterpiece.
  - Thought-provoking themes that resonate long after reading.
  - Perfect for book clubs and group discussions.
  - Gripping narrative that keeps you turning pages.
  - Beautifully written with vivid prose and memorable characters.
  - Includes exclusive content and illustrations.

Perfect for bedtime reading, book clubs, or casual enjoyment, this book offers something for everyone.

Additional Details:
  - Expertly crafted with attention to every detail.
  - Critically acclaimed with outstanding reader reviews.
  - Available in multiple formats for your reading preference.

A must-read for fans of the genre.",Books,Children's Books,Penguin Books,20.72,5.0,Original from products,5.0,5.0,1,1.0,1,2023-03-22,4.0,1.0,1.0,0.0,0.0,0.0,0.0,0.0,19.09,25.0,100.0,0.0,0.0,0.0,0.0
cf0bc276-6567-4b32-8a25-194d697bf5ad,Nike Womenswear in Navy,"Elevate your wardrobe with the Nike Womenswear in Navy.

Key Features:
  - Moisture-wicking technology keeps you dry.
  - Tailored fit that flatters every body type.
  - Easy care fabric - machine washable.
  - Premium {material} fabric for lasting comfort.
  - Four-way stretch fabric for unrestricted movement.
  - Reinforced stitching for enhanced durability.

Crafted with attention to detail, it offers the perfect balance of style and practicality.

Additional Details:
  - Premium fabric construction for lasting wear.
  - Available in multiple sizes for the perfect fit.

Available in multiple colors to suit your style.",Clothing & Accessories,Womenswear,Nike,43.24,,No rating available,,,0,0.0,4,2025-04-04,4.0,2.0,1.0,0.0,0.0,0.0,0.0,0.0,15.42,50.0,50.0,0.0,0.0,0.0,0.0
c65ce806-95c0-4e36-a27d-70e4e9596219,Mattel Aura Family Game,"The Mattel Aura Family Game offers hours of engaging entertainment.

Key Features:
  - Includes everything needed for immediate play.
  - Safe, non-toxic materials certified for children.
  - Expandable with additional sets and accessories.
  - Easy to learn, with endless replay value.
  - Award-winning design loved by kids and parents.

Winner of multiple toy awards.",Toys & Games,Board Games,Mattel,17.43,,No rating available,,,0,0.0,1,2024-11-23,9.0,3.0,1.0,0.0,0.0,0.0,0.0,0.0,23.33,33.33,33.33,0.0,0.0,0.0,0.0
bfc92c6a-bbfa-4c34-9965-ca1a344c386c,LEGO Prime Ella Figure,"Unleash endless fun with the LEGO Prime Ella Figure.

Key Features:
  - Easy to learn, with endless replay value.
  - Encourages creative thinking and problem-solving skills.
  - Suitable for solo play or group activities.
  - Durable design withstands active play.
  - Expandable with additional sets and accessories.
  - Includes everything needed for immediate play.

Additional Details:
  - Recommended age: {age_range}+
  - Box dimensions: {dim_cm} cm

Where learning meets play.",Toys & Games,Action Figures,LEGO,35.62,5.0,Original from products,5.0,5.0,1,1.0,23,2024-11-15,8.0,1.0,2.0,1.0,1.0,1.0,37.04,37.04,29.02,12.5,200.0,100.0,50.0,4.63,37.04
373a7d85-4a66-472d-a04f-ea13322d7b22,Kraft Artisan Gourmet Food,"Indulge in the exquisite taste of Kraft Artisan Gourmet Food.

Key Features:
  - No artificial preservatives or additives.
  - Rich, authentic flavor profile.
  - Hand-selected for superior quality.
  - Sourced from the finest origins around the world.

From our family to yours.",Grocery & Gourmet,Gourmet Foods,Kraft,11.49,,No rating available,,,0,0.0,1,2023-04-23,6.0,0.0,1.0,0.0,0.0,0.0,0.0,0.0,12.08,0.0,,,0.0,0.0,
189bcba6-066f-4bdc-8e8f-272e178d0552,"Nestle Pantry Staple - 32""","Indulge in the exquisite taste of Nestle Pantry Staple - 32"".

Key Features:
  - Ethically sourced and sustainably produced.
  - Perfect for gifting or everyday indulgence.
  - Versatile ingredient for countless recipes.
  - Premium quality guaranteed by our master artisans.
  - Hand-selected for superior quality.

Perfect for sharing with loved ones.",Grocery & Gourmet,Pantry Staples,Nestle,5.45,5.0,Original from products,5.0,5.0,1,1.0,1,2024-12-14,3.0,2.0,1.0,1.0,1.0,3.0,15.63,5.21,18.78,66.67,50.0,50.0,100.0,5.21,7.82
1e4b0458-68ae-4a5c-bc79-8a3e9933260e,Bridgestone Premium Car Care,"The Bridgestone Premium Car Care delivers professional-grade results.

Key Features:
  - Professional-grade formula for superior results.
  - Easy application with no special tools required.
  - Tested for quality and reliability.
  - Non-abrasive and safe for all surfaces.

Additional Details:
  - Volume: {volume_ml}ml
  - Temperature range: {temp_range}

Trusted by mechanics and enthusiasts worldwide.",Automotive,Car Care,Bridgestone,24.78,5.0,Original from products,5.0,5.0,1,1.0,2,2024-12-09,8.0,1.0,3.0,2.0,2.0,2.0,50.58,25.29,22.06,12.5,300.0,200.0,66.67,6.32,50.58
ee9a7086-5d93-4c5b-a734-9e573667ca43,Zara Edge19 Running Shoes,"Make a statement with the Zara Edge19 Running Shoes.

Key Features:
  - Classic design that never goes out of style.
  - Easy care fabric - machine washable.
  - Tailored fit that flatters every body type.
  - Premium {material} fabric for lasting comfort.

From casual outings to formal occasions, this piece transitions effortlessly across settings.

Available in multiple colors to suit your style.",Clothing & Accessories,Footwear,Zara,9.21,,No rating available,,,0,0.0,14,2025-11-25,10.0,3.0,7.0,0.0,0.0,0.0,0.0,0.0,16.43,30.0,233.33,0.0,0.0,0.0,0.0
3432e9ed-d6bf-489c-9a63-2f6b63759434,WeatherTech Synthetic Fluid,"Protect and enhance your vehicle with the WeatherTech Synthetic Fluid.

Key Features:
  - Long-lasting protection against the elements.
  - Quick-drying formula saves time.
  - Weather-resistant for year-round protection.
  - Compatible with all major vehicle makes and models.

Additional Details:
  - Compatibility: {compat_info}
  - Volume: {volume_ml}ml

Performance you can count on.",Automotive,Fluids,WeatherTech,16.31,,No rating available,,,0,0.0,42,2024-05-01,33.0,17.0,12.0,1.0,1.0,1.0,16.28,16.28,20.8,51.52,70.59,5.88,8.33,0.49,0.96
9d6f16cd-17eb-4be3-8e0b-4608b5a1feed,Advanced Data Science,"Advanced Data Science is a compelling read you won't want to put down.

Key Features:
  - Includes discussion questions for book clubs.
  - Beautifully written with vivid prose and memorable characters.
  - Thought-provoking themes that resonate long after reading.
  - Gripping narrative that keeps you turning pages.

Perfect for bedtime reading, book clubs, or casual enjoyment, this book offers something for everyone.

A must-read for fans of the genre.",Books,Educational,Penguin Books,9.66,,No rating available,,,0,0.0,1,2024-03-09,0.0,0.0,0.0,0.0,0.0,0.0,0.0,0.0,0.0,,,,,,
fd310db3-3587-4e19-8ae1-cec098c27e1b,Cuisinart Bedding in Cobalt,"Elevate your everyday living with the Cuisinart Bedding in Cobalt.

Key Features:
  - Built to withstand daily use with durable construction.
  - Crafted from premium {material} for lasting quality.
  - Ergonomic design for comfortable use.
  - Temperature resistant up to {temp_c} degrees.

Whether you are redecorating or just looking for that perfect finishing touch, this piece fits beautifully.

Additional Details:
  - Available in a variety of finishes.
  - Premium materials for lasting quality.

The perfect addition to any modern home.",Home & Kitchen,Bedding,Cuisinart,47.22,,No rating available,,,0,0.0,1,2023-04-12,0.0,2.0,0.0,0.0,0.0,0.0,0.0,0.0,2.85,,0.0,0.0,,,0.0
b947050d-9008-461d-9d8d-b7753d179c9e,Legends - Volume 10,"Dive into the captivating world of Legends - Volume 10.

Key Features:
  - Beautifully written with vivid prose and memorable characters.
  - Thought-provoking themes that resonate long after reading.
  - Includes discussion questions for book clubs.
  - Comprehensive coverage of the subject matter.
  - Meticulously researched and expertly presented.
  - Award-winning author delivers another masterpiece.

Perfect for bedtime reading, book clubs, or casual enjoyment, this book offers something for everyone.

Critically acclaimed and reader-approved.",Books,Comics,Oxford University Press,8.73,,No rating available,,,0,0.0,1,2024-12-07,4.0,1.0,1.0,0.0,0.0,0.0,0.0,0.0,21.15,25.0,100.0,0.0,0.0,0.0,0.0
52714668-a85b-491f-8cb4-fc3243ba35da,KitchenAid Bedding in Blue,"The KitchenAid Bedding in Blue brings both style and function to your space.

Key Features:
  - Crafted from premium {material} for lasting quality.
  - Space-saving design fits perfectly in any room.
  - Easy to clean and maintain for everyday use.
  - Versatile design complements any decor style.
  - Dishwasher safe for effortless cleaning.

Whether you are redecorating or just looking for that perfect finishing touch, this piece fits beautifully.

The perfect addition to any modern home.",Home & Kitchen,Bedding,KitchenAid,32.23,,No rating available,,,0,0.0,10,2025-03-19,6.0,5.0,0.0,0.0,0.0,0.0,0.0,0.0,16.81,83.33,0.0,0.0,,0.0,0.0
5d836ef6-20f0-47c1-9a54-791a4bfeded1,Nike Accessorie - Blue,"The Nike Accessorie - Blue combines style with everyday comfort.

Key Features:
  - Eco-friendly materials sourced sustainably.
  - Four-way stretch fabric for unrestricted movement.
  - Easy care fabric - machine washable.
  - Breathable material keeps you comfortable all day.

From casual outings to formal occasions, this piece transitions effortlessly across settings.

A must-have addition to any wardrobe.",Clothing & Accessories,Accessories,Nike,16.78,3.5,Original from products,3.5,3.5,8,8.0,7,2023-12-17,274.0,123.0,59.0,10.0,10.0,13.0,218.01,16.816,19.72,44.89,47.97,8.13,16.95,0.8,1.77
ba2e26b1-16e7-4b86-9e48-ab24dc3c26ff,Nike Menswear in Sand,"Make a statement with the Nike Menswear in Sand.

Key Features:
  - Moisture-wicking technology keeps you dry.
  - Breathable material keeps you comfortable all day.
  - Four-way stretch fabric for unrestricted movement.
  - Reinforced stitching for enhanced durability.

From casual outings to formal occasions, this piece transitions effortlessly across settings.

Available in multiple colors to suit your style.",Clothing & Accessories,Menswear,Nike,38.78,,No rating available,,,0,0.0,1,2025-06-30,9.0,1.0,1.0,0.0,0.0,0.0,0.0,0.0,17.01,11.11,100.0,0.0,0.0,0.0,0.0
e9a74e71-3e0f-4f0b-a67e-c035fa4cb966,Apple Pro13 Pro 5G,"The Apple Pro13 Pro 5G delivers exceptional performance for all your needs.

Key Features:
  - Advanced connectivity options including WiFi 6 and Bluetooth 5.3.
  - Enhanced security features including biometric authentication.
  - Equipped with the latest processor for seamless multitasking.
  - Features a high-resolution display with vivid color accuracy.
  - Premium build quality with aerospace-grade materials.
  - Sleek, lightweight design for maximum portability.

Designed with the modern user in mind, it combines powerful performance with an intuitive interface.

Backed by a comprehensive warranty and dedicated support.",Electronics,Smartphones,Apple,202.07,,No rating available,,,0,0.0,2,2026-03-15,4.0,1.0,0.0,0.0,0.0,0.0,0.0,0.0,46.72,25.0,0.0,0.0,,0.0,0.0
53a6f40f-7783-4d52-b14d-e977706edaf2,The essential The Wanderer,"Dive into the captivating world of The essential The Wanderer.

Key Features:
  - Meticulously researched and expertly presented.
  - Beautifully written with vivid prose and memorable characters.
  - Features a foreword by a leading expert in the field.
  - Award-winning author delivers another masterpiece.

Perfect for bedtime reading, book clubs, or casual enjoyment, this book offers something for everyone.

Additional Details:
  - Available in multiple formats for your reading preference.
  - Expertly crafted with attention to every detail.

Order your copy today and start reading.",Books,Comics,Penguin Books,17.12,,No rating available,,,0,0.0,15,2023-08-06,6.0,1.0,0.0,0.0,0.0,0.0,0.0,0.0,20.41,16.67,0.0,0.0,,0.0,0.0
29ac1c16-e728-4d93-9752-6feaf68762ce,Nestle Pantry Staple Unscented,"The Nestle Pantry Staple Unscented brings premium quality to your table.

Key Features:
  - Freshness sealed for optimal taste.
  - Expertly crafted using traditional methods.
  - Hand-selected for superior quality.
  - Premium quality guaranteed by our master artisans.
  - Versatile ingredient for countless recipes.

Quality you can taste.",Grocery & Gourmet,Pantry Staples,Nestle,8.05,,No rating available,,,0,0.0,4,2024-12-15,23.0,8.0,3.0,0.0,0.0,0.0,0.0,0.0,16.69,34.78,37.5,0.0,0.0,0.0,0.0
7df7c8ec-ff7a-4b2b-a5d3-24cd6ac487fa,Wilson Camping Gear Kit,"The Wilson Camping Gear Kit is built for those who push their limits.

Key Features:
  - Reflective elements enhance visibility in low light.
  - Adjustable features for customized fit.
  - Quick-setup system saves time and hassle.
  - Durable construction withstands the toughest conditions.
  - Compression-molded for compact storage.

Additional Details:
  - Weight: {weight_g}g
  - Capacity: {capacity_l}L

Performance you can rely on.",Sports & Outdoors,Camping Gear,Wilson,21.82,3.0,Original from products,3.0,3.0,1,1.0,183,2025-05-15,32.0,4.0,6.0,1.0,1.0,3.0,66.96,22.32,24.37,12.5,150.0,25.0,16.67,2.09,16.74
4ee17653-62d7-467f-8438-e5870e4b617e,Advanced Finance,"Advanced Finance is a compelling read you won't want to put down.

Key Features:
  - Includes exclusive content and illustrations.
  - Award-winning author delivers another masterpiece.
  - Perfect for book clubs and group discussions.
  - Includes discussion questions for book clubs.
  - Thought-provoking themes that resonate long after reading.
  - Beautifully written with vivid prose and memorable characters.

Perfect for bedtime reading, book clubs, or casual enjoyment, this book offers something for everyone.

Additional Details:
  - Critically acclaimed with outstanding reader reviews.
  - Expertly crafted with attention to every detail.

Order your copy today and start reading.",Books,Educational,Random House,10.27,4.5,Original from products,4.5,4.5,2,2.0,1,2023-01-24,20.0,4.0,6.0,2.0,2.0,3.0,30.78,10.175,24.43,20.0,150.0,50.0,33.33,1.54,7.7
f8232f4a-cde6-4bf8-b0f8-dcf40fad7761,KitchenAid Premium Furniture,"The KitchenAid Premium Furniture brings both style and function to your space.

Key Features:
  - Stackable design for efficient storage.
  - Space-saving design fits perfectly in any room.
  - Temperature resistant up to {temp_c} degrees.
  - Versatile design complements any decor style.
  - Dishwasher safe for effortless cleaning.
  - Elegant finish adds a touch of sophistication.

Designed to enhance your living space while providing practical everyday functionality.

Designed for real life, built to last.",Home & Kitchen,Furniture,KitchenAid,34.53,2.0,Original from products,2.0,2.0,1,1.0,1,2023-08-12,13.0,4.0,1.0,0.0,0.0,0.0,0.0,0.0,14.83,30.77,25.0,0.0,0.0,0.0,0.0
a79e27ce-3333-4465-8ab5-78cb665ab295,KitchenAid Prime Appliance,"The KitchenAid Prime Appliance brings both style and function to your space.

Key Features:
  - Dishwasher safe for effortless cleaning.
  - Stackable design for efficient storage.
  - Temperature resistant up to {temp_c} degrees.
  - Elegant finish adds a touch of sophistication.
  - Built to withstand daily use with durable construction.
  - Space-saving design fits perfectly in any room.

Designed to enhance your living space while providing practical everyday functionality.

Additional Details:
  - Available in a variety of finishes.
  - Dimensions: perfectly sized for your space.
  - Easy to clean and maintain.

Make every day extraordinary.",Home & Kitchen,Appliances,KitchenAid,34.62,,No rating available,,,0,0.0,7,2024-05-08,18.0,9.0,5.0,0.0,0.0,0.0,0.0,0.0,30.5,50.0,55.56,0.0,0.0,0.0,0.0
3f0a5d78-4e0e-4820-b444-93a7e8aa3252,Zara Menswear in Brown,"Designed for those who refuse to compromise on style.

Key Features:
  - Eco-friendly materials sourced sustainably.
  - Easy care fabric - machine washable.
  - Breathable material keeps you comfortable all day.
  - Reinforced stitching for enhanced durability.
  - Four-way stretch fabric for unrestricted movement.

Crafted with attention to detail, it offers the perfect balance of style and practicality.

Additional Details:
  - Available in multiple sizes for the perfect fit.
  - Designed for comfort with a tailored silhouette.

A must-have addition to any wardrobe.",Clothing & Accessories,Menswear,Zara,36.61,5.0,Original from products,5.0,5.0,1,1.0,10,2023-06-21,13.0,12.0,7.0,1.0,1.0,1.0,35.65,35.65,22.06,92.31,58.33,8.33,14.29,2.74,2.97
450c8437-c219-4631-af54-5cfb3cc9701a,LEGO Cascade STEM Kit,"Unleash endless fun with the LEGO Cascade STEM Kit.

Key Features:
  - Encourages creative thinking and problem-solving skills.
  - Develops fine motor skills and hand-eye coordination.
  - Durable design withstands active play.
  - Suitable for solo play or group activities.
  - Easy to learn, with endless replay value.

Winner of multiple toy awards.",Toys & Games,Educational Toys,LEGO,58.8,,No rating available,,,0,0.0,5,2024-03-19,9.0,1.0,2.0,0.0,0.0,0.0,0.0,0.0,12.48,11.11,200.0,0.0,0.0,0.0,0.0
68306ccc-25a7-4bdd-ac15-f3074568de96,Nike Air9 Running Shoes,"Designed for those who refuse to compromise on style.

Key Features:
  - Classic design that never goes out of style.
  - Tailored fit that flatters every body type.
  - Easy care fabric - machine washable.
  - Moisture-wicking technology keeps you dry.

Crafted with attention to detail, it offers the perfect balance of style and practicality.

A must-have addition to any wardrobe.",Clothing & Accessories,Footwear,Nike,56.97,3.0,Original from products,3.0,3.0,1,1.0,1,2023-07-03,7.0,2.0,0.0,0.0,0.0,0.0,0.0,0.0,30.54,28.57,0.0,0.0,,0.0,0.0
b6ccd093-e5fa-415b-bac9-adaa6a8e9e68,L'Oreal Matte Makeup,"Reveal your natural beauty with the L'Oreal Matte Makeup.

Key Features:
  - Suitable for sensitive skin.
  - Formulated with natural ingredients for gentle care.
  - Dermatologist-tested and suitable for all skin types.
  - Hydrating formula restores natural moisture balance.

See the difference with every use.",Beauty & Personal Care,Makeup,L'Oreal,12.78,,No rating available,,,0,0.0,1,2026-01-23,3.0,1.0,1.0,0.0,0.0,0.0,0.0,0.0,22.51,33.33,100.0,0.0,0.0,0.0,0.0
daa08f70-8807-486e-b9fe-f8cc961016a2,L'Oreal Skincare Cream,"The L'Oreal Skincare Cream is your new essential for radiant skin.

Key Features:
  - Antioxidant-rich formula protects against environmental damage.
  - Cruelty-free and never tested on animals.
  - Suitable for sensitive skin.
  - Formulated with natural ingredients for gentle care.
  - Delicate fragrance that lingers throughout the day.
  - Free from parabens, sulfates, and phthalates.

Additional Details:
  - Shelf life: {shelf_life}m
  - Ingredients: {ingredient_highlight}

Part of our commitment to clean beauty.",Beauty & Personal Care,Skincare,L'Oreal,31.95,4.0,Original from products,4.0,4.0,1,1.0,18,2025-01-17,42.0,11.0,8.0,0.0,0.0,0.0,0.0,0.0,22.49,26.19,72.73,0.0,0.0,0.0,0.0
33390961-43c2-40ed-80bb-53cd28a5caee,Learn Leadership with Sam,"Learn Leadership with Sam is a compelling read you won't want to put down.

Key Features:
  - Gripping narrative that keeps you turning pages.
  - Comprehensive coverage of the subject matter.
  - Perfect for book clubs and group discussions.
  - Includes exclusive content and illustrations.
  - Thought-provoking themes that resonate long after reading.

Whether you are a longtime fan or new to the genre, this book will captivate you from the first page.

Order your copy today and start reading.",Books,Children's Books,HarperCollins,19.28,4.0,Original from products,4.0,4.0,1,1.0,9,2024-02-15,7.0,5.0,1.0,0.0,0.0,0.0,0.0,0.0,18.08,71.43,20.0,0.0,0.0,0.0,0.0
5d1b02bb-80d1-4864-a481-dfc5678b4a54,LEGO Aura Family Game,"Bring joy to playtime with the LEGO Aura Family Game.

Key Features:
  - Suitable for solo play or group activities.
  - Safe, non-toxic materials certified for children.
  - Develops fine motor skills and hand-eye coordination.
  - STEM-focused learning through play.
  - Expandable with additional sets and accessories.
  - Includes everything needed for immediate play.

Trusted by parents and loved by children.",Toys & Games,Board Games,LEGO,15.41,,No rating available,,,0,0.0,2,2025-08-29,4.0,2.0,1.0,0.0,0.0,0.0,0.0,0.0,11.31,50.0,50.0,0.0,0.0,0.0,0.0
88965b45-8fc8-4773-b34a-24f841236491,Nike Casual Menswear,"The Nike Casual Menswear combines style with everyday comfort.

Key Features:
  - Tailored fit that flatters every body type.
  - Versatile design transitions seamlessly from day to night.
  - Reinforced stitching for enhanced durability.
  - Easy care fabric - machine washable.
  - Moisture-wicking technology keeps you dry.
  - Four-way stretch fabric for unrestricted movement.

From casual outings to formal occasions, this piece transitions effortlessly across settings.

A must-have addition to any wardrobe.",Clothing & Accessories,Menswear,Nike,58.25,,No rating available,,,0,0.0,1,2023-01-23,17.0,3.0,0.0,0.0,0.0,0.0,0.0,0.0,17.58,17.65,0.0,0.0,,0.0,0.0
47b53962-dab2-4976-8326-8d4a3f10a4a8,Lay's Organic Organic Food,"Elevate your culinary creations with Lay's Organic Organic Food.

Key Features:
  - Ethically sourced and sustainably produced.
  - Sourced from the finest origins around the world.
  - No artificial preservatives or additives.
  - Freshness sealed for optimal taste.

From our family to yours.",Grocery & Gourmet,Organic Foods,Lay's,7.38,,No rating available,,,0,0.0,1,2025-01-14,13.0,4.0,1.0,0.0,0.0,0.0,0.0,0.0,15.94,30.77,25.0,0.0,0.0,0.0,0.0
936fb559-2a18-4d8d-8267-ac5e006a1a52,Clinique Makeup Foundation,"Reveal your natural beauty with the Clinique Makeup Foundation.

Key Features:
  - Clinically proven results with regular use.
  - Dermatologist-tested and suitable for all skin types.
  - Formulated with natural ingredients for gentle care.
  - Hydrating formula restores natural moisture balance.
  - Cruelty-free and never tested on animals.
  - Rich, luxurious texture that absorbs quickly.

Your skin deserves the best.",Beauty & Personal Care,Makeup,Clinique,10.13,,No rating available,,,0,0.0,21,2025-05-02,3.0,1.0,0.0,0.0,0.0,0.0,0.0,0.0,34.01,33.33,0.0,0.0,,0.0,0.0
355e61f8-67d0-4158-a39f-0d12f974eb60,LEGO Elite Jack Figure,"Bring joy to playtime with the LEGO Elite Jack Figure.

Key Features:
  - Develops fine motor skills and hand-eye coordination.
  - Expandable with additional sets and accessories.
  - STEM-focused learning through play.
  - Award-winning design loved by kids and parents.

The perfect gift for any occasion.",Toys & Games,Action Figures,LEGO,32.85,5.0,Original from products,5.0,5.0,1,1.0,1,2025-10-06,24.0,19.0,6.0,0.0,0.0,0.0,0.0,0.0,13.84,79.17,31.58,0.0,0.0,0.0,0.0
d9963a88-d54f-4a18-b655-414ea714832a,Wilson Camping Gear Kit,"Conquer any challenge with the Wilson Camping Gear Kit.

Key Features:
  - Reflective elements enhance visibility in low light.
  - Compression-molded for compact storage.
  - Lightweight design for effortless portability.
  - Weather-resistant materials keep you protected.
  - Reinforced stress points for long-lasting durability.
  - Adjustable features for customized fit.

Additional Details:
  - Material: {material_quality} {material}
  - Dimensions: {dim_cm} cm
  - Capacity: {capacity_l}L

Trusted by athletes and adventurers worldwide.",Sports & Outdoors,Camping Gear,Wilson,62.65,4.3,Original from products,4.3,4.333333333333333,6,6.0,1,2023-10-05,139.0,40.0,25.0,6.0,6.0,8.0,495.22,61.791666666666664,16.78,28.78,62.5,15.0,24.0,3.56,12.38
597c2a80-73fc-4db9-a452-eef792d79b63,Max 4: A Hands-On Approach,"The Max 4: A Hands-On Approach offers hours of engaging entertainment.

Key Features:
  - STEM-focused learning through play.
  - Encourages creative thinking and problem-solving skills.
  - Expandable with additional sets and accessories.
  - Award-winning design loved by kids and parents.
  - Easy to learn, with endless replay value.
  - Suitable for solo play or group activities.

Where learning meets play.",Toys & Games,Video Games,LEGO,21.81,,No rating available,,,0,0.0,1,2025-01-07,7.0,3.0,2.0,0.0,0.0,0.0,0.0,0.0,13.54,42.86,66.67,0.0,0.0,0.0,0.0
4284fedc-ae06-4c36-a7a7-cec7914c0b90,Fellowes Office Furniture - Navy,"Stay organized and productive with the Fellowes Office Furniture - Navy.

Key Features:
  - Easy setup with no assembly required.
  - Ergonomic design reduces strain during extended use.
  - Compatible with standard office supplies and accessories.
  - Eco-friendly materials and packaging.
  - Streamlines your workflow for maximum efficiency.
  - Built to withstand daily use in demanding environments.

Additional Details:
  - Material: {material_quality} {material}
  - Weight: {weight_g}g
  - Color: {color_option}

Designed for the way you work.",Office Products,Office Furniture,Fellowes,19.56,2.0,Original from products,2.0,2.0,1,1.0,1,2025-08-15,7.0,4.0,2.0,1.0,1.0,1.0,19.78,19.78,20.78,57.14,50.0,25.0,50.0,2.83,4.94
43a517c2-190a-4bc1-b77b-4d88936ee641,Instant Pot Professional Kitchenware,"The Instant Pot Professional Kitchenware brings both style and function to your space.

Key Features:
  - Temperature resistant up to {temp_c} degrees.
  - Ergonomic design for comfortable use.
  - Dishwasher safe for effortless cleaning.
  - Easy to clean and maintain for everyday use.
  - Built to withstand daily use with durable construction.
  - Crafted from premium {material} for lasting quality.

Designed to enhance your living space while providing practical everyday functionality.

The perfect addition to any modern home.",Home & Kitchen,Kitchenware,Instant Pot,28.2,4.6,Original from products,4.6,4.6,10,10.0,6,2025-09-21,450.0,161.0,97.0,18.0,18.0,20.0,565.41,28.34722222222222,18.18,35.78,60.25,11.18,18.56,1.26,3.51
6601b486-6f80-48d3-861c-7df85ef570ed,LEGO Jack Collectible,"The LEGO Jack Collectible offers hours of engaging entertainment.

Key Features:
  - Award-winning design loved by kids and parents.
  - Safe, non-toxic materials certified for children.
  - Encourages creative thinking and problem-solving skills.
  - STEM-focused learning through play.
  - Suitable for solo play or group activities.

Additional Details:
  - Box dimensions: {dim_cm} cm
  - Batteries: {battery_req}

Trusted by parents and loved by children.",Toys & Games,Action Figures,LEGO,36.05,4.0,Original from products,4.0,4.0,1,1.0,2,2023-08-08,2.0,0.0,2.0,0.0,0.0,0.0,0.0,0.0,23.25,0.0,,,0.0,0.0,
21a0742e-0dd9-4e98-96bc-c61a5e2740ab,L'Oreal Skincare for Dry Skin,"Reveal your natural beauty with the L'Oreal Skincare for Dry Skin.

Key Features:
  - Rich, luxurious texture that absorbs quickly.
  - Free from parabens, sulfates, and phthalates.
  - Cruelty-free and never tested on animals.
  - Suitable for sensitive skin.

Loved by beauty experts and enthusiasts alike.",Beauty & Personal Care,Skincare,L'Oreal,21.48,3.5,Original from products,3.5,3.5,2,2.0,30,2026-05-02,21.0,5.0,2.0,2.0,2.0,2.0,42.43,21.215,27.59,23.81,40.0,40.0,100.0,2.02,8.49
ffb609fe-be9e-450d-aa24-15a871970df2,KitchenAid Professional Kitchenware,"Designed to make your home more beautiful and functional.

Key Features:
  - Ergonomic design for comfortable use.
  - Easy to clean and maintain for everyday use.
  - Elegant finish adds a touch of sophistication.
  - Stackable design for efficient storage.
  - Space-saving design fits perfectly in any room.
  - Built to withstand daily use with durable construction.

Whether you are redecorating or just looking for that perfect finishing touch, this piece fits beautifully.

Additional Details:
  - Dimensions: perfectly sized for your space.
  - Easy to clean and maintain.
  - Available in a variety of finishes.

Backed by our satisfaction guarantee.",Home & Kitchen,Kitchenware,KitchenAid,50.14,4.0,Original from products,4.0,4.0,1,1.0,1,2023-12-08,27.0,12.0,9.0,3.0,3.0,3.0,155.07999999999998,51.69333333333333,17.28,44.44,75.0,25.0,33.33,5.74,12.92
ef13e1d8-29e1-4964-aea0-9a1a95bc84ec,Lindt Snack Family Size,"Elevate your culinary creations with Lindt Snack Family Size.

Key Features:
  - Freshness sealed for optimal taste.
  - Rich, authentic flavor profile.
  - Sourced from the finest origins around the world.
  - Ethically sourced and sustainably produced.

Additional Details:
  - Country of origin: {origin_country}
  - Storage: {storage_type}
  - Shelf life: {shelf_life}m

Quality you can taste.",Grocery & Gourmet,Snacks,Lindt,9.56,5.0,Original from products,5.0,5.0,1,1.0,1,2024-05-02,47.0,25.0,14.0,2.0,2.0,4.0,37.87,9.385000000000002,14.04,53.19,56.0,8.0,14.29,0.81,1.51
32cbdbeb-fdde-4794-90d8-98fa95b22e01,Shark Denim Furniture,"Designed to make your home more beautiful and functional.

Key Features:
  - Versatile design complements any decor style.
  - Elegant finish adds a touch of sophistication.
  - Ergonomic design for comfortable use.
  - Temperature resistant up to {temp_c} degrees.
  - Built to withstand daily use with durable construction.
  - Stackable design for efficient storage.

Whether you are redecorating or just looking for that perfect finishing touch, this piece fits beautifully.

Additional Details:
  - Premium materials for lasting quality.
  - Dimensions: perfectly sized for your space.

The perfect addition to any modern home.",Home & Kitchen,Furniture,Shark,21.25,,No rating available,,,0,0.0,1,2023-08-28,23.0,2.0,3.0,0.0,0.0,0.0,0.0,0.0,19.87,8.7,150.0,0.0,0.0,0.0,0.0
b731da9d-72e3-4d09-bfa8-89ef45ed2fae,Elite Psychology: The The Definitive Guide,"Discover the story behind Elite Psychology: The The Definitive Guide.

Key Features:
  - Includes exclusive content and illustrations.
  - Features a foreword by a leading expert in the field.
  - Comprehensive coverage of the subject matter.
  - Meticulously researched and expertly presented.
  - Perfect for book clubs and group discussions.
  - Includes discussion questions for book clubs.

Whether you are a longtime fan or new to the genre, this book will captivate you from the first page.

Additional Details:
  - Available in multiple formats for your reading preference.
  - A substantial read that delivers incredible value.

Order your copy today and start reading.",Books,Non-Fiction,Penguin Books,8.95,,No rating available,,,0,0.0,2,2023-07-06,0.0,0.0,0.0,0.0,0.0,0.0,0.0,0.0,0.0,,,,,,
1776d6e9-cd02-4b90-b7bb-50156ed4ca06,"Samsung Essential 17"" Display Tablet","Engineered for excellence, the Samsung Essential 17"" Display Tablet sets a new standard.

Key Features:
  - Long-lasting battery designed for all-day productivity.
  - Premium build quality with aerospace-grade materials.
  - Enhanced security features including biometric authentication.
  - Equipped with the latest processor for seamless multitasking.

Whether you are working from home, gaming, or streaming, this device is built to handle it all with ease.

Additional Details:
  - Long battery life for all-day usage.
  - Connectivity: USB-C, HDMI, WiFi 6, Bluetooth.

Perfect for professionals and enthusiasts alike.",Electronics,Tablets,Samsung,31.93,,No rating available,,,0,0.0,3,2023-11-15,52.0,16.0,13.0,1.0,1.0,1.0,30.73,30.73,18.43,30.77,81.25,6.25,7.69,0.59,1.92
5724e855-5b64-43be-ae0d-aa26623226da,Nike Essential Menswear,"Designed for those who refuse to compromise on style.

Key Features:
  - Reinforced stitching for enhanced durability.
  - Classic design that never goes out of style.
  - Eco-friendly materials sourced sustainably.
  - Easy care fabric - machine washable.
  - Premium {material} fabric for lasting comfort.

From casual outings to formal occasions, this piece transitions effortlessly across settings.

Join thousands of satisfied customers worldwide.",Clothing & Accessories,Menswear,Nike,49.12,,No rating available,,,0,0.0,10,2023-06-18,20.0,6.0,2.0,0.0,0.0,0.0,0.0,0.0,17.66,30.0,33.33,0.0,0.0,0.0,0.0
c5c94e3d-5437-457f-801e-fd332ee13b77,Hasbro Drift Card Game,"Bring joy to playtime with the Hasbro Drift Card Game.

Key Features:
  - Suitable for solo play or group activities.
  - Includes everything needed for immediate play.
  - Expandable with additional sets and accessories.
  - Develops fine motor skills and hand-eye coordination.

Winner of multiple toy awards.",Toys & Games,Board Games,Hasbro,12.08,5.0,Original from products,5.0,5.0,1,1.0,9,2025-07-02,19.0,9.0,5.0,1.0,1.0,2.0,24.8,12.4,18.13,47.37,55.56,11.11,20.0,1.31,2.76
69aec173-87af-4601-a318-5c9124e061c9,Lodge LED Lighting,"Transform your home with the Lodge LED Lighting.

Key Features:
  - Easy to clean and maintain for everyday use.
  - Built to withstand daily use with durable construction.
  - Stackable design for efficient storage.
  - Space-saving design fits perfectly in any room.
  - Temperature resistant up to {temp_c} degrees.
  - Dishwasher safe for effortless cleaning.

Designed to enhance your living space while providing practical everyday functionality.

Backed by our satisfaction guarantee.",Home & Kitchen,Lighting,Lodge,49.05,5.0,Original from products,5.0,5.0,1,1.0,4,2025-01-15,34.0,17.0,6.0,1.0,1.0,1.0,49.47,49.47,17.91,50.0,35.29,5.88,16.67,1.46,2.91
c3c9afef-e2ce-4954-9b19-6ee10fa7f6e0,KitchenAid Lighting - White,"Elevate your everyday living with the KitchenAid Lighting - White.

Key Features:
  - Ergonomic design for comfortable use.
  - Crafted from premium {material} for lasting quality.
  - Built to withstand daily use with durable construction.
  - Temperature resistant up to {temp_c} degrees.

Designed to enhance your living space while providing practical everyday functionality.

Additional Details:
  - Available in a variety of finishes.
  - Premium materials for lasting quality.

Designed for real life, built to last.",Home & Kitchen,Lighting,KitchenAid,57.27,,No rating available,,,0,0.0,1,2024-05-01,4.0,3.0,0.0,0.0,0.0,0.0,0.0,0.0,10.89,75.0,0.0,0.0,,0.0,0.0
c1a606fd-0ee6-405f-8706-d4d929f2a890,Nike Premium Accessorie,"Elevate your wardrobe with the Nike Premium Accessorie.

Key Features:
  - Versatile design transitions seamlessly from day to night.
  - Classic design that never goes out of style.
  - Tailored fit that flatters every body type.
  - Premium {material} fabric for lasting comfort.
  - Four-way stretch fabric for unrestricted movement.

Crafted with attention to detail, it offers the perfect balance of style and practicality.

Experience the perfect blend of style and comfort.",Clothing & Accessories,Accessories,Nike,50.24,3.0,Original from products,3.0,3.0,2,2.0,1,2024-11-13,2.0,3.0,3.0,1.0,1.0,1.0,52.21,52.21,9.8,150.0,100.0,33.33,33.33,26.1,17.4
39d4ea0e-931e-4545-818f-0bacce501c29,The ultimate pioneer,"The ultimate pioneer offers a fresh perspective on an important topic.

Key Features:
  - Includes discussion questions for book clubs.
  - Comprehensive coverage of the subject matter.
  - Beautifully written with vivid prose and memorable characters.
  - Perfect for book clubs and group discussions.
  - Meticulously researched and expertly presented.

Perfect for bedtime reading, book clubs, or casual enjoyment, this book offers something for everyone.

A must-read for fans of the genre.",Books,Fiction,HarperCollins,7.67,,No rating available,,,0,0.0,1,2025-01-23,0.0,0.0,0.0,0.0,0.0,0.0,0.0,0.0,0.0,,,,,,
bb974a6f-465d-40c6-90a3-5626ba8d207f,LEGO Essential Max Figure,"The LEGO Essential Max Figure offers hours of engaging entertainment.

Key Features:
  - Suitable for solo play or group activities.
  - Durable design withstands active play.
  - Includes everything needed for immediate play.
  - Safe, non-toxic materials certified for children.
  - Easy to learn, with endless replay value.

Trusted by parents and loved by children.",Toys & Games,Action Figures,LEGO,24.04,,No rating available,,,0,0.0,2,2023-08-18,18.0,7.0,3.0,0.0,0.0,0.0,0.0,0.0,19.5,38.89,42.86,0.0,0.0,0.0,0.0
26fa0037-c745-4789-8a44-9f3dfb7f25f7,General Mills Organic Snack,"The General Mills Organic Snack brings premium quality to your table.

Key Features:
  - No artificial preservatives or additives.
  - Hand-selected for superior quality.
  - Freshness sealed for optimal taste.
  - Perfect for gifting or everyday indulgence.

Additional Details:
  - Net weight: {weight_g}g
  - Country of origin: {origin_country}
  - Shelf life: {shelf_life}m

A taste worth savoring.",Grocery & Gourmet,Snacks,General Mills,18.44,3.7,Original from products,3.7,3.6875,16,16.0,9,2024-01-06,1022.0,422.0,241.0,28.0,28.0,59.0,1087.82,18.429285714285715,17.6,41.29,57.11,6.64,11.62,1.06,2.58
d3afa213-522c-4df6-9c51-b8cab15c0bdb,Apple Z5 Smartphone,"The Apple Z5 Smartphone delivers exceptional performance for all your needs.

Key Features:
  - Equipped with the latest processor for seamless multitasking.
  - Features a high-resolution display with vivid color accuracy.
  - Advanced cooling system for sustained performance.
  - Intuitive user interface with customizable settings.

Whether you are working from home, gaming, or streaming, this device is built to handle it all with ease.

Backed by a comprehensive warranty and dedicated support.",Electronics,Smartphones,Apple,498.03,,No rating available,,,0,0.0,2,2026-01-04,3.0,0.0,0.0,0.0,0.0,0.0,0.0,0.0,24.61,0.0,,,,0.0,
da7ffcd9-a029-4730-9a07-5cee5a412298,Professional Yoga: The Advanced Concepts Explained,"Professional Yoga: The Advanced Concepts Explained is a compelling read you won't want to put down.

Key Features:
  - Beautifully written with vivid prose and memorable characters.
  - Thought-provoking themes that resonate long after reading.
  - Comprehensive coverage of the subject matter.
  - Includes discussion questions for book clubs.
  - Award-winning author delivers another masterpiece.

Whether you are a longtime fan or new to the genre, this book will captivate you from the first page.

Already a bestseller in multiple countries.",Books,Non-Fiction,Cambridge Press,22.94,,No rating available,,,0,0.0,2,2023-01-16,1.0,2.0,0.0,0.0,0.0,0.0,0.0,0.0,7.77,200.0,0.0,0.0,,0.0,0.0
caf04ff6-0545-4ee0-8753-619458dedc5f,KitchenAid Comfort Bedding,"Elevate your everyday living with the KitchenAid Comfort Bedding.

Key Features:
  - Versatile design complements any decor style.
  - Built to withstand daily use with durable construction.
  - Easy to clean and maintain for everyday use.
  - Dishwasher safe for effortless cleaning.

Designed to enhance your living space while providing practical everyday functionality.

Additional Details:
  - Dimensions: perfectly sized for your space.
  - Available in a variety of finishes.

Designed for real life, built to last.",Home & Kitchen,Bedding,KitchenAid,56.04,,No rating available,,,0,0.0,3,2026-04-08,12.0,6.0,2.0,0.0,0.0,0.0,0.0,0.0,13.17,50.0,33.33,0.0,0.0,0.0,0.0
fb87061e-fc17-4219-9702-c463c7439bcf,Wilson 118L Camping Gear,"The Wilson 118L Camping Gear is built for those who push their limits.

Key Features:
  - Reinforced stress points for long-lasting durability.
  - Ergonomic design reduces fatigue during extended use.
  - Reflective elements enhance visibility in low light.
  - Quick-setup system saves time and hassle.

Built to last, backed by our warranty.",Sports & Outdoors,Camping Gear,Wilson,30.09,,No rating available,,,0,0.0,2,2026-04-17,10.0,2.0,1.0,0.0,0.0,0.0,0.0,0.0,20.46,20.0,50.0,0.0,0.0,0.0,0.0
26365e81-29db-447b-8885-943ee8097c90,KitchenAid Premium Spandex Bedding,"Transform your home with the KitchenAid Premium Spandex Bedding.

Key Features:
  - Temperature resistant up to {temp_c} degrees.
  - Crafted from premium {material} for lasting quality.
  - Versatile design complements any decor style.
  - Built to withstand daily use with durable construction.
  - Ergonomic design for comfortable use.

Whether you are redecorating or just looking for that perfect finishing touch, this piece fits beautifully.

Additional Details:
  - Dimensions: perfectly sized for your space.
  - Premium materials for lasting quality.
  - Easy to clean and maintain.

The perfect addition to any modern home.",Home & Kitchen,Bedding,KitchenAid,71.79,,No rating available,,,0,0.0,2,2023-11-12,7.0,4.0,1.0,0.0,0.0,0.0,0.0,0.0,14.51,57.14,25.0,0.0,0.0,0.0,0.0
f6e758a3-00cf-4dfb-8911-bbba5335729b,"KitchenAid 17"" Kitchenware Set","Transform your home with the KitchenAid 17"" Kitchenware Set.

Key Features:
  - Temperature resistant up to {temp_c} degrees.
  - Elegant finish adds a touch of sophistication.
  - Space-saving design fits perfectly in any room.
  - Ergonomic design for comfortable use.
  - Dishwasher safe for effortless cleaning.

Designed to enhance your living space while providing practical everyday functionality.

Make every day extraordinary.",Home & Kitchen,Kitchenware,KitchenAid,40.61,5.0,Original from products,5.0,5.0,1,1.0,3,2024-02-04,1.0,3.0,0.0,0.0,0.0,0.0,0.0,0.0,4.92,300.0,0.0,0.0,,0.0,0.0
facafae8-f272-4b6c-b6cf-58efa74bb75e,"KitchenAid 32"" Kitchenware Set","The KitchenAid 32"" Kitchenware Set brings both style and function to your space.

Key Features:
  - Elegant finish adds a touch of sophistication.
  - Built to withstand daily use with durable construction.
  - Stackable design for efficient storage.
  - Easy to clean and maintain for everyday use.
  - Versatile design complements any decor style.
  - Temperature resistant up to {temp_c} degrees.

Whether you are redecorating or just looking for that perfect finishing touch, this piece fits beautifully.

The perfect addition to any modern home.",Home & Kitchen,Kitchenware,KitchenAid,64.78,,No rating available,,,0,0.0,6,2023-09-15,10.0,3.0,2.0,0.0,0.0,0.0,0.0,0.0,19.35,30.0,66.67,0.0,0.0,0.0,0.0
3623b620-1419-496a-95d5-f620fe664f1e,Learn Psychology with Jack,"Discover the story behind Learn Psychology with Jack.

Key Features:
  - Meticulously researched and expertly presented.
  - Includes exclusive content and illustrations.
  - Gripping narrative that keeps you turning pages.
  - Perfect for book clubs and group discussions.
  - Features a foreword by a leading expert in the field.

Perfect for bedtime reading, book clubs, or casual enjoyment, this book offers something for everyone.

Additional Details:
  - Critically acclaimed with outstanding reader reviews.
  - Available in multiple formats for your reading preference.
  - A substantial read that delivers incredible value.

Order your copy today and start reading.",Books,Children's Books,Random House,10.2,3.7,Original from products,3.7,3.6666666666666665,3,3.0,1,2024-11-30,4.0,2.0,2.0,2.0,2.0,4.0,40.11,10.095,15.6,50.0,100.0,100.0,100.0,10.03,20.06
d5e296e1-c8c5-44cb-af55-a138ad9c74d6,"Star Commander: Concepts, Techniques, and Tools","Dive into the captivating world of Star Commander: Concepts, Techniques, and Tools.

Key Features:
  - Gripping narrative that keeps you turning pages.
  - Includes exclusive content and illustrations.
  - Includes discussion questions for book clubs.
  - Perfect for book clubs and group discussions.
  - Comprehensive coverage of the subject matter.
  - Meticulously researched and expertly presented.

Perfect for bedtime reading, book clubs, or casual enjoyment, this book offers something for everyone.

A must-read for fans of the genre.",Books,Comics,Penguin Books,12.84,5.0,Original from products,5.0,5.0,1,1.0,1,2023-09-24,1.0,1.0,0.0,0.0,0.0,0.0,0.0,0.0,18.97,100.0,0.0,0.0,,0.0,0.0
7692a311-2840-4e48-9f16-c3b47c9dc54d,KitchenAid Professional Kitchenware,"Designed to make your home more beautiful and functional.

Key Features:
  - Temperature resistant up to {temp_c} degrees.
  - Versatile design complements any decor style.
  - Crafted from premium {material} for lasting quality.
  - Easy to clean and maintain for everyday use.
  - Dishwasher safe for effortless cleaning.

Whether you are redecorating or just looking for that perfect finishing touch, this piece fits beautifully.

Additional Details:
  - Dimensions: perfectly sized for your space.
  - Available in a variety of finishes.

The perfect addition to any modern home.",Home & Kitchen,Kitchenware,KitchenAid,50.07,,No rating available,,,0,0.0,2,2025-09-12,3.0,2.0,2.0,0.0,0.0,0.0,0.0,0.0,16.23,66.67,100.0,0.0,0.0,0.0,0.0
ab4802bb-ac5e-44df-bb6b-e910d5eb2206,LEGO Panoramic Software Engineering Puzzle,"The LEGO Panoramic Software Engineering Puzzle offers hours of engaging entertainment.

Key Features:
  - Includes everything needed for immediate play.
  - Suitable for solo play or group activities.
  - Award-winning design loved by kids and parents.
  - Durable design withstands active play.
  - Safe, non-toxic materials certified for children.
  - Easy to learn, with endless replay value.

Trusted by parents and loved by children.",Toys & Games,Puzzles,LEGO,28.98,5.0,Original from products,5.0,5.0,1,1.0,12,2024-04-28,20.0,7.0,5.0,1.0,1.0,1.0,27.66,27.66,12.89,35.0,71.43,14.29,20.0,1.38,3.95
d9f8a3f0-f3b2-4c85-874d-a8819e73b376,L'Oreal Makeup Palette,"Reveal your natural beauty with the L'Oreal Makeup Palette.

Key Features:
  - Rich, luxurious texture that absorbs quickly.
  - Delicate fragrance that lingers throughout the day.
  - Free from parabens, sulfates, and phthalates.
  - Antioxidant-rich formula protects against environmental damage.
  - Clinically proven results with regular use.
  - Formulated with natural ingredients for gentle care.

Part of our commitment to clean beauty.",Beauty & Personal Care,Makeup,L'Oreal,28.86,4.0,Original from products,4.0,4.0,1,1.0,1,2026-04-21,3.0,2.0,5.0,1.0,1.0,1.0,29.91,29.91,11.43,66.67,250.0,50.0,20.0,9.97,14.96
d83c016f-e125-4cb0-a533-6a94d809d429,Shark Fleece Furniture,"The Shark Fleece Furniture brings both style and function to your space.

Key Features:
  - Temperature resistant up to {temp_c} degrees.
  - Versatile design complements any decor style.
  - Easy to clean and maintain for everyday use.
  - Crafted from premium {material} for lasting quality.

Designed to enhance your living space while providing practical everyday functionality.

Additional Details:
  - Dimensions: perfectly sized for your space.
  - Easy to clean and maintain.
  - Premium materials for lasting quality.

Make every day extraordinary.",Home & Kitchen,Furniture,Shark,30.88,,No rating available,,,0,0.0,1,2025-11-29,7.0,5.0,1.0,0.0,0.0,0.0,0.0,0.0,15.45,71.43,20.0,0.0,0.0,0.0,0.0
8c636ba0-32b9-47ab-8af3-141dd3a37160,Melissa & Doug Haven Coding Kit,"The Melissa & Doug Haven Coding Kit offers hours of engaging entertainment.

Key Features:
  - Easy to learn, with endless replay value.
  - Includes everything needed for immediate play.
  - Award-winning design loved by kids and parents.
  - Encourages creative thinking and problem-solving skills.
  - Develops fine motor skills and hand-eye coordination.
  - Expandable with additional sets and accessories.

Additional Details:
  - Players: {player_count}
  - Batteries: {battery_req}

Winner of multiple toy awards.",Toys & Games,Educational Toys,Melissa & Doug,11.17,,No rating available,,,0,0.0,1,2024-05-15,16.0,7.0,1.0,0.0,0.0,0.0,0.0,0.0,8.93,43.75,14.29,0.0,0.0,0.0,0.0
90b35eca-7917-449e-9622-e922a4aa430a,LEGO Elysium Family Game,"Bring joy to playtime with the LEGO Elysium Family Game.

Key Features:
  - Expandable with additional sets and accessories.
  - Durable design withstands active play.
  - Suitable for solo play or group activities.
  - Develops fine motor skills and hand-eye coordination.
  - Includes everything needed for immediate play.
  - Easy to learn, with endless replay value.

Where learning meets play.",Toys & Games,Board Games,LEGO,66.27,5.0,Original from products,5.0,5.0,1,1.0,1,2025-01-13,36.0,8.0,8.0,2.0,2.0,2.0,127.78999999999999,63.894999999999996,14.09,22.22,100.0,25.0,25.0,3.55,15.97
6b40ca94-ebc0-4376-9078-07f60d3cb285,Dell Book6 Bluetooth Earbuds,"Engineered for excellence, the Dell Book6 Bluetooth Earbuds sets a new standard.

Key Features:
  - Supports high-resolution audio for immersive sound.
  - Long-lasting battery designed for all-day productivity.
  - Features a high-resolution display with vivid color accuracy.
  - Equipped with the latest processor for seamless multitasking.
  - Enhanced security features including biometric authentication.
  - Advanced cooling system for sustained performance.

Whether you are working from home, gaming, or streaming, this device is built to handle it all with ease.

Elevate your daily experience with this premium device.",Electronics,Headphones,Dell,856.72,4.0,Original from products,4.0,4.0,1,1.0,2,2023-01-31,8.0,3.0,0.0,0.0,0.0,0.0,0.0,0.0,12.43,37.5,0.0,0.0,,0.0,0.0
d30b76ee-5a18-4e36-bbb7-84723460be23,Fitness for Professionals,"Fitness for Professionals is a compelling read you won't want to put down.

Key Features:
  - Meticulously researched and expertly presented.
  - Comprehensive coverage of the subject matter.
  - Perfect for book clubs and group discussions.
  - Beautifully written with vivid prose and memorable characters.
  - Includes exclusive content and illustrations.

Whether you are a longtime fan or new to the genre, this book will captivate you from the first page.

Additional Details:
  - Expertly crafted with attention to every detail.
  - Critically acclaimed with outstanding reader reviews.

Order your copy today and start reading.",Books,Educational,Simon & Schuster,17.51,3.0,Original from products,3.0,3.0,1,1.0,1,2023-03-26,6.0,1.0,2.0,0.0,0.0,0.0,0.0,0.0,15.11,16.67,200.0,0.0,0.0,0.0,0.0
75ae0093-17da-4f30-a6f3-047e33a11958,Hugo Boss Casual Menswear,"Designed for those who refuse to compromise on style.

Key Features:
  - Breathable material keeps you comfortable all day.
  - Easy care fabric - machine washable.
  - Reinforced stitching for enhanced durability.
  - Moisture-wicking technology keeps you dry.
  - Premium {material} fabric for lasting comfort.

Crafted with attention to detail, it offers the perfect balance of style and practicality.

A must-have addition to any wardrobe.",Clothing & Accessories,Menswear,Hugo Boss,15.81,,No rating available,,,0,0.0,1,2024-09-23,4.0,3.0,3.0,0.0,0.0,0.0,0.0,0.0,15.96,75.0,100.0,0.0,0.0,0.0,0.0
6afb8b2f-c98c-4818-bdd6-1583d58c83f2,L'Oreal Skincare Cream,"Reveal your natural beauty with the L'Oreal Skincare Cream.

Key Features:
  - Hydrating formula restores natural moisture balance.
  - Rich, luxurious texture that absorbs quickly.
  - Delicate fragrance that lingers throughout the day.
  - Antioxidant-rich formula protects against environmental damage.
  - Suitable for sensitive skin.
  - Formulated with natural ingredients for gentle care.

Additional Details:
  - Ingredients: {ingredient_highlight}
  - Skin type: {skin_type}

Part of our commitment to clean beauty.",Beauty & Personal Care,Skincare,L'Oreal,14.38,,No rating available,,,0,0.0,2,2024-08-12,3.0,2.0,0.0,0.0,0.0,0.0,0.0,0.0,15.92,66.67,0.0,0.0,,0.0,0.0
442ae132-d9b0-4d67-a5d2-7f39c2a118cf,Nike Premium Womenswear,"Make a statement with the Nike Premium Womenswear.

Key Features:
  - Tailored fit that flatters every body type.
  - Reinforced stitching for enhanced durability.
  - Four-way stretch fabric for unrestricted movement.
  - Premium {material} fabric for lasting comfort.
  - Eco-friendly materials sourced sustainably.
  - Breathable material keeps you comfortable all day.

From casual outings to formal occasions, this piece transitions effortlessly across settings.

Join thousands of satisfied customers worldwide.",Clothing & Accessories,Womenswear,Nike,47.5,,No rating available,,,0,0.0,2,2024-05-11,5.0,4.0,1.0,0.0,0.0,0.0,0.0,0.0,20.46,80.0,25.0,0.0,0.0,0.0,0.0
dc0c376a-8c66-43f9-974c-c33e3b11ab14,Wilson Premium Outdoor Recreation,"Conquer any challenge with the Wilson Premium Outdoor Recreation.

Key Features:
  - Lightweight design for effortless portability.
  - Ventilated design for breathability.
  - Adjustable features for customized fit.
  - Reinforced stress points for long-lasting durability.
  - Durable construction withstands the toughest conditions.

Additional Details:
  - Weight: {weight_g}g
  - Material: {material_quality} {material}
  - Capacity: {capacity_l}L

Built to last, backed by our warranty.",Sports & Outdoors,Outdoor Recreation,Wilson,122.98,4.0,Original from products,4.0,4.0,4,4.0,2,2023-04-23,16.0,6.0,6.0,2.0,2.0,2.0,242.9,121.45,18.48,37.5,100.0,33.33,33.33,15.18,40.48
fa0a2095-6ccf-43a6-b338-a1fd78aa14df,Ralph Lauren Air9 Running Shoes,"Make a statement with the Ralph Lauren Air9 Running Shoes.

Key Features:
  - Tailored fit that flatters every body type.
  - Four-way stretch fabric for unrestricted movement.
  - Easy care fabric - machine washable.
  - Classic design that never goes out of style.

Crafted with attention to detail, it offers the perfect balance of style and practicality.

A must-have addition to any wardrobe.",Clothing & Accessories,Footwear,Ralph Lauren,16.91,,No rating available,,,0,0.0,3,2025-11-13,7.0,3.0,1.0,1.0,1.0,1.0,17.33,17.33,20.28,42.86,33.33,33.33,100.0,2.48,5.78
f6f558e2-1730-4da2-abd3-1c5ce8a7d46d,Optimization,"Optimization offers a fresh perspective on an important topic.

Key Features:
  - Award-winning author delivers another masterpiece.
  - Thought-provoking themes that resonate long after reading.
  - Comprehensive coverage of the subject matter.
  - Meticulously researched and expertly presented.
  - Gripping narrative that keeps you turning pages.
  - Perfect for book clubs and group discussions.

Perfect for bedtime reading, book clubs, or casual enjoyment, this book offers something for everyone.

Already a bestseller in multiple countries.",Books,Non-Fiction,Simon & Schuster,13.16,,No rating available,,,0,0.0,1,2024-05-21,0.0,0.0,1.0,0.0,0.0,0.0,0.0,0.0,7.55,,,,0.0,,
2e1a3d22-2a05-4b6e-bfd8-4b5d5dab3009,Michelin Heavy-Duty Car Accessorie,"Protect and enhance your vehicle with the Michelin Heavy-Duty Car Accessorie.

Key Features:
  - Professional-grade formula for superior results.
  - Tested for quality and reliability.
  - Compatible with all major vehicle makes and models.
  - Exceeds OEM specifications for quality and performance.

Additional Details:
  - Temperature range: {temp_range}
  - Volume: {volume_ml}ml

Your vehicle deserves the best care.",Automotive,Car Accessories,Michelin,40.15,4.7,Original from products,4.7,4.666666666666667,15,15.0,10,2024-08-09,1309.0,488.0,298.0,29.0,29.0,33.0,1325.89,40.21310344827587,17.84,37.28,61.07,5.94,9.73,1.01,2.72
b2ff5734-4798-4b88-bf43-8d5e76d558fe,KitchenAid Premium Linen Bedding,"Elevate your everyday living with the KitchenAid Premium Linen Bedding.

Key Features:
  - Ergonomic design for comfortable use.
  - Easy to clean and maintain for everyday use.
  - Stackable design for efficient storage.
  - Temperature resistant up to {temp_c} degrees.
  - Crafted from premium {material} for lasting quality.
  - Versatile design complements any decor style.

Whether you are redecorating or just looking for that perfect finishing touch, this piece fits beautifully.

The perfect addition to any modern home.",Home & Kitchen,Bedding,KitchenAid,78.94,,No rating available,,,0,0.0,20,2024-05-18,9.0,2.0,2.0,1.0,1.0,2.0,156.14,78.07,13.24,22.22,100.0,50.0,50.0,17.35,78.07
feca807a-3edb-4df5-b55e-24a9969a570a,Coca-Cola Snack Family Size,"Elevate your culinary creations with Coca-Cola Snack Family Size.

Key Features:
  - Rich, authentic flavor profile.
  - Premium quality guaranteed by our master artisans.
  - Sourced from the finest origins around the world.
  - Freshness sealed for optimal taste.

Perfect for sharing with loved ones.",Grocery & Gourmet,Snacks,Coca-Cola,6.74,,No rating available,,,0,0.0,1,2024-09-12,21.0,7.0,6.0,1.0,1.0,1.0,6.58,6.58,19.51,33.33,85.71,14.29,16.67,0.31,0.94
45fb1434-c81c-4fb4-92d2-8c8b5976404d,Fellowes Supplie Multipack,"Stay organized and productive with the Fellowes Supplie Multipack.

Key Features:
  - Easy setup with no assembly required.
  - Compatible with standard office supplies and accessories.
  - Smooth, quiet operation for focused work.
  - Ergonomic design reduces strain during extended use.
  - Space-saving profile fits any desk setup.
  - Adjustable settings for personalized comfort.

Additional Details:
  - Dimensions: {dim_cm} cm
  - Weight: {weight_g}g

Designed for the way you work.",Office Products,Supplies,Fellowes,7.83,2.0,Original from products,2.0,2.0,1,1.0,2,2025-03-19,1.0,1.0,0.0,0.0,0.0,0.0,0.0,0.0,3.98,100.0,0.0,0.0,,0.0,0.0
0857a785-124c-4ae7-955f-8263d5a38c0b,Nestle Organic Organic Food Variety,"Savor the rich flavors of the Nestle Organic Organic Food Variety.

Key Features:
  - Perfect for gifting or everyday indulgence.
  - Expertly crafted using traditional methods.
  - Versatile ingredient for countless recipes.
  - Rich, authentic flavor profile.
  - Sourced from the finest origins around the world.

Quality you can taste.",Grocery & Gourmet,Organic Foods,Nestle,10.91,4.5,Original from products,4.5,4.5,2,2.0,35,2025-08-10,77.0,36.0,19.0,4.0,4.0,6.0,63.21,10.6025,15.36,46.75,52.78,11.11,21.05,0.82,1.76
48069b4f-f571-45ef-abd7-03c372cf64d6,Sony Max Noise-Canceling Headphones,"The Sony Max Noise-Canceling Headphones delivers exceptional performance for all your needs.

Key Features:
  - Sleek, lightweight design for maximum portability.
  - Enhanced security features including biometric authentication.
  - Equipped with the latest processor for seamless multitasking.
  - Supports high-resolution audio for immersive sound.
  - Premium build quality with aerospace-grade materials.

Designed with the modern user in mind, it combines powerful performance with an intuitive interface.

Additional Details:
  - Long battery life for all-day usage.
  - High-resolution display with vivid color reproduction.

Order today and experience the difference.",Electronics,Headphones,Sony,329.64,,No rating available,,,0,0.0,1,2024-11-16,0.0,1.0,0.0,0.0,0.0,0.0,0.0,0.0,2.71,,0.0,0.0,,,0.0
040e5fe9-66c4-441e-bc3c-5d48d4a5500f,LEGO Air Jack Figure,"Bring joy to playtime with the LEGO Air Jack Figure.

Key Features:
  - Includes everything needed for immediate play.
  - Develops fine motor skills and hand-eye coordination.
  - Suitable for solo play or group activities.
  - Award-winning design loved by kids and parents.
  - Encourages creative thinking and problem-solving skills.
  - STEM-focused learning through play.

Winner of multiple toy awards.",Toys & Games,Action Figures,LEGO,23.79,3.0,Original from products,3.0,3.0,1,1.0,1,2023-07-26,4.0,1.0,4.0,0.0,0.0,0.0,0.0,0.0,17.81,25.0,400.0,0.0,0.0,0.0,0.0
f45a3601-c866-4fd5-b1c4-dbef16bcdf27,Samsung Edge8 Ultra,"Experience cutting-edge technology with the Samsung Edge8 Ultra.

Key Features:
  - Equipped with the latest processor for seamless multitasking.
  - Advanced cooling system for sustained performance.
  - Features a high-resolution display with vivid color accuracy.
  - Sleek, lightweight design for maximum portability.
  - Supports high-resolution audio for immersive sound.
  - Premium build quality with aerospace-grade materials.

Whether you are working from home, gaming, or streaming, this device is built to handle it all with ease.

Perfect for professionals and enthusiasts alike.",Electronics,Smartphones,Samsung,199.2,,No rating available,,,0,0.0,1,2025-12-26,28.0,8.0,5.0,1.0,1.0,1.0,199.67,199.67,13.26,28.57,62.5,12.5,20.0,7.13,24.96
6411e0b8-d915-4f88-83c3-b81148416eea,Cuisinart Furniture Set,"The Cuisinart Furniture Set brings both style and function to your space.

Key Features:
  - Built to withstand daily use with durable construction.
  - Ergonomic design for comfortable use.
  - Dishwasher safe for effortless cleaning.
  - Elegant finish adds a touch of sophistication.
  - Stackable design for efficient storage.
  - Crafted from premium {material} for lasting quality.

Whether you are redecorating or just looking for that perfect finishing touch, this piece fits beautifully.

Designed for real life, built to last.",Home & Kitchen,Furniture,Cuisinart,33.06,3.8,Original from products,3.8,3.75,4,4.0,4,2023-12-21,94.0,26.0,20.0,4.0,4.0,5.0,165.32,32.875,22.29,27.66,76.92,15.38,20.0,1.76,6.36
1a7f09df-9147-4491-b02d-38b5e614b165,General Mills Premium Beverage,"Elevate your culinary creations with General Mills Premium Beverage.

Key Features:
  - Freshness sealed for optimal taste.
  - Premium quality guaranteed by our master artisans.
  - Sourced from the finest origins around the world.
  - No artificial preservatives or additives.

Additional Details:
  - Storage: {storage_type}
  - Country of origin: {origin_country}
  - Shelf life: {shelf_life}m

A taste worth savoring.",Grocery & Gourmet,Beverages,General Mills,5.24,,No rating available,,,0,0.0,1,2023-01-21,22.0,9.0,4.0,0.0,0.0,0.0,0.0,0.0,17.24,40.91,44.44,0.0,0.0,0.0,0.0
137ff7ca-7992-4c71-a79c-3afd67722810,REI Outdoor Recreation Set,"The REI Outdoor Recreation Set is built for those who push their limits.

Key Features:
  - Ergonomic design reduces fatigue during extended use.
  - Durable construction withstands the toughest conditions.
  - Quick-setup system saves time and hassle.
  - Adjustable features for customized fit.
  - Weather-resistant materials keep you protected.
  - Lightweight design for effortless portability.

Ready for wherever your journey takes you.",Sports & Outdoors,Outdoor Recreation,REI,101.82,,No rating available,,,0,0.0,2,2023-02-18,9.0,7.0,1.0,0.0,0.0,0.0,0.0,0.0,27.77,77.78,14.29,0.0,0.0,0.0,0.0
dafd112c-f226-40f8-a298-ed495d08874f,The innovative element,"Discover the story behind The innovative element.

Key Features:
  - Features a foreword by a leading expert in the field.
  - Beautifully written with vivid prose and memorable characters.
  - Perfect for book clubs and group discussions.
  - Award-winning author delivers another masterpiece.

Whether you are a longtime fan or new to the genre, this book will captivate you from the first page.

Already a bestseller in multiple countries.",Books,Fiction,Penguin Books,16.99,,No rating available,,,0,0.0,13,2025-08-23,3.0,2.0,2.0,0.0,0.0,0.0,0.0,0.0,9.32,66.67,100.0,0.0,0.0,0.0,0.0
180991ca-3320-4a30-9e42-77835e653a49,KitchenAid Ultra-Soft Bedding,"Elevate your everyday living with the KitchenAid Ultra-Soft Bedding.

Key Features:
  - Space-saving design fits perfectly in any room.
  - Stackable design for efficient storage.
  - Elegant finish adds a touch of sophistication.
  - Built to withstand daily use with durable construction.
  - Dishwasher safe for effortless cleaning.

Designed to enhance your living space while providing practical everyday functionality.

The perfect addition to any modern home.",Home & Kitchen,Bedding,KitchenAid,61.89,,No rating available,,,0,0.0,1,2024-04-27,7.0,3.0,1.0,0.0,0.0,0.0,0.0,0.0,16.86,42.86,33.33,0.0,0.0,0.0,0.0
86f1ab32-6529-41f6-a074-2c337c212318,LEGO Ember STEM Kit,"The LEGO Ember STEM Kit offers hours of engaging entertainment.

Key Features:
  - Develops fine motor skills and hand-eye coordination.
  - Expandable with additional sets and accessories.
  - Easy to learn, with endless replay value.
  - Encourages creative thinking and problem-solving skills.
  - Suitable for solo play or group activities.
  - Safe, non-toxic materials certified for children.

Additional Details:
  - Players: {player_count}
  - Batteries: {battery_req}

Where learning meets play.",Toys & Games,Educational Toys,LEGO,61.57,,No rating available,,,0,0.0,1,2023-01-29,10.0,6.0,5.0,1.0,1.0,2.0,126.3,63.15,12.53,60.0,83.33,16.67,20.0,12.63,21.05
612e87ac-7292-47de-b390-a320e94135b5,L'Oreal Skincare Serum,"Nourish and pamper yourself with the L'Oreal Skincare Serum.

Key Features:
  - Clinically proven results with regular use.
  - Suitable for sensitive skin.
  - Formulated with natural ingredients for gentle care.
  - Delicate fragrance that lingers throughout the day.
  - Cruelty-free and never tested on animals.
  - Dermatologist-tested and suitable for all skin types.

Additional Details:
  - Volume: {volume_ml}ml
  - Shelf life: {shelf_life}m

Your skin deserves the best.",Beauty & Personal Care,Skincare,L'Oreal,12.32,,No rating available,,,0,0.0,10,2025-10-08,18.0,14.0,5.0,1.0,1.0,1.0,11.74,11.74,17.67,77.78,35.71,7.14,20.0,0.65,0.84
de45718a-0d23-4cd4-b718-8020d46bd4f9,KitchenAid Denim Furniture,"Transform your home with the KitchenAid Denim Furniture.

Key Features:
  - Crafted from premium {material} for lasting quality.
  - Space-saving design fits perfectly in any room.
  - Built to withstand daily use with durable construction.
  - Ergonomic design for comfortable use.

Designed to enhance your living space while providing practical everyday functionality.

Additional Details:
  - Premium materials for lasting quality.
  - Available in a variety of finishes.
  - Easy to clean and maintain.

Make every day extraordinary.",Home & Kitchen,Furniture,KitchenAid,31.43,,No rating available,,,0,0.0,1,2024-01-15,5.0,3.0,1.0,0.0,0.0,0.0,0.0,0.0,11.81,60.0,33.33,0.0,0.0,0.0,0.0
0b0a7e9e-8f72-47d7-b78d-a95c7a8181f1,Nestle Organic Beverage,"Savor the rich flavors of the Nestle Organic Beverage.

Key Features:
  - Premium quality guaranteed by our master artisans.
  - Versatile ingredient for countless recipes.
  - Hand-selected for superior quality.
  - Sourced from the finest origins around the world.
  - No artificial preservatives or additives.

Additional Details:
  - Storage: {storage_type}
  - Shelf life: {shelf_life}m

From our family to yours.",Grocery & Gourmet,Beverages,Nestle,8.66,2.0,Original from products,2.0,2.0,1,1.0,2,2026-05-04,7.0,5.0,1.0,1.0,1.0,4.0,33.0,8.25,15.81,71.43,20.0,20.0,100.0,4.71,6.6
854f59a0-38d4-4e20-b346-43eca5ccb8cb,Nike Classic Accessorie,"Elevate your wardrobe with the Nike Classic Accessorie.

Key Features:
  - Eco-friendly materials sourced sustainably.
  - Four-way stretch fabric for unrestricted movement.
  - Reinforced stitching for enhanced durability.
  - Moisture-wicking technology keeps you dry.
  - Classic design that never goes out of style.
  - Breathable material keeps you comfortable all day.

From casual outings to formal occasions, this piece transitions effortlessly across settings.

Experience the perfect blend of style and comfort.",Clothing & Accessories,Accessories,Nike,24.95,4.2,Original from products,4.2,4.2,15,15.0,1,2026-01-01,642.0,266.0,127.0,23.0,23.0,33.0,815.74,24.751739130434782,17.84,41.43,47.74,8.65,18.11,1.27,3.07
7efed94c-fc66-418b-89ea-5763fe86228b,Apple Ultra Over-Ear Headphones,"The Apple Ultra Over-Ear Headphones delivers exceptional performance for all your needs.

Key Features:
  - Advanced connectivity options including WiFi 6 and Bluetooth 5.3.
  - Enhanced security features including biometric authentication.
  - Supports high-resolution audio for immersive sound.
  - Premium build quality with aerospace-grade materials.

Designed with the modern user in mind, it combines powerful performance with an intuitive interface.

Backed by a comprehensive warranty and dedicated support.",Electronics,Headphones,Apple,259.52,5.0,Original from products,5.0,5.0,1,1.0,5,2023-03-02,129.0,55.0,19.0,3.0,3.0,3.0,777.1800000000001,259.06,17.9,42.64,34.55,5.45,15.79,6.02,14.13
7ec422f7-73b9-4fe6-b2a2-2d379322c8f8,Wilson Performance Cycling,"The Wilson Performance Cycling is built for those who push their limits.

Key Features:
  - Ergonomic design reduces fatigue during extended use.
  - Reflective elements enhance visibility in low light.
  - Weather-resistant materials keep you protected.
  - Adjustable features for customized fit.
  - Quick-setup system saves time and hassle.

Built to last, backed by our warranty.",Sports & Outdoors,Cycling,Wilson,49.15,,No rating available,,,0,0.0,13,2025-05-10,10.0,5.0,3.0,1.0,1.0,1.0,49.32,49.32,13.52,50.0,60.0,20.0,33.33,4.93,9.86
b4301d70-ca48-40b4-bd1f-a4c3acd9a17b,Pilot Organization Set,"Stay organized and productive with the Pilot Organization Set.

Key Features:
  - Streamlines your workflow for maximum efficiency.
  - Compatible with standard office supplies and accessories.
  - Smooth, quiet operation for focused work.
  - Built to withstand daily use in demanding environments.
  - Adjustable settings for personalized comfort.

Backed by our quality guarantee.",Office Products,Organization,Pilot,11.03,5.0,Original from products,5.0,5.0,1,1.0,1,2025-01-22,2.0,0.0,2.0,0.0,0.0,0.0,0.0,0.0,16.02,0.0,,,0.0,0.0,
087de774-1be2-4674-a707-d0dc1346e762,Nike Accessorie Set,"Make a statement with the Nike Accessorie Set.

Key Features:
  - Tailored fit that flatters every body type.
  - Four-way stretch fabric for unrestricted movement.
  - Versatile design transitions seamlessly from day to night.
  - Classic design that never goes out of style.
  - Premium {material} fabric for lasting comfort.
  - Easy care fabric - machine washable.

Crafted with attention to detail, it offers the perfect balance of style and practicality.

A must-have addition to any wardrobe.",Clothing & Accessories,Accessories,Nike,36.41,,No rating available,,,0,0.0,7,2023-08-03,12.0,9.0,1.0,0.0,0.0,0.0,0.0,0.0,12.55,75.0,11.11,0.0,0.0,0.0,0.0
b90ba947-06c1-415c-96d6-e331d9ca3964,Adidas Galaxy7 Messenger Bag,"Designed for those who refuse to compromise on style.

Key Features:
  - Classic design that never goes out of style.
  - Breathable material keeps you comfortable all day.
  - Moisture-wicking technology keeps you dry.
  - Easy care fabric - machine washable.
  - Reinforced stitching for enhanced durability.

From casual outings to formal occasions, this piece transitions effortlessly across settings.

Available in multiple colors to suit your style.",Clothing & Accessories,Bags,Adidas,38.77,,No rating available,,,0,0.0,2,2024-03-03,22.0,2.0,4.0,0.0,0.0,0.0,0.0,0.0,27.34,9.09,200.0,0.0,0.0,0.0,0.0
9d3e341d-6a11-4a16-9f3f-4eb9edd9d213,Bose Series13 Fitness Tracker,"The Bose Series13 Fitness Tracker delivers exceptional performance for all your needs.

Key Features:
  - Features a high-resolution display with vivid color accuracy.
  - Premium build quality with aerospace-grade materials.
  - Long-lasting battery designed for all-day productivity.
  - Advanced connectivity options including WiFi 6 and Bluetooth 5.3.

Whether you are working from home, gaming, or streaming, this device is built to handle it all with ease.

Order today and experience the difference.",Electronics,Wearables,Bose,288.56,,No rating available,,,0,0.0,1,2024-09-04,5.0,2.0,0.0,0.0,0.0,0.0,0.0,0.0,22.48,40.0,0.0,0.0,,0.0,0.0
6de47591-d28c-45c7-8b9f-77b946d53172,The Modern Orbit Remastered,"Unleash endless fun with the The Modern Orbit Remastered.

Key Features:
  - Award-winning design loved by kids and parents.
  - Includes everything needed for immediate play.
  - Easy to learn, with endless replay value.
  - Safe, non-toxic materials certified for children.
  - Develops fine motor skills and hand-eye coordination.

Where learning meets play.",Toys & Games,Video Games,Mattel,31.65,4.0,Original from products,4.0,4.0,3,3.0,1,2023-07-02,63.0,29.0,8.0,3.0,3.0,4.0,129.36,32.413333333333334,20.6,46.03,27.59,10.34,37.5,2.05,4.46
7cdf9131-b156-41ee-901a-cdd51984ba9c,Nike Amethyst Jewelry,"Designed for those who refuse to compromise on style.

Key Features:
  - Reinforced stitching for enhanced durability.
  - Premium {material} fabric for lasting comfort.
  - Versatile design transitions seamlessly from day to night.
  - Eco-friendly materials sourced sustainably.

From casual outings to formal occasions, this piece transitions effortlessly across settings.

Experience the perfect blend of style and comfort.",Clothing & Accessories,Jewelry,Nike,46.16,2.5,Original from products,2.5,2.5,2,2.0,1,2025-06-19,19.0,7.0,11.0,1.0,1.0,2.0,90.92,45.46,18.1,36.84,157.14,14.29,9.09,4.79,12.99
b5013616-0d4b-4109-a242-b2501f735328,Pinnacle and the premium pinnacle,"Pinnacle and the premium pinnacle is a compelling read you won't want to put down.

Key Features:
  - Award-winning author delivers another masterpiece.
  - Features a foreword by a leading expert in the field.
  - Meticulously researched and expertly presented.
  - Gripping narrative that keeps you turning pages.
  - Beautifully written with vivid prose and memorable characters.
  - Thought-provoking themes that resonate long after reading.

Perfect for bedtime reading, book clubs, or casual enjoyment, this book offers something for everyone.

Additional Details:
  - A substantial read that delivers incredible value.
  - Available in multiple formats for your reading preference.

Order your copy today and start reading.",Books,Children's Books,Penguin Books,16.43,,No rating available,,,0,0.0,1,2023-12-12,6.0,5.0,0.0,0.0,0.0,0.0,0.0,0.0,18.68,83.33,0.0,0.0,,0.0,0.0
f65940dc-1f9b-4034-9ace-5b480ad6c9f9,3M Printer Pro,"Stay organized and productive with the 3M Printer Pro.

Key Features:
  - Adjustable settings for personalized comfort.
  - Ergonomic design reduces strain during extended use.
  - Built to withstand daily use in demanding environments.
  - Compatible with standard office supplies and accessories.
  - Easy setup with no assembly required.
  - Eco-friendly materials and packaging.

Make every day more productive.",Office Products,Printers,3M,17.86,,No rating available,,,0,0.0,2,2026-03-14,7.0,4.0,0.0,0.0,0.0,0.0,0.0,0.0,21.84,57.14,0.0,0.0,,0.0,0.0
1e7c79d1-0a00-4d37-b3e1-2f6262900884,Samsung Accessorie Stand,"Upgrade your setup with the powerful Samsung Accessorie Stand.

Key Features:
  - Intuitive user interface with customizable settings.
  - Sleek, lightweight design for maximum portability.
  - Advanced cooling system for sustained performance.
  - Enhanced security features including biometric authentication.
  - Features a high-resolution display with vivid color accuracy.
  - Long-lasting battery designed for all-day productivity.

Designed with the modern user in mind, it combines powerful performance with an intuitive interface.

Additional Details:
  - Slim and portable form factor for easy travel.
  - High-resolution display with vivid color reproduction.

Perfect for professionals and enthusiasts alike.",Electronics,Accessories,Samsung,90.86,3.0,Original from products,3.0,3.0,1,1.0,2,2025-09-26,10.0,4.0,1.0,0.0,0.0,0.0,0.0,0.0,18.37,40.0,25.0,0.0,0.0,0.0,0.0
4b9e0daa-984a-49ef-9b19-02df804d29fa,Advanced Machine Learning,"Advanced Machine Learning is a compelling read you won't want to put down.

Key Features:
  - Includes discussion questions for book clubs.
  - Includes exclusive content and illustrations.
  - Beautifully written with vivid prose and memorable characters.
  - Meticulously researched and expertly presented.
  - Comprehensive coverage of the subject matter.
  - Perfect for book clubs and group discussions.

Perfect for bedtime reading, book clubs, or casual enjoyment, this book offers something for everyone.

A must-read for fans of the genre.",Books,Educational,Penguin Books,16.18,,No rating available,,,0,0.0,1,2025-03-01,10.0,4.0,0.0,0.0,0.0,0.0,0.0,0.0,19.25,40.0,0.0,0.0,,0.0,0.0
61bc670a-141e-423c-a0d9-209051f9920c,The dynamic Artificial Intelligence Handbook,"Discover the story behind The dynamic Artificial Intelligence Handbook.

Key Features:
  - Beautifully written with vivid prose and memorable characters.
  - Thought-provoking themes that resonate long after reading.
  - Features a foreword by a leading expert in the field.
  - Comprehensive coverage of the subject matter.
  - Perfect for book clubs and group discussions.

Whether you are a longtime fan or new to the genre, this book will captivate you from the first page.

Additional Details:
  - Available in multiple formats for your reading preference.
  - Critically acclaimed with outstanding reader reviews.
  - A substantial read that delivers incredible value.

Critically acclaimed and reader-approved.",Books,Educational,Penguin Books,11.85,,No rating available,,,0,0.0,1,2023-05-30,0.0,2.0,0.0,0.0,0.0,0.0,0.0,0.0,3.41,,0.0,0.0,,,0.0
27a9f75a-1f73-4227-b0d7-d3ee904b3610,Mattel Cybersecurity 3000pc Puzzle,"The Mattel Cybersecurity 3000pc Puzzle sparks creativity and imagination.

Key Features:
  - Expandable with additional sets and accessories.
  - Includes everything needed for immediate play.
  - Suitable for solo play or group activities.
  - Develops fine motor skills and hand-eye coordination.

Additional Details:
  - Box dimensions: {dim_cm} cm
  - Batteries: {battery_req}
  - Recommended age: {age_range}+

Trusted by parents and loved by children.",Toys & Games,Puzzles,Mattel,68.91,,No rating available,,,0,0.0,1,2023-01-31,4.0,2.0,0.0,0.0,0.0,0.0,0.0,0.0,15.31,50.0,0.0,0.0,,0.0,0.0
38d3fd25-8aa9-4331-9842-0a26eac88d91,KitchenAid Smart Appliance,"Elevate your everyday living with the KitchenAid Smart Appliance.

Key Features:
  - Easy to clean and maintain for everyday use.
  - Temperature resistant up to {temp_c} degrees.
  - Stackable design for efficient storage.
  - Ergonomic design for comfortable use.

Whether you are redecorating or just looking for that perfect finishing touch, this piece fits beautifully.

Additional Details:
  - Premium materials for lasting quality.
  - Available in a variety of finishes.

Designed for real life, built to last.",Home & Kitchen,Appliances,KitchenAid,107.67,4.0,Original from products,4.0,4.0,2,2.0,1,2023-07-01,35.0,18.0,13.0,3.0,3.0,4.0,423.39,106.3,16.18,51.43,72.22,16.67,23.08,12.1,23.52
23e2455d-8b3e-46e9-90f8-c442402d8789,Cuisinart Modern Home Decor,"Elevate your everyday living with the Cuisinart Modern Home Decor.

Key Features:
  - Crafted from premium {material} for lasting quality.
  - Temperature resistant up to {temp_c} degrees.
  - Built to withstand daily use with durable construction.
  - Dishwasher safe for effortless cleaning.

Whether you are redecorating or just looking for that perfect finishing touch, this piece fits beautifully.

Designed for real life, built to last.",Home & Kitchen,Home Decor,Cuisinart,67.9,,No rating available,,,0,0.0,4,2024-09-15,17.0,5.0,2.0,0.0,0.0,0.0,0.0,0.0,22.71,29.41,40.0,0.0,0.0,0.0,0.0
42a3fba8-01da-40a0-a1be-dfcb7b92ad33,Apple Classic Hybrid Smartwatch,"Experience cutting-edge technology with the Apple Classic Hybrid Smartwatch.

Key Features:
  - Supports high-resolution audio for immersive sound.
  - Enhanced security features including biometric authentication.
  - Advanced connectivity options including WiFi 6 and Bluetooth 5.3.
  - Equipped with the latest processor for seamless multitasking.
  - Intuitive user interface with customizable settings.
  - Advanced cooling system for sustained performance.

Designed with the modern user in mind, it combines powerful performance with an intuitive interface.

Perfect for professionals and enthusiasts alike.",Electronics,Wearables,Apple,195.5,,No rating available,,,0,0.0,4,2025-09-01,14.0,3.0,4.0,0.0,0.0,0.0,0.0,0.0,21.76,21.43,133.33,0.0,0.0,0.0,0.0
38a5e881-540c-43cc-9ea2-eedcf569279e,L'Oreal Drift Perfume Spray,"Nourish and pamper yourself with the L'Oreal Drift Perfume Spray.

Key Features:
  - Hydrating formula restores natural moisture balance.
  - Dermatologist-tested and suitable for all skin types.
  - Free from parabens, sulfates, and phthalates.
  - Cruelty-free and never tested on animals.

Additional Details:
  - Shelf life: {shelf_life}m
  - Volume: {volume_ml}ml

See the difference with every use.",Beauty & Personal Care,Fragrance,L'Oreal,20.96,4.0,Original from products,4.0,4.0,2,2.0,1,2023-07-10,20.0,9.0,8.0,3.0,3.0,6.0,128.21,21.066666666666666,18.71,45.0,88.89,33.33,37.5,6.41,14.25
9a59e2a6-3c12-48dd-8b90-f79fc161e7f2,Dove Bath & Body Wash,"Nourish and pamper yourself with the Dove Bath & Body Wash.

Key Features:
  - Cruelty-free and never tested on animals.
  - Antioxidant-rich formula protects against environmental damage.
  - Dermatologist-tested and suitable for all skin types.
  - Clinically proven results with regular use.

Loved by beauty experts and enthusiasts alike.",Beauty & Personal Care,Bath & Body,Dove,10.99,,No rating available,,,0,0.0,1,2025-06-01,2.0,2.0,1.0,0.0,0.0,0.0,0.0,0.0,9.38,100.0,50.0,0.0,0.0,0.0,0.0
9efca920-7606-4059-8bf7-b71c6e303017,Apple Series17 Ultrabook,"The Apple Series17 Ultrabook delivers exceptional performance for all your needs.

Key Features:
  - Supports high-resolution audio for immersive sound.
  - Long-lasting battery designed for all-day productivity.
  - Premium build quality with aerospace-grade materials.
  - Advanced connectivity options including WiFi 6 and Bluetooth 5.3.
  - Enhanced security features including biometric authentication.

Designed with the modern user in mind, it combines powerful performance with an intuitive interface.

Additional Details:
  - Slim and portable form factor for easy travel.
  - Connectivity: USB-C, HDMI, WiFi 6, Bluetooth.

Order today and experience the difference.",Electronics,Laptops,Apple,128.94,3.0,Original from products,3.0,3.0,1,1.0,1,2023-03-01,20.0,8.0,9.0,3.0,3.0,3.0,396.38,132.12666666666667,20.38,40.0,112.5,37.5,33.33,19.82,49.55
f222d178-ed7a-4639-bb74-3b6885621670,Cuisinart Premium Silk Bedding,"The Cuisinart Premium Silk Bedding brings both style and function to your space.

Key Features:
  - Space-saving design fits perfectly in any room.
  - Crafted from premium {material} for lasting quality.
  - Dishwasher safe for effortless cleaning.
  - Temperature resistant up to {temp_c} degrees.

Whether you are redecorating or just looking for that perfect finishing touch, this piece fits beautifully.

Additional Details:
  - Available in a variety of finishes.
  - Premium materials for lasting quality.
  - Easy to clean and maintain.

The perfect addition to any modern home.",Home & Kitchen,Bedding,Cuisinart,48.07,,No rating available,,,0,0.0,3,2023-11-28,5.0,7.0,0.0,0.0,0.0,0.0,0.0,0.0,11.49,140.0,0.0,0.0,,0.0,0.0
9ad8f49e-aafa-48f2-bb7a-71d99ae9d860,Nestle Organic Organic Food,"Indulge in the exquisite taste of Nestle Organic Organic Food.

Key Features:
  - Expertly crafted using traditional methods.
  - Freshness sealed for optimal taste.
  - Sourced from the finest origins around the world.
  - Perfect for gifting or everyday indulgence.
  - Ethically sourced and sustainably produced.
  - Hand-selected for superior quality.

Additional Details:
  - Net weight: {weight_g}g
  - Shelf life: {shelf_life}m

Perfect for sharing with loved ones.",Grocery & Gourmet,Organic Foods,Nestle,8.97,5.0,Original from products,5.0,5.0,1,1.0,1,2025-01-16,1.0,1.0,1.0,1.0,1.0,4.0,35.52,8.88,6.43,100.0,100.0,100.0,100.0,35.52,35.52
5e875953-b164-41c5-91ad-a71f35ae5c8a,Apple Wireless Accessorie,"Engineered for excellence, the Apple Wireless Accessorie sets a new standard.

Key Features:
  - Intuitive user interface with customizable settings.
  - Advanced cooling system for sustained performance.
  - Sleek, lightweight design for maximum portability.
  - Features a high-resolution display with vivid color accuracy.

Designed with the modern user in mind, it combines powerful performance with an intuitive interface.

Additional Details:
  - Long battery life for all-day usage.
  - Connectivity: USB-C, HDMI, WiFi 6, Bluetooth.
  - High-resolution display with vivid color reproduction.

Order today and experience the difference.",Electronics,Accessories,Apple,208.37,,No rating available,,,0,0.0,1,2025-10-29,4.0,0.0,0.0,0.0,0.0,0.0,0.0,0.0,35.31,0.0,,,,0.0,
22ce4a6c-3a8e-4c2e-a596-cf9d97a11b52,Puma Classic Duffel Bag,"Elevate your wardrobe with the Puma Classic Duffel Bag.

Key Features:
  - Reinforced stitching for enhanced durability.
  - Premium {material} fabric for lasting comfort.
  - Four-way stretch fabric for unrestricted movement.
  - Eco-friendly materials sourced sustainably.

Crafted with attention to detail, it offers the perfect balance of style and practicality.

Additional Details:
  - Designed for comfort with a tailored silhouette.
  - Easy care: machine washable for convenience.

Experience the perfect blend of style and comfort.",Clothing & Accessories,Bags,Puma,60.83,4.0,Original from products,4.0,4.0,1,1.0,4,2025-08-26,10.0,3.0,0.0,0.0,0.0,0.0,0.0,0.0,19.27,30.0,0.0,0.0,,0.0,0.0
1e66832f-5895-47a7-9f3f-982cbd1e40ac,Architecture for Professionals,"Dive into the captivating world of Architecture for Professionals.

Key Features:
  - Gripping narrative that keeps you turning pages.
  - Includes discussion questions for book clubs.
  - Includes exclusive content and illustrations.
  - Beautifully written with vivid prose and memorable characters.
  - Comprehensive coverage of the subject matter.
  - Award-winning author delivers another masterpiece.

Perfect for bedtime reading, book clubs, or casual enjoyment, this book offers something for everyone.

Order your copy today and start reading.",Books,Educational,Penguin Books,9.9,,No rating available,,,0,0.0,9,2024-10-26,0.0,0.0,0.0,0.0,0.0,0.0,0.0,0.0,0.0,,,,,,
9bfc7e29-2e6a-4c6f-82a0-d8cea984883a,Nike Elite Sandals,"Elevate your wardrobe with the Nike Elite Sandals.

Key Features:
  - Eco-friendly materials sourced sustainably.
  - Breathable material keeps you comfortable all day.
  - Versatile design transitions seamlessly from day to night.
  - Tailored fit that flatters every body type.
  - Moisture-wicking technology keeps you dry.
  - Reinforced stitching for enhanced durability.

From casual outings to formal occasions, this piece transitions effortlessly across settings.

Additional Details:
  - Available in multiple sizes for the perfect fit.
  - Easy care: machine washable for convenience.
  - Premium fabric construction for lasting wear.

A must-have addition to any wardrobe.",Clothing & Accessories,Footwear,Nike,23.23,,No rating available,,,0,0.0,2,2023-02-14,4.0,1.0,1.0,0.0,0.0,0.0,0.0,0.0,30.46,25.0,100.0,0.0,0.0,0.0,0.0
224283c4-f8e1-4eb8-8a88-14e77e433b2b,Puma Essential Menswear,"Elevate your wardrobe with the Puma Essential Menswear.

Key Features:
  - Classic design that never goes out of style.
  - Breathable material keeps you comfortable all day.
  - Easy care fabric - machine washable.
  - Premium {material} fabric for lasting comfort.

Crafted with attention to detail, it offers the perfect balance of style and practicality.

Additional Details:
  - Premium fabric construction for lasting wear.
  - Easy care: machine washable for convenience.
  - Designed for comfort with a tailored silhouette.

Join thousands of satisfied customers worldwide.",Clothing & Accessories,Menswear,Puma,83.58,,No rating available,,,0,0.0,7,2024-01-01,13.0,5.0,2.0,0.0,0.0,0.0,0.0,0.0,18.74,38.46,40.0,0.0,0.0,0.0,0.0
0bdf11b7-bd95-49ef-ab31-55c3ee721a30,Pyrex Smart Lighting,"Designed to make your home more beautiful and functional.

Key Features:
  - Dishwasher safe for effortless cleaning.
  - Built to withstand daily use with durable construction.
  - Ergonomic design for comfortable use.
  - Stackable design for efficient storage.
  - Space-saving design fits perfectly in any room.

Whether you are redecorating or just looking for that perfect finishing touch, this piece fits beautifully.

Designed for real life, built to last.",Home & Kitchen,Lighting,Pyrex,74.28,,No rating available,,,0,0.0,1,2025-09-04,3.0,2.0,0.0,0.0,0.0,0.0,0.0,0.0,23.42,66.67,0.0,0.0,,0.0,0.0
352979d2-b0d2-481b-937f-be96fed6657f,Zara Casual Womenswear,"Designed for those who refuse to compromise on style.

Key Features:
  - Moisture-wicking technology keeps you dry.
  - Easy care fabric - machine washable.
  - Versatile design transitions seamlessly from day to night.
  - Eco-friendly materials sourced sustainably.
  - Classic design that never goes out of style.
  - Breathable material keeps you comfortable all day.

From casual outings to formal occasions, this piece transitions effortlessly across settings.

A must-have addition to any wardrobe.",Clothing & Accessories,Womenswear,Zara,27.68,,No rating available,,,0,0.0,5,2023-04-12,23.0,11.0,3.0,1.0,1.0,1.0,27.6,27.6,13.92,47.83,27.27,9.09,33.33,1.2,2.51
7dd2f487-d433-4185-99db-0e084dee1882,Learn Programming with Ella,"Discover the story behind Learn Programming with Ella.

Key Features:
  - Comprehensive coverage of the subject matter.
  - Beautifully written with vivid prose and memorable characters.
  - Meticulously researched and expertly presented.
  - Includes discussion questions for book clubs.

Perfect for bedtime reading, book clubs, or casual enjoyment, this book offers something for everyone.

Already a bestseller in multiple countries.",Books,Children's Books,Penguin Books,13.27,,No rating available,,,0,0.0,1,2025-05-30,0.0,0.0,0.0,0.0,0.0,0.0,0.0,0.0,0.0,,,,,,
277bceef-c970-496f-bac5-e3465630acfe,L'Oreal Midnight Perfume Spray,"The L'Oreal Midnight Perfume Spray is your new essential for radiant skin.

Key Features:
  - Cruelty-free and never tested on animals.
  - Delicate fragrance that lingers throughout the day.
  - Hydrating formula restores natural moisture balance.
  - Antioxidant-rich formula protects against environmental damage.

Your skin deserves the best.",Beauty & Personal Care,Fragrance,L'Oreal,20.79,,No rating available,,,0,0.0,2,2025-05-27,10.0,3.0,1.0,0.0,0.0,0.0,0.0,0.0,15.97,30.0,33.33,0.0,0.0,0.0,0.0
6c915719-e0e2-4c7c-a69c-398305b55a7a,The advanced Guide to Yoga,"Dive into the captivating world of The advanced Guide to Yoga.

Key Features:
  - Comprehensive coverage of the subject matter.
  - Gripping narrative that keeps you turning pages.
  - Features a foreword by a leading expert in the field.
  - Perfect for book clubs and group discussions.

Whether you are a longtime fan or new to the genre, this book will captivate you from the first page.

Already a bestseller in multiple countries.",Books,Non-Fiction,Random House,14.22,,No rating available,,,0,0.0,2,2025-07-26,1.0,0.0,0.0,0.0,0.0,0.0,0.0,0.0,8.54,0.0,,,,0.0,
a23bf6eb-55dc-486b-934c-2af91e7e1b11,Apple Z19 Smartphone,"The Apple Z19 Smartphone delivers exceptional performance for all your needs.

Key Features:
  - Enhanced security features including biometric authentication.
  - Equipped with the latest processor for seamless multitasking.
  - Features a high-resolution display with vivid color accuracy.
  - Supports high-resolution audio for immersive sound.

Whether you are working from home, gaming, or streaming, this device is built to handle it all with ease.

Additional Details:
  - Slim and portable form factor for easy travel.
  - Long battery life for all-day usage.
  - High-resolution display with vivid color reproduction.

Elevate your daily experience with this premium device.",Electronics,Smartphones,Apple,208.83,4.0,Original from products,4.0,4.0,3,3.0,1,2023-09-28,56.0,13.0,11.0,4.0,4.0,5.0,1059.09,211.4675,17.03,23.21,84.62,30.77,36.36,18.91,81.47
ae3fe3bb-7a01-4c97-9e6a-943d8e185c3a,LEGO Elysium - Anniversary Edition,"Unleash endless fun with the LEGO Elysium - Anniversary Edition.

Key Features:
  - Develops fine motor skills and hand-eye coordination.
  - Durable design withstands active play.
  - Suitable for solo play or group activities.
  - STEM-focused learning through play.
  - Safe, non-toxic materials certified for children.
  - Encourages creative thinking and problem-solving skills.

Where learning meets play.",Toys & Games,Board Games,LEGO,114.42,5.0,Original from products,5.0,5.0,1,1.0,4,2023-11-02,25.0,10.0,9.0,1.0,1.0,1.0,112.52,112.52,17.07,40.0,90.0,10.0,11.11,4.5,11.25
70f73cb8-9557-4aa3-96a2-759cf86b030d,"Dell Studio 15.6"" Display Tablet","Experience cutting-edge technology with the Dell Studio 15.6"" Display Tablet.

Key Features:
  - Intuitive user interface with customizable settings.
  - Advanced cooling system for sustained performance.
  - Long-lasting battery designed for all-day productivity.
  - Supports high-resolution audio for immersive sound.
  - Sleek, lightweight design for maximum portability.

Designed with the modern user in mind, it combines powerful performance with an intuitive interface.

Additional Details:
  - High-resolution display with vivid color reproduction.
  - Slim and portable form factor for easy travel.

Perfect for professionals and enthusiasts alike.",Electronics,Tablets,Dell,171.31,5.0,Original from products,5.0,5.0,3,3.0,1,2023-09-05,25.0,5.0,7.0,2.0,2.0,2.0,348.94,174.47,17.93,20.0,140.0,40.0,28.57,13.96,69.79
f1dc0e99-602f-4cfb-bf4a-6f0484b71078,"L'Oreal Haircare - 14""","Transform your daily routine with the L'Oreal Haircare - 14"".

Key Features:
  - Hydrating formula restores natural moisture balance.
  - Formulated with natural ingredients for gentle care.
  - Delicate fragrance that lingers throughout the day.
  - Cruelty-free and never tested on animals.

See the difference with every use.",Beauty & Personal Care,Haircare,L'Oreal,31.67,,No rating available,,,0,0.0,1,2024-05-05,15.0,11.0,5.0,0.0,0.0,0.0,0.0,0.0,13.36,73.33,45.45,0.0,0.0,0.0,0.0
a0878f7e-91c2-41e5-9897-68488660be79,KitchenAid Premium Furniture,"Designed to make your home more beautiful and functional.

Key Features:
  - Temperature resistant up to {temp_c} degrees.
  - Versatile design complements any decor style.
  - Space-saving design fits perfectly in any room.
  - Built to withstand daily use with durable construction.
  - Stackable design for efficient storage.
  - Ergonomic design for comfortable use.

Whether you are redecorating or just looking for that perfect finishing touch, this piece fits beautifully.

Backed by our satisfaction guarantee.",Home & Kitchen,Furniture,KitchenAid,15.04,,No rating available,,,0,0.0,1,2024-10-15,3.0,3.0,1.0,0.0,0.0,0.0,0.0,0.0,15.63,100.0,33.33,0.0,0.0,0.0,0.0
13e599b7-2cd7-410f-a630-14cd42967cd2,L'Oreal Midnight Eau de Toilette,"The L'Oreal Midnight Eau de Toilette is your new essential for radiant skin.

Key Features:
  - Antioxidant-rich formula protects against environmental damage.
  - Delicate fragrance that lingers throughout the day.
  - Hydrating formula restores natural moisture balance.
  - Free from parabens, sulfates, and phthalates.
  - Cruelty-free and never tested on animals.
  - Dermatologist-tested and suitable for all skin types.

See the difference with every use.",Beauty & Personal Care,Fragrance,L'Oreal,16.85,,No rating available,,,0,0.0,40,2023-05-30,13.0,3.0,1.0,0.0,0.0,0.0,0.0,0.0,18.73,23.08,33.33,0.0,0.0,0.0,0.0
0cc93ab8-705e-4fa5-836f-63bfd83a21c8,Nike Womenswear Dress,"Make a statement with the Nike Womenswear Dress.

Key Features:
  - Easy care fabric - machine washable.
  - Four-way stretch fabric for unrestricted movement.
  - Eco-friendly materials sourced sustainably.
  - Versatile design transitions seamlessly from day to night.

From casual outings to formal occasions, this piece transitions effortlessly across settings.

Experience the perfect blend of style and comfort.",Clothing & Accessories,Womenswear,Nike,73.16,,No rating available,,,0,0.0,1,2024-12-08,12.0,2.0,2.0,0.0,0.0,0.0,0.0,0.0,22.82,16.67,100.0,0.0,0.0,0.0,0.0
fee444e7-488a-4c6d-811b-c0748dd24fa3,Adidas Gold-Plated Jewelry,"Designed for those who refuse to compromise on style.

Key Features:
  - Reinforced stitching for enhanced durability.
  - Premium {material} fabric for lasting comfort.
  - Breathable material keeps you comfortable all day.
  - Tailored fit that flatters every body type.
  - Classic design that never goes out of style.

From casual outings to formal occasions, this piece transitions effortlessly across settings.

A must-have addition to any wardrobe.",Clothing & Accessories,Jewelry,Adidas,44.56,,No rating available,,,0,0.0,4,2023-10-25,1.0,1.0,0.0,0.0,0.0,0.0,0.0,0.0,6.14,100.0,0.0,0.0,,0.0,0.0
f04c6e31-f1d2-41db-ae5c-40c53e818da1,Programming: A elite History,"Discover the story behind Programming: A elite History.

Key Features:
  - Perfect for book clubs and group discussions.
  - Award-winning author delivers another masterpiece.
  - Includes exclusive content and illustrations.
  - Thought-provoking themes that resonate long after reading.
  - Includes discussion questions for book clubs.

Perfect for bedtime reading, book clubs, or casual enjoyment, this book offers something for everyone.

Order your copy today and start reading.",Books,Non-Fiction,Cambridge Press,1.99,,No rating available,,,0,0.0,1,2024-12-01,0.0,0.0,0.0,0.0,0.0,0.0,0.0,0.0,0.0,,,,,,
d806394d-ab23-4159-8d7e-5a6f1c8a9ba9,Apple Galaxy Book4,"Engineered for excellence, the Apple Galaxy Book4 sets a new standard.

Key Features:
  - Advanced cooling system for sustained performance.
  - Features a high-resolution display with vivid color accuracy.
  - Sleek, lightweight design for maximum portability.
  - Supports high-resolution audio for immersive sound.

Whether you are working from home, gaming, or streaming, this device is built to handle it all with ease.

Elevate your daily experience with this premium device.",Electronics,Smartphones,Apple,240.44,,No rating available,,,0,0.0,1,2024-01-13,5.0,3.0,4.0,1.0,1.0,1.0,229.13,229.13,11.3,60.0,133.33,33.33,25.0,45.83,76.38
ea4a2dc7-d7a2-4eab-bb13-10eef406e9f5,Nike Essential Menswear,"Make a statement with the Nike Essential Menswear.

Key Features:
  - Classic design that never goes out of style.
  - Breathable material keeps you comfortable all day.
  - Premium {material} fabric for lasting comfort.
  - Versatile design transitions seamlessly from day to night.

Crafted with attention to detail, it offers the perfect balance of style and practicality.

Additional Details:
  - Available in multiple sizes for the perfect fit.
  - Easy care: machine washable for convenience.
  - Premium fabric construction for lasting wear.

Join thousands of satisfied customers worldwide.",Clothing & Accessories,Menswear,Nike,110.64,,No rating available,,,0,0.0,3,2026-04-05,10.0,4.0,2.0,1.0,1.0,1.0,105.15,105.15,18.81,40.0,50.0,25.0,50.0,10.52,26.29
26b374b4-221c-445e-8794-5c99a128d26c,Maybelline Haircare Serum,"Nourish and pamper yourself with the Maybelline Haircare Serum.

Key Features:
  - Formulated with natural ingredients for gentle care.
  - Dermatologist-tested and suitable for all skin types.
  - Suitable for sensitive skin.
  - Antioxidant-rich formula protects against environmental damage.

Additional Details:
  - Skin type: {skin_type}
  - Shelf life: {shelf_life}m
  - Volume: {volume_ml}ml

Part of our commitment to clean beauty.",Beauty & Personal Care,Haircare,Maybelline,7.34,1.0,Original from products,1.0,1.0,1,1.0,20,2024-02-03,10.0,3.0,1.0,1.0,1.0,3.0,21.36,7.12,19.31,30.0,33.33,33.33,100.0,2.14,7.12
bc7a0ca1-564a-47cf-a592-8c5e99a37981,LEGO Garden 1000 Piece Puzzle,"The LEGO Garden 1000 Piece Puzzle offers hours of engaging entertainment.

Key Features:
  - Expandable with additional sets and accessories.
  - Easy to learn, with endless replay value.
  - Safe, non-toxic materials certified for children.
  - Award-winning design loved by kids and parents.
  - Suitable for solo play or group activities.

Trusted by parents and loved by children.",Toys & Games,Puzzles,LEGO,62.21,4.5,Original from products,4.5,4.454545454545454,11,11.0,1,2025-12-22,374.0,165.0,116.0,18.0,18.0,19.0,1202.4,63.27722222222222,16.56,44.12,70.3,10.91,15.52,3.21,7.29
72d5ae0b-e20d-40bc-beff-667dfb84af75,Samsung Core Smartwatch,"The Samsung Core Smartwatch delivers exceptional performance for all your needs.

Key Features:
  - Equipped with the latest processor for seamless multitasking.
  - Long-lasting battery designed for all-day productivity.
  - Intuitive user interface with customizable settings.
  - Advanced cooling system for sustained performance.
  - Premium build quality with aerospace-grade materials.
  - Enhanced security features including biometric authentication.

Whether you are working from home, gaming, or streaming, this device is built to handle it all with ease.

Elevate your daily experience with this premium device.",Electronics,Wearables,Samsung,21.55,5.0,Original from products,5.0,5.0,2,2.0,3,2023-08-07,75.0,23.0,22.0,4.0,4.0,4.0,86.21,21.5525,20.18,30.67,95.65,17.39,18.18,1.15,3.75
ba614d88-8ab0-4a37-aa65-1499d5adc5be,"Lavazza Pantry Staple - 32""","Elevate your culinary creations with Lavazza Pantry Staple - 32"".

Key Features:
  - Perfect for gifting or everyday indulgence.
  - Sourced from the finest origins around the world.
  - No artificial preservatives or additives.
  - Expertly crafted using traditional methods.
  - Rich, authentic flavor profile.
  - Freshness sealed for optimal taste.

Additional Details:
  - Net weight: {weight_g}g
  - Storage: {storage_type}

Quality you can taste.",Grocery & Gourmet,Pantry Staples,Lavazza,12.79,,No rating available,,,0,0.0,1,2023-04-16,13.0,2.0,1.0,0.0,0.0,0.0,0.0,0.0,21.72,15.38,50.0,0.0,0.0,0.0,0.0
d3608459-9a62-4321-b3b2-07630461d632,"Mattel Zoe 16"" Figure","The Mattel Zoe 16"" Figure offers hours of engaging entertainment.

Key Features:
  - Develops fine motor skills and hand-eye coordination.
  - Award-winning design loved by kids and parents.
  - Easy to learn, with endless replay value.
  - STEM-focused learning through play.

Trusted by parents and loved by children.",Toys & Games,Action Figures,Mattel,24.87,,No rating available,,,0,0.0,1,2023-08-24,4.0,3.0,1.0,0.0,0.0,0.0,0.0,0.0,10.6,75.0,33.33,0.0,0.0,0.0,0.0
2a7bba5f-219a-47a0-9a6d-071dd9124dbf,"LEGO Aria 13"" Figure","Bring joy to playtime with the LEGO Aria 13"" Figure.

Key Features:
  - Suitable for solo play or group activities.
  - Safe, non-toxic materials certified for children.
  - STEM-focused learning through play.
  - Durable design withstands active play.
  - Award-winning design loved by kids and parents.

Additional Details:
  - Recommended age: {age_range}+
  - Batteries: {battery_req}

Where learning meets play.",Toys & Games,Action Figures,LEGO,6.1,,No rating available,,,0,0.0,1,2024-06-06,10.0,7.0,1.0,0.0,0.0,0.0,0.0,0.0,13.55,70.0,14.29,0.0,0.0,0.0,0.0
50478039-ee43-4ae5-a86f-81bb8b3ac845,MSR Ultralight Camping Gear,"Take your performance to the next level with the MSR Ultralight Camping Gear.

Key Features:
  - Reinforced stress points for long-lasting durability.
  - Ergonomic design reduces fatigue during extended use.
  - Lightweight design for effortless portability.
  - Ventilated design for breathability.

Built to last, backed by our warranty.",Sports & Outdoors,Camping Gear,MSR,71.88,5.0,Original from products,5.0,5.0,2,2.0,9,2026-01-29,13.0,11.0,6.0,2.0,2.0,3.0,222.37,74.09,12.39,84.62,54.55,18.18,33.33,17.11,20.22
deb02f90-cd6c-481c-9583-88195079bff4,Wilson Outdoor Recreation Set,"Conquer any challenge with the Wilson Outdoor Recreation Set.

Key Features:
  - Ventilated design for breathability.
  - Reinforced stress points for long-lasting durability.
  - Reflective elements enhance visibility in low light.
  - Compression-molded for compact storage.

Additional Details:
  - Weight: {weight_g}g
  - Dimensions: {dim_cm} cm

Trusted by athletes and adventurers worldwide.",Sports & Outdoors,Outdoor Recreation,Wilson,109.71,5.0,Original from products,5.0,5.0,1,1.0,1,2023-08-08,8.0,2.0,2.0,1.0,1.0,1.0,111.7,111.7,23.01,25.0,100.0,50.0,50.0,13.96,55.85
92236ccd-8045-4827-b752-5e48a84d9a32,The element's element,"Dive into the captivating world of The element's element.

Key Features:
  - Perfect for book clubs and group discussions.
  - Features a foreword by a leading expert in the field.
  - Award-winning author delivers another masterpiece.
  - Comprehensive coverage of the subject matter.

Whether you are a longtime fan or new to the genre, this book will captivate you from the first page.

Additional Details:
  - Critically acclaimed with outstanding reader reviews.
  - Expertly crafted with attention to every detail.
  - Available in multiple formats for your reading preference.

A must-read for fans of the genre.",Books,Fiction,Vintage Books,16.79,5.0,Original from products,5.0,5.0,1,1.0,1,2025-09-04,24.0,12.0,5.0,1.0,1.0,2.0,32.44,16.22,17.55,50.0,41.67,8.33,20.0,1.35,2.7
66482965-2b91-444a-a0ea-fb5318318687,Spalding Portable Outdoor Recreation,"Conquer any challenge with the Spalding Portable Outdoor Recreation.

Key Features:
  - Ventilated design for breathability.
  - Weather-resistant materials keep you protected.
  - Ergonomic design reduces fatigue during extended use.
  - Compression-molded for compact storage.

Additional Details:
  - Dimensions: {dim_cm} cm
  - Weight: {weight_g}g
  - Material: {material_quality} {material}

Built to last, backed by our warranty.",Sports & Outdoors,Outdoor Recreation,Spalding,78.12,4.0,Original from products,4.0,4.0,1,1.0,1,2025-05-19,45.0,15.0,15.0,2.0,2.0,2.0,158.57999999999998,79.28999999999999,14.62,33.33,100.0,13.33,13.33,3.52,10.57
a9d06530-36db-40e2-805e-47bae624b3c2,Kraft Organic Beverage,"Elevate your culinary creations with Kraft Organic Beverage.

Key Features:
  - Rich, authentic flavor profile.
  - Versatile ingredient for countless recipes.
  - Hand-selected for superior quality.
  - Freshness sealed for optimal taste.
  - Premium quality guaranteed by our master artisans.
  - Perfect for gifting or everyday indulgence.

Quality you can taste.",Grocery & Gourmet,Beverages,Kraft,6.51,,No rating available,,,0,0.0,2,2024-03-05,13.0,7.0,4.0,0.0,0.0,0.0,0.0,0.0,12.62,53.85,57.14,0.0,0.0,0.0,0.0
4adc622b-3ed0-49b5-bf25-14d639a2d82c,Logitech Studio Galaxy16,"Upgrade your setup with the powerful Logitech Studio Galaxy16.

Key Features:
  - Advanced connectivity options including WiFi 6 and Bluetooth 5.3.
  - Features a high-resolution display with vivid color accuracy.
  - Premium build quality with aerospace-grade materials.
  - Long-lasting battery designed for all-day productivity.
  - Supports high-resolution audio for immersive sound.
  - Advanced cooling system for sustained performance.

Whether you are working from home, gaming, or streaming, this device is built to handle it all with ease.

Elevate your daily experience with this premium device.",Electronics,Smartphones,Logitech,40.76,4.0,Original from products,4.0,4.0,3,3.0,1,2024-02-24,100.0,58.0,23.0,7.0,7.0,7.0,286.18,40.88285714285714,17.05,58.0,39.66,12.07,30.43,2.86,4.93
36c253c0-c416-415b-92cb-9ec9c7be787a,Adidas Womenswear Dress,"Elevate your wardrobe with the Adidas Womenswear Dress.

Key Features:
  - Premium {material} fabric for lasting comfort.
  - Moisture-wicking technology keeps you dry.
  - Breathable material keeps you comfortable all day.
  - Four-way stretch fabric for unrestricted movement.

From casual outings to formal occasions, this piece transitions effortlessly across settings.

Additional Details:
  - Designed for comfort with a tailored silhouette.
  - Easy care: machine washable for convenience.

Join thousands of satisfied customers worldwide.",Clothing & Accessories,Womenswear,Adidas,53.01,4.0,Original from products,4.0,4.0,1,1.0,1,2026-03-27,11.0,2.0,3.0,1.0,1.0,2.0,109.62,54.81,23.3,18.18,150.0,50.0,33.33,9.97,54.81
a98c5dcd-10b5-4d25-aec0-9a632c7dff45,Apple Edge14 Pro 5G,"Experience cutting-edge technology with the Apple Edge14 Pro 5G.

Key Features:
  - Sleek, lightweight design for maximum portability.
  - Premium build quality with aerospace-grade materials.
  - Supports high-resolution audio for immersive sound.
  - Advanced connectivity options including WiFi 6 and Bluetooth 5.3.
  - Features a high-resolution display with vivid color accuracy.
  - Advanced cooling system for sustained performance.

Designed with the modern user in mind, it combines powerful performance with an intuitive interface.

Additional Details:
  - High-resolution display with vivid color reproduction.
  - Connectivity: USB-C, HDMI, WiFi 6, Bluetooth.

Order today and experience the difference.",Electronics,Smartphones,Apple,510.54,,No rating available,,,0,0.0,2,2025-06-10,2.0,2.0,1.0,0.0,0.0,0.0,0.0,0.0,10.67,100.0,50.0,0.0,0.0,0.0,0.0
60cb943f-c3ec-4e4e-952d-e761452c9520,Bosch Smart Electronic,"Protect and enhance your vehicle with the Bosch Smart Electronic.

Key Features:
  - Exceeds OEM specifications for quality and performance.
  - UV-resistant formula prevents fading and cracking.
  - Weather-resistant for year-round protection.
  - Professional-grade formula for superior results.
  - Compatible with all major vehicle makes and models.

Additional Details:
  - Application: {app_method}
  - Compatibility: {compat_info}

Performance you can count on.",Automotive,Electronics,Bosch,77.17,2.5,Original from products,2.5,2.5,2,2.0,4,2023-10-25,30.0,13.0,7.0,2.0,2.0,2.0,156.47,78.235,16.82,43.33,53.85,15.38,28.57,5.22,12.04
825d03b5-2982-4c8c-9403-4bd456ba7cb4,Le Creuset Cotton Home Decor,"Elevate your everyday living with the Le Creuset Cotton Home Decor.

Key Features:
  - Easy to clean and maintain for everyday use.
  - Dishwasher safe for effortless cleaning.
  - Space-saving design fits perfectly in any room.
  - Built to withstand daily use with durable construction.
  - Versatile design complements any decor style.
  - Ergonomic design for comfortable use.

Designed to enhance your living space while providing practical everyday functionality.

Make every day extraordinary.",Home & Kitchen,Home Decor,Le Creuset,12.36,,No rating available,,,0,0.0,2,2026-02-11,13.0,7.0,5.0,0.0,0.0,0.0,0.0,0.0,20.16,53.85,71.43,0.0,0.0,0.0,0.0
10b72726-160a-4711-9d2f-3d6c33e22a7b,Spalding Camping Gear Kit,"Take your performance to the next level with the Spalding Camping Gear Kit.

Key Features:
  - Ventilated design for breathability.
  - Reinforced stress points for long-lasting durability.
  - Adjustable features for customized fit.
  - Quick-setup system saves time and hassle.
  - Weather-resistant materials keep you protected.

Built to last, backed by our warranty.",Sports & Outdoors,Camping Gear,Spalding,22.16,,No rating available,,,0,0.0,1,2024-05-22,16.0,2.0,2.0,0.0,0.0,0.0,0.0,0.0,22.49,12.5,100.0,0.0,0.0,0.0,0.0
5602813d-2efe-4ec8-8a97-e294f5477cbf,LEGO Aura STEM Kit,"The LEGO Aura STEM Kit offers hours of engaging entertainment.

Key Features:
  - Safe, non-toxic materials certified for children.
  - Durable design withstands active play.
  - Includes everything needed for immediate play.
  - Award-winning design loved by kids and parents.
  - Develops fine motor skills and hand-eye coordination.

The perfect gift for any occasion.",Toys & Games,Educational Toys,LEGO,15.05,,No rating available,,,0,0.0,1,2023-04-10,3.0,4.0,1.0,1.0,1.0,2.0,29.96,14.98,15.58,133.33,25.0,25.0,100.0,9.99,7.49
671ce81b-64a1-48d0-bf57-c234ece5bf72,Post-it Supplie Multipack,"Boost your productivity with the Post-it Supplie Multipack.

Key Features:
  - Streamlines your workflow for maximum efficiency.
  - Premium materials ensure long-lasting performance.
  - Built to withstand daily use in demanding environments.
  - Easy setup with no assembly required.
  - Smooth, quiet operation for focused work.
  - Compatible with standard office supplies and accessories.

Additional Details:
  - Weight: {weight_g}g
  - Color: {color_option}

Backed by our quality guarantee.",Office Products,Supplies,Post-it,7.69,,No rating available,,,0,0.0,1,2025-10-11,4.0,3.0,0.0,0.0,0.0,0.0,0.0,0.0,15.75,75.0,0.0,0.0,,0.0,0.0
34a77a70-6a07-40d2-936d-df4647fea13d,Sony Accessorie Charger,"Upgrade your setup with the powerful Sony Accessorie Charger.

Key Features:
  - Equipped with the latest processor for seamless multitasking.
  - Long-lasting battery designed for all-day productivity.
  - Enhanced security features including biometric authentication.
  - Premium build quality with aerospace-grade materials.

Designed with the modern user in mind, it combines powerful performance with an intuitive interface.

Backed by a comprehensive warranty and dedicated support.",Electronics,Accessories,Sony,154.71,,No rating available,,,0,0.0,3,2025-12-19,19.0,5.0,5.0,0.0,0.0,0.0,0.0,0.0,25.21,26.32,100.0,0.0,0.0,0.0,0.0
7adef156-b914-4e5c-9ef2-822e99a3252d,A Sleek Fusion - PlayStation 5 Edition,"The A Sleek Fusion - PlayStation 5 Edition offers hours of engaging entertainment.

Key Features:
  - STEM-focused learning through play.
  - Includes everything needed for immediate play.
  - Easy to learn, with endless replay value.
  - Durable design withstands active play.

Where learning meets play.",Toys & Games,Video Games,LEGO,31.66,,No rating available,,,0,0.0,1,2024-07-06,9.0,4.0,3.0,1.0,1.0,2.0,61.42,30.71,22.41,44.44,75.0,25.0,33.33,6.82,15.36
0201393b-1811-4d77-bf28-e657ae0b5e64,Nestle Organic Organic Food Variety,"The Nestle Organic Organic Food Variety brings premium quality to your table.

Key Features:
  - Sourced from the finest origins around the world.
  - Perfect for gifting or everyday indulgence.
  - Versatile ingredient for countless recipes.
  - Ethically sourced and sustainably produced.
  - Rich, authentic flavor profile.
  - Expertly crafted using traditional methods.

Additional Details:
  - Storage: {storage_type}
  - Shelf life: {shelf_life}m
  - Net weight: {weight_g}g

Perfect for sharing with loved ones.",Grocery & Gourmet,Organic Foods,Nestle,3.91,,No rating available,,,0,0.0,2,2025-05-27,4.0,3.0,2.0,1.0,1.0,3.0,11.19,3.73,7.44,75.0,66.67,33.33,50.0,2.8,3.73
d70d14b8-4566-4d3d-b9b3-eee857b374c0,Samsung X9 Fitness Tracker,"Experience cutting-edge technology with the Samsung X9 Fitness Tracker.

Key Features:
  - Premium build quality with aerospace-grade materials.
  - Sleek, lightweight design for maximum portability.
  - Advanced connectivity options including WiFi 6 and Bluetooth 5.3.
  - Long-lasting battery designed for all-day productivity.
  - Features a high-resolution display with vivid color accuracy.

Whether you are working from home, gaming, or streaming, this device is built to handle it all with ease.

Additional Details:
  - Connectivity: USB-C, HDMI, WiFi 6, Bluetooth.
  - Long battery life for all-day usage.
  - High-resolution display with vivid color reproduction.

Order today and experience the difference.",Electronics,Wearables,Samsung,258.43,4.8,Original from products,4.8,4.75,4,4.0,1,2023-10-20,203.0,62.0,39.0,6.0,6.0,7.0,1803.13,258.3516666666667,19.25,30.54,62.9,9.68,15.38,8.88,29.08
004eb82c-1643-4850-9738-fd2e2c81d645,L'Oreal Velvet Eau de Toilette,"The L'Oreal Velvet Eau de Toilette is your new essential for radiant skin.

Key Features:
  - Rich, luxurious texture that absorbs quickly.
  - Delicate fragrance that lingers throughout the day.
  - Cruelty-free and never tested on animals.
  - Free from parabens, sulfates, and phthalates.
  - Formulated with natural ingredients for gentle care.

See the difference with every use.",Beauty & Personal Care,Fragrance,L'Oreal,30.62,,No rating available,,,0,0.0,1,2025-11-26,14.0,9.0,2.0,1.0,1.0,1.0,29.49,29.49,15.34,64.29,22.22,11.11,50.0,2.11,3.28
722c915d-5a07-4221-bdf6-b1037a9e5670,KitchenAid Decorative Home Decor,"The KitchenAid Decorative Home Decor brings both style and function to your space.

Key Features:
  - Dishwasher safe for effortless cleaning.
  - Ergonomic design for comfortable use.
  - Easy to clean and maintain for everyday use.
  - Temperature resistant up to {temp_c} degrees.

Designed to enhance your living space while providing practical everyday functionality.

The perfect addition to any modern home.",Home & Kitchen,Home Decor,KitchenAid,31.51,4.0,Original from products,4.0,4.0,1,1.0,1,2024-04-04,10.0,4.0,2.0,0.0,0.0,0.0,0.0,0.0,20.75,40.0,50.0,0.0,0.0,0.0,0.0
c92674b3-0417-4f4d-87e9-46dc38aa885e,Wilson Ultra Bike,"Take your performance to the next level with the Wilson Ultra Bike.

Key Features:
  - Lightweight design for effortless portability.
  - Reflective elements enhance visibility in low light.
  - Compression-molded for compact storage.
  - Weather-resistant materials keep you protected.

Performance you can rely on.",Sports & Outdoors,Cycling,Wilson,49.59,,No rating available,,,0,0.0,4,2023-11-30,10.0,3.0,2.0,0.0,0.0,0.0,0.0,0.0,18.32,30.0,66.67,0.0,0.0,0.0,0.0
b1a39ae6-0c51-4a3c-bdc4-118a7e285ec3,Modern of time,"Discover the story behind Modern of time.

Key Features:
  - Perfect for book clubs and group discussions.
  - Features a foreword by a leading expert in the field.
  - Gripping narrative that keeps you turning pages.
  - Includes exclusive content and illustrations.
  - Includes discussion questions for book clubs.
  - Comprehensive coverage of the subject matter.

Perfect for bedtime reading, book clubs, or casual enjoyment, this book offers something for everyone.

Additional Details:
  - A substantial read that delivers incredible value.
  - Expertly crafted with attention to every detail.

A must-read for fans of the genre.",Books,Fiction,Penguin Books,5.28,3.0,Original from products,3.0,3.0,1,1.0,1,2024-09-16,1.0,0.0,0.0,0.0,0.0,0.0,0.0,0.0,15.84,0.0,,,,0.0,
8d311d0f-0ab3-44ee-a2f4-6d5d3f76787f,Nike Premium Accessorie,"Elevate your wardrobe with the Nike Premium Accessorie.

Key Features:
  - Breathable material keeps you comfortable all day.
  - Premium {material} fabric for lasting comfort.
  - Classic design that never goes out of style.
  - Tailored fit that flatters every body type.
  - Reinforced stitching for enhanced durability.
  - Four-way stretch fabric for unrestricted movement.

Crafted with attention to detail, it offers the perfect balance of style and practicality.

Experience the perfect blend of style and comfort.",Clothing & Accessories,Accessories,Nike,28.67,,No rating available,,,0,0.0,34,2023-11-30,9.0,3.0,1.0,0.0,0.0,0.0,0.0,0.0,18.58,33.33,33.33,0.0,0.0,0.0,0.0
d061e1a0-6f8b-4ba4-8423-0f069800ffdd,Sony Accessorie Charger,"The Sony Accessorie Charger delivers exceptional performance for all your needs.

Key Features:
  - Supports high-resolution audio for immersive sound.
  - Intuitive user interface with customizable settings.
  - Advanced cooling system for sustained performance.
  - Enhanced security features including biometric authentication.
  - Long-lasting battery designed for all-day productivity.
  - Sleek, lightweight design for maximum portability.

Whether you are working from home, gaming, or streaming, this device is built to handle it all with ease.

Order today and experience the difference.",Electronics,Accessories,Sony,150.78,5.0,Original from products,5.0,5.0,1,1.0,1,2025-02-12,3.0,2.0,0.0,0.0,0.0,0.0,0.0,0.0,15.18,66.67,0.0,0.0,,0.0,0.0
5a8ba49f-924c-43ff-b90f-b578956a0f9d,Apple Edge8 Ultra,"Experience cutting-edge technology with the Apple Edge8 Ultra.

Key Features:
  - Intuitive user interface with customizable settings.
  - Equipped with the latest processor for seamless multitasking.
  - Supports high-resolution audio for immersive sound.
  - Advanced connectivity options including WiFi 6 and Bluetooth 5.3.
  - Sleek, lightweight design for maximum portability.

Designed with the modern user in mind, it combines powerful performance with an intuitive interface.

Additional Details:
  - Connectivity: USB-C, HDMI, WiFi 6, Bluetooth.
  - Slim and portable form factor for easy travel.

Order today and experience the difference.",Electronics,Smartphones,Apple,168.81,,No rating available,,,0,0.0,4,2025-07-21,48.0,16.0,9.0,1.0,1.0,1.0,172.47,172.47,20.35,33.33,56.25,6.25,11.11,3.59,10.78
bb7de970-4d96-48e3-9557-17d5cf8c9ae8,"Belkin Essential 32"" Display Tablet","Experience cutting-edge technology with the Belkin Essential 32"" Display Tablet.

Key Features:
  - Supports high-resolution audio for immersive sound.
  - Advanced connectivity options including WiFi 6 and Bluetooth 5.3.
  - Advanced cooling system for sustained performance.
  - Features a high-resolution display with vivid color accuracy.
  - Sleek, lightweight design for maximum portability.
  - Enhanced security features including biometric authentication.

Whether you are working from home, gaming, or streaming, this device is built to handle it all with ease.

Additional Details:
  - Connectivity: USB-C, HDMI, WiFi 6, Bluetooth.
  - Long battery life for all-day usage.

Elevate your daily experience with this premium device.",Electronics,Tablets,Belkin,195.56,,No rating available,,,0,0.0,8,2024-05-20,10.0,1.0,2.0,0.0,0.0,0.0,0.0,0.0,21.02,10.0,200.0,0.0,0.0,0.0,0.0
5a8b1881-9090-4cca-85fa-d95b8299ff75,Theragun Outdoor Recreation Set,"Take your performance to the next level with the Theragun Outdoor Recreation Set.

Key Features:
  - Durable construction withstands the toughest conditions.
  - Weather-resistant materials keep you protected.
  - Lightweight design for effortless portability.
  - Reinforced stress points for long-lasting durability.

Ready for wherever your journey takes you.",Sports & Outdoors,Outdoor Recreation,Theragun,63.68,5.0,Original from products,5.0,5.0,1,1.0,10,2025-09-03,8.0,7.0,7.0,1.0,1.0,1.0,63.15,63.15,15.51,87.5,100.0,14.29,14.29,7.89,9.02
aba49dc2-3182-4614-a4ad-e2b537d50b04,Cuisinart Non-Stick Kitchenware,"Elevate your everyday living with the Cuisinart Non-Stick Kitchenware.

Key Features:
  - Built to withstand daily use with durable construction.
  - Dishwasher safe for effortless cleaning.
  - Easy to clean and maintain for everyday use.
  - Temperature resistant up to {temp_c} degrees.

Designed to enhance your living space while providing practical everyday functionality.

Additional Details:
  - Dimensions: perfectly sized for your space.
  - Available in a variety of finishes.

Backed by our satisfaction guarantee.",Home & Kitchen,Kitchenware,Cuisinart,37.9,3.5,Original from products,3.5,3.5,2,2.0,1,2024-06-21,10.0,4.0,6.0,0.0,0.0,0.0,0.0,0.0,11.43,40.0,150.0,0.0,0.0,0.0,0.0
ec87a594-19d2-497a-9156-fb77b3658b7e,The North Face Classic Sandals,"Elevate your wardrobe with the The North Face Classic Sandals.

Key Features:
  - Reinforced stitching for enhanced durability.
  - Four-way stretch fabric for unrestricted movement.
  - Moisture-wicking technology keeps you dry.
  - Tailored fit that flatters every body type.
  - Premium {material} fabric for lasting comfort.

From casual outings to formal occasions, this piece transitions effortlessly across settings.

Join thousands of satisfied customers worldwide.",Clothing & Accessories,Footwear,The North Face,41.56,,No rating available,,,0,0.0,1,2026-04-24,2.0,2.0,2.0,0.0,0.0,0.0,0.0,0.0,10.25,100.0,100.0,0.0,0.0,0.0,0.0
cc5aef7d-c5e6-4868-8cf4-8b73606a7391,Merrell Outdoor Recreation Set,"Engineered for peak performance in any condition.

Key Features:
  - Lightweight design for effortless portability.
  - Ventilated design for breathability.
  - Weather-resistant materials keep you protected.
  - Durable construction withstands the toughest conditions.

Ready for wherever your journey takes you.",Sports & Outdoors,Outdoor Recreation,Merrell,100.34,,No rating available,,,0,0.0,1,2023-11-26,29.0,8.0,5.0,0.0,0.0,0.0,0.0,0.0,16.96,27.59,62.5,0.0,0.0,0.0,0.0
dd7e72c3-f088-4a8d-955f-7ca4b2452cd6,Wilson Portable Outdoor Recreation,"Take your performance to the next level with the Wilson Portable Outdoor Recreation.

Key Features:
  - Reinforced stress points for long-lasting durability.
  - Ergonomic design reduces fatigue during extended use.
  - Reflective elements enhance visibility in low light.
  - Compression-molded for compact storage.
  - Ventilated design for breathability.

Trusted by athletes and adventurers worldwide.",Sports & Outdoors,Outdoor Recreation,Wilson,51.94,,No rating available,,,0,0.0,2,2025-05-28,15.0,3.0,4.0,1.0,1.0,2.0,99.5,49.75,18.35,20.0,133.33,33.33,25.0,6.63,33.17
daac50fd-b0f3-401b-8e4f-82b6573ea539,An Premium Pioneer,"Discover the story behind An Premium Pioneer.

Key Features:
  - Beautifully written with vivid prose and memorable characters.
  - Gripping narrative that keeps you turning pages.
  - Award-winning author delivers another masterpiece.
  - Perfect for book clubs and group discussions.
  - Comprehensive coverage of the subject matter.
  - Features a foreword by a leading expert in the field.

Perfect for bedtime reading, book clubs, or casual enjoyment, this book offers something for everyone.

Additional Details:
  - Expertly crafted with attention to every detail.
  - Available in multiple formats for your reading preference.
  - Critically acclaimed with outstanding reader reviews.

Already a bestseller in multiple countries.",Books,Fiction,Simon & Schuster,16.41,4.0,Original from products,4.0,4.0,1,1.0,1,2024-10-29,1.0,2.0,2.0,1.0,1.0,4.0,66.28,16.57,15.21,200.0,100.0,50.0,50.0,66.28,33.14
cf3c6032-d25f-42cb-8dbf-951141d60bd9,Bosch Car Care Cleaner,"The Bosch Car Care Cleaner delivers professional-grade results.

Key Features:
  - UV-resistant formula prevents fading and cracking.
  - Long-lasting protection against the elements.
  - Quick-drying formula saves time.
  - Non-abrasive and safe for all surfaces.
  - Easy application with no special tools required.

Trusted by mechanics and enthusiasts worldwide.",Automotive,Car Care,Bosch,30.72,5.0,Original from products,5.0,5.0,1,1.0,11,2026-03-22,40.0,12.0,6.0,0.0,0.0,0.0,0.0,0.0,17.32,30.0,50.0,0.0,0.0,0.0,0.0
307342c5-b6cc-4cfe-814e-feaa722977df,Le Creuset Bedding in Red,"The Le Creuset Bedding in Red brings both style and function to your space.

Key Features:
  - Temperature resistant up to {temp_c} degrees.
  - Easy to clean and maintain for everyday use.
  - Stackable design for efficient storage.
  - Space-saving design fits perfectly in any room.
  - Dishwasher safe for effortless cleaning.

Designed to enhance your living space while providing practical everyday functionality.

Designed for real life, built to last.",Home & Kitchen,Bedding,Le Creuset,29.56,5.0,Original from products,5.0,5.0,1,1.0,36,2023-10-01,119.0,56.0,27.0,3.0,3.0,5.0,146.41,29.55666666666667,15.39,47.06,48.21,5.36,11.11,1.23,2.61
d04b581e-dc6b-40e3-8e1e-0b29551b7950,Mattel Pro Deluxe Zoe,"The Mattel Pro Deluxe Zoe sparks creativity and imagination.

Key Features:
  - Develops fine motor skills and hand-eye coordination.
  - Safe, non-toxic materials certified for children.
  - Award-winning design loved by kids and parents.
  - Encourages creative thinking and problem-solving skills.
  - Suitable for solo play or group activities.
  - Easy to learn, with endless replay value.

Where learning meets play.",Toys & Games,Action Figures,Mattel,34.21,,No rating available,,,0,0.0,12,2023-09-03,12.0,2.0,2.0,0.0,0.0,0.0,0.0,0.0,19.8,16.67,100.0,0.0,0.0,0.0,0.0
4246d120-fe4b-4366-9763-bebfb539a144,Apple Air Book3 Laptop,"Engineered for excellence, the Apple Air Book3 Laptop sets a new standard.

Key Features:
  - Supports high-resolution audio for immersive sound.
  - Features a high-resolution display with vivid color accuracy.
  - Long-lasting battery designed for all-day productivity.
  - Premium build quality with aerospace-grade materials.
  - Advanced connectivity options including WiFi 6 and Bluetooth 5.3.
  - Intuitive user interface with customizable settings.

Designed with the modern user in mind, it combines powerful performance with an intuitive interface.

Additional Details:
  - Slim and portable form factor for easy travel.
  - High-resolution display with vivid color reproduction.

Elevate your daily experience with this premium device.",Electronics,Laptops,Apple,101.69,,No rating available,,,0,0.0,1,2025-12-17,23.0,8.0,4.0,1.0,1.0,1.0,98.07,98.07,22.12,34.78,50.0,12.5,25.0,4.26,12.26
8a647bd2-f66f-469b-874d-01a1358c55f0,L'Oreal Skincare Complex,"The L'Oreal Skincare Complex is your new essential for radiant skin.

Key Features:
  - Rich, luxurious texture that absorbs quickly.
  - Antioxidant-rich formula protects against environmental damage.
  - Delicate fragrance that lingers throughout the day.
  - Dermatologist-tested and suitable for all skin types.

Loved by beauty experts and enthusiasts alike.",Beauty & Personal Care,Skincare,L'Oreal,27.21,,No rating available,,,0,0.0,2,2026-01-28,3.0,4.0,1.0,0.0,0.0,0.0,0.0,0.0,10.05,133.33,25.0,0.0,0.0,0.0,0.0
dd718d6e-9862-4a58-a01f-9bfe34ab978e,Canon Stationery - Sand,"Boost your productivity with the Canon Stationery - Sand.

Key Features:
  - Easy setup with no assembly required.
  - Smooth, quiet operation for focused work.
  - Space-saving profile fits any desk setup.
  - Premium materials ensure long-lasting performance.

Backed by our quality guarantee.",Office Products,Stationery,Canon,20.34,4.0,Original from products,4.0,4.0,4,4.0,17,2025-07-20,99.0,43.0,23.0,4.0,4.0,5.0,101.23,20.295,16.69,43.43,53.49,9.3,17.39,1.02,2.35
79b0569d-e64a-4a4b-81de-2637d602782b,LEGO Panoramic Yoga Puzzle,"Unleash endless fun with the LEGO Panoramic Yoga Puzzle.

Key Features:
  - Easy to learn, with endless replay value.
  - Award-winning design loved by kids and parents.
  - Durable design withstands active play.
  - Includes everything needed for immediate play.
  - Suitable for solo play or group activities.

Additional Details:
  - Players: {player_count}
  - Batteries: {battery_req}
  - Box dimensions: {dim_cm} cm

Where learning meets play.",Toys & Games,Puzzles,LEGO,20.83,,No rating available,,,0,0.0,1,2024-08-15,5.0,1.0,0.0,0.0,0.0,0.0,0.0,0.0,20.74,20.0,0.0,0.0,,0.0,0.0
f3293b39-cbad-4731-8413-29bf8f81d50e,Introduction to Deep Learning,"Dive into the captivating world of Introduction to Deep Learning.

Key Features:
  - Features a foreword by a leading expert in the field.
  - Perfect for book clubs and group discussions.
  - Award-winning author delivers another masterpiece.
  - Thought-provoking themes that resonate long after reading.
  - Beautifully written with vivid prose and memorable characters.

Perfect for bedtime reading, book clubs, or casual enjoyment, this book offers something for everyone.

Order your copy today and start reading.",Books,Educational,Penguin Books,11.88,,No rating available,,,0,0.0,4,2024-05-26,9.0,6.0,2.0,0.0,0.0,0.0,0.0,0.0,15.61,66.67,33.33,0.0,0.0,0.0,0.0
31571fa1-7be6-44f3-8f41-fbc3361e2367,Wilson Pro Bike,"The Wilson Pro Bike is built for those who push their limits.

Key Features:
  - Reinforced stress points for long-lasting durability.
  - Compression-molded for compact storage.
  - Weather-resistant materials keep you protected.
  - Reflective elements enhance visibility in low light.
  - Lightweight design for effortless portability.
  - Durable construction withstands the toughest conditions.

Additional Details:
  - Material: {material_quality} {material}
  - Capacity: {capacity_l}L

Ready for wherever your journey takes you.",Sports & Outdoors,Cycling,Wilson,40.55,,No rating available,,,0,0.0,1,2025-04-11,18.0,16.0,5.0,0.0,0.0,0.0,0.0,0.0,14.57,88.89,31.25,0.0,0.0,0.0,0.0
c201350f-60f2-48d5-ab5b-ce00bb9b6bae,Cuisinart Digital Appliance,"Transform your home with the Cuisinart Digital Appliance.

Key Features:
  - Dishwasher safe for effortless cleaning.
  - Built to withstand daily use with durable construction.
  - Easy to clean and maintain for everyday use.
  - Stackable design for efficient storage.

Designed to enhance your living space while providing practical everyday functionality.

Additional Details:
  - Easy to clean and maintain.
  - Dimensions: perfectly sized for your space.
  - Premium materials for lasting quality.

Make every day extraordinary.",Home & Kitchen,Appliances,Cuisinart,15.44,,No rating available,,,0,0.0,1,2025-07-20,8.0,3.0,1.0,1.0,1.0,2.0,31.54,15.77,27.35,37.5,33.33,33.33,100.0,3.94,10.51
6651c3ab-c7be-4131-b324-68bd0218eb2c,Timberland Camping Gear Kit,"Take your performance to the next level with the Timberland Camping Gear Kit.

Key Features:
  - Compression-molded for compact storage.
  - Quick-setup system saves time and hassle.
  - Adjustable features for customized fit.
  - Lightweight design for effortless portability.
  - Weather-resistant materials keep you protected.
  - Ergonomic design reduces fatigue during extended use.

Performance you can rely on.",Sports & Outdoors,Camping Gear,Timberland,69.2,4.3,Original from products,4.3,4.285714285714286,14,14.0,4,2023-12-11,313.0,123.0,70.0,19.0,19.0,26.0,1795.58,69.07315789473685,16.87,39.3,56.91,15.45,27.14,5.74,14.6
8e10c439-7275-4ecf-9433-a8fa8b25c443,Olay Liquid Makeup,"Reveal your natural beauty with the Olay Liquid Makeup.

Key Features:
  - Suitable for sensitive skin.
  - Clinically proven results with regular use.
  - Rich, luxurious texture that absorbs quickly.
  - Dermatologist-tested and suitable for all skin types.
  - Cruelty-free and never tested on animals.

See the difference with every use.",Beauty & Personal Care,Makeup,Olay,24.99,1.0,Original from products,1.0,1.0,1,1.0,3,2023-01-09,9.0,3.0,0.0,0.0,0.0,0.0,0.0,0.0,25.84,33.33,0.0,0.0,,0.0,0.0
5ad1dceb-cb0e-4de9-89e6-f7c4c6abda23,Staples Premium Stationery Set,"Boost your productivity with the Staples Premium Stationery Set.

Key Features:
  - Premium materials ensure long-lasting performance.
  - Built to withstand daily use in demanding environments.
  - Compatible with standard office supplies and accessories.
  - Space-saving profile fits any desk setup.
  - Easy setup with no assembly required.
  - Adjustable settings for personalized comfort.

The smart choice for modern professionals.",Office Products,Stationery,Staples,33.3,2.5,Original from products,2.5,2.5,2,2.0,1,2023-04-02,176.0,59.0,30.0,8.0,8.0,12.0,395.85,33.06375,19.25,33.52,50.85,13.56,26.67,2.25,6.71
b6c5a64c-cf4f-4ead-93d9-ccff245c81d0,A refined quantum,"Dive into the captivating world of A refined quantum.

Key Features:
  - Beautifully written with vivid prose and memorable characters.
  - Perfect for book clubs and group discussions.
  - Meticulously researched and expertly presented.
  - Features a foreword by a leading expert in the field.

Whether you are a longtime fan or new to the genre, this book will captivate you from the first page.

Additional Details:
  - Critically acclaimed with outstanding reader reviews.
  - Available in multiple formats for your reading preference.

Already a bestseller in multiple countries.",Books,Fiction,Penguin Books,10.73,,No rating available,,,0,0.0,1,2024-03-05,0.0,0.0,0.0,0.0,0.0,0.0,0.0,0.0,0.0,,,,,,
3cbd966b-3ec3-493c-b9a1-d8f59886b546,Apple Essential Edge5 Laptop,"The Apple Essential Edge5 Laptop delivers exceptional performance for all your needs.

Key Features:
  - Advanced cooling system for sustained performance.
  - Sleek, lightweight design for maximum portability.
  - Equipped with the latest processor for seamless multitasking.
  - Features a high-resolution display with vivid color accuracy.
  - Supports high-resolution audio for immersive sound.

Designed with the modern user in mind, it combines powerful performance with an intuitive interface.

Additional Details:
  - Long battery life for all-day usage.
  - Connectivity: USB-C, HDMI, WiFi 6, Bluetooth.
  - High-resolution display with vivid color reproduction.

Order today and experience the difference.",Electronics,Laptops,Apple,565.33,,No rating available,,,0,0.0,2,2025-04-30,0.0,1.0,0.0,0.0,0.0,0.0,0.0,0.0,10.61,,0.0,0.0,,,0.0
8dab9b57-b0b5-4af6-aa44-c98f2dabbc43,A superior fusion,"Discover the story behind A superior fusion.

Key Features:
  - Includes exclusive content and illustrations.
  - Gripping narrative that keeps you turning pages.
  - Includes discussion questions for book clubs.
  - Thought-provoking themes that resonate long after reading.
  - Features a foreword by a leading expert in the field.

Whether you are a longtime fan or new to the genre, this book will captivate you from the first page.

Already a bestseller in multiple countries.",Books,Fiction,HarperCollins,11.58,,No rating available,,,0,0.0,3,2024-07-03,15.0,4.0,3.0,1.0,1.0,1.0,11.72,11.72,16.85,26.67,75.0,25.0,33.33,0.78,2.93
92525e01-4caa-416e-be97-6afc8757b96e,Lenovo Edge1 Pro 5G,"Engineered for excellence, the Lenovo Edge1 Pro 5G sets a new standard.

Key Features:
  - Supports high-resolution audio for immersive sound.
  - Intuitive user interface with customizable settings.
  - Advanced connectivity options including WiFi 6 and Bluetooth 5.3.
  - Advanced cooling system for sustained performance.
  - Long-lasting battery designed for all-day productivity.
  - Equipped with the latest processor for seamless multitasking.

Whether you are working from home, gaming, or streaming, this device is built to handle it all with ease.

Perfect for professionals and enthusiasts alike.",Electronics,Smartphones,Lenovo,81.29,,No rating available,,,0,0.0,1,2025-02-10,15.0,5.0,6.0,0.0,0.0,0.0,0.0,0.0,12.23,33.33,120.0,0.0,0.0,0.0,0.0
385814b3-a7e2-4640-bc91-8ec6a03e9ac6,H&M Menswear in Charcoal,"Make a statement with the H&M Menswear in Charcoal.

Key Features:
  - Tailored fit that flatters every body type.
  - Eco-friendly materials sourced sustainably.
  - Reinforced stitching for enhanced durability.
  - Premium {material} fabric for lasting comfort.

From casual outings to formal occasions, this piece transitions effortlessly across settings.

Additional Details:
  - Available in multiple sizes for the perfect fit.
  - Easy care: machine washable for convenience.

Experience the perfect blend of style and comfort.",Clothing & Accessories,Menswear,H&M,19.28,,No rating available,,,0,0.0,1,2024-08-08,6.0,4.0,3.0,1.0,1.0,1.0,18.61,18.61,12.81,66.67,75.0,25.0,33.33,3.1,4.65
b89ab99b-26eb-47c5-88b7-2d940a73d960,Nike Accessorie - Brown,"The Nike Accessorie - Brown combines style with everyday comfort.

Key Features:
  - Tailored fit that flatters every body type.
  - Premium {material} fabric for lasting comfort.
  - Easy care fabric - machine washable.
  - Eco-friendly materials sourced sustainably.
  - Breathable material keeps you comfortable all day.

From casual outings to formal occasions, this piece transitions effortlessly across settings.

Experience the perfect blend of style and comfort.",Clothing & Accessories,Accessories,Nike,12.37,,No rating available,,,0,0.0,12,2023-11-10,24.0,16.0,7.0,0.0,0.0,0.0,0.0,0.0,17.71,66.67,43.75,0.0,0.0,0.0,0.0
cbb3e5bc-c8cd-4ad5-a4c3-4fd732148c36,Maybelline Aura Perfume Spray,"Transform your daily routine with the Maybelline Aura Perfume Spray.

Key Features:
  - Cruelty-free and never tested on animals.
  - Formulated with natural ingredients for gentle care.
  - Delicate fragrance that lingers throughout the day.
  - Clinically proven results with regular use.

See the difference with every use.",Beauty & Personal Care,Fragrance,Maybelline,51.11,,No rating available,,,0,0.0,2,2025-07-22,12.0,1.0,1.0,0.0,0.0,0.0,0.0,0.0,26.66,8.33,100.0,0.0,0.0,0.0,0.0
232c35ad-ed2e-4a01-a68c-6e9234063892,Nike Pixel14 Backpack,"Elevate your wardrobe with the Nike Pixel14 Backpack.

Key Features:
  - Premium {material} fabric for lasting comfort.
  - Four-way stretch fabric for unrestricted movement.
  - Breathable material keeps you comfortable all day.
  - Easy care fabric - machine washable.

From casual outings to formal occasions, this piece transitions effortlessly across settings.

Join thousands of satisfied customers worldwide.",Clothing & Accessories,Bags,Nike,79.68,,No rating available,,,0,0.0,9,2025-06-21,31.0,14.0,9.0,0.0,0.0,0.0,0.0,0.0,18.54,45.16,64.29,0.0,0.0,0.0,0.0
db090e5d-82e1-4bfe-83ba-09e2ee97e409,Samsung Core Smartwatch,"The Samsung Core Smartwatch delivers exceptional performance for all your needs.

Key Features:
  - Sleek, lightweight design for maximum portability.
  - Supports high-resolution audio for immersive sound.
  - Advanced connectivity options including WiFi 6 and Bluetooth 5.3.
  - Equipped with the latest processor for seamless multitasking.
  - Intuitive user interface with customizable settings.

Designed with the modern user in mind, it combines powerful performance with an intuitive interface.

Additional Details:
  - Connectivity: USB-C, HDMI, WiFi 6, Bluetooth.
  - High-resolution display with vivid color reproduction.

Perfect for professionals and enthusiasts alike.",Electronics,Wearables,Samsung,228.41,,No rating available,,,0,0.0,1,2026-04-15,3.0,1.0,0.0,0.0,0.0,0.0,0.0,0.0,40.75,33.33,0.0,0.0,,0.0,0.0
a4407635-9c5c-4f35-b56b-c6e50a97d784,Samsung Max Action Cam,"Engineered for excellence, the Samsung Max Action Cam sets a new standard.

Key Features:
  - Intuitive user interface with customizable settings.
  - Sleek, lightweight design for maximum portability.
  - Enhanced security features including biometric authentication.
  - Supports high-resolution audio for immersive sound.
  - Long-lasting battery designed for all-day productivity.
  - Features a high-resolution display with vivid color accuracy.

Designed with the modern user in mind, it combines powerful performance with an intuitive interface.

Additional Details:
  - High-resolution display with vivid color reproduction.
  - Connectivity: USB-C, HDMI, WiFi 6, Bluetooth.

Elevate your daily experience with this premium device.",Electronics,Cameras,Samsung,80.11,,No rating available,,,0,0.0,1,2025-10-26,6.0,4.0,1.0,0.0,0.0,0.0,0.0,0.0,15.02,66.67,25.0,0.0,0.0,0.0,0.0
478897ba-ae46-48cf-b2bb-82c4f374cb16,PepsiCo Sweet Snack,"The PepsiCo Sweet Snack brings premium quality to your table.

Key Features:
  - Expertly crafted using traditional methods.
  - Premium quality guaranteed by our master artisans.
  - Perfect for gifting or everyday indulgence.
  - Freshness sealed for optimal taste.

Perfect for sharing with loved ones.",Grocery & Gourmet,Snacks,PepsiCo,19.79,,No rating available,,,0,0.0,4,2024-04-18,11.0,5.0,1.0,0.0,0.0,0.0,0.0,0.0,16.58,45.45,20.0,0.0,0.0,0.0,0.0
18fdec23-2819-4e65-92f3-9f56135c40bf,Spalding Tournament Team Sport,"Engineered for peak performance in any condition.

Key Features:
  - Lightweight design for effortless portability.
  - Ventilated design for breathability.
  - Ergonomic design reduces fatigue during extended use.
  - Durable construction withstands the toughest conditions.
  - Reinforced stress points for long-lasting durability.
  - Weather-resistant materials keep you protected.

Additional Details:
  - Capacity: {capacity_l}L
  - Dimensions: {dim_cm} cm
  - Material: {material_quality} {material}

Trusted by athletes and adventurers worldwide.",Sports & Outdoors,Team Sports,Spalding,44.54,4.0,Original from products,4.0,4.0,1,1.0,3,2025-05-28,18.0,6.0,6.0,1.0,1.0,2.0,87.74,43.87,14.42,33.33,100.0,16.67,16.67,4.87,14.62
e10dff27-a974-4d5f-ab24-903c6a955730,Panasonic Pro18 Ultra,"The Panasonic Pro18 Ultra delivers exceptional performance for all your needs.

Key Features:
  - Equipped with the latest processor for seamless multitasking.
  - Features a high-resolution display with vivid color accuracy.
  - Long-lasting battery designed for all-day productivity.
  - Premium build quality with aerospace-grade materials.

Designed with the modern user in mind, it combines powerful performance with an intuitive interface.

Additional Details:
  - High-resolution display with vivid color reproduction.
  - Long battery life for all-day usage.

Perfect for professionals and enthusiasts alike.",Electronics,Smartphones,Panasonic,124.25,,No rating available,,,0,0.0,1,2024-03-13,1.0,1.0,3.0,0.0,0.0,0.0,0.0,0.0,7.91,100.0,300.0,0.0,0.0,0.0,0.0
9edf3c2c-b903-4c32-8dc3-7a9011f5f868,Apple Z19 Bluetooth Earbuds,"Experience cutting-edge technology with the Apple Z19 Bluetooth Earbuds.

Key Features:
  - Features a high-resolution display with vivid color accuracy.
  - Premium build quality with aerospace-grade materials.
  - Equipped with the latest processor for seamless multitasking.
  - Advanced cooling system for sustained performance.
  - Long-lasting battery designed for all-day productivity.

Designed with the modern user in mind, it combines powerful performance with an intuitive interface.

Backed by a comprehensive warranty and dedicated support.",Electronics,Headphones,Apple,410.23,,No rating available,,,0,0.0,1,2025-12-24,4.0,1.0,0.0,0.0,0.0,0.0,0.0,0.0,27.78,25.0,0.0,0.0,,0.0,0.0
920b6f6f-d113-4b7a-861b-b6bda3de9fdc,Professional Entrepreneurship: The Advanced Concepts Explained,"Professional Entrepreneurship: The Advanced Concepts Explained offers a fresh perspective on an important topic.

Key Features:
  - Gripping narrative that keeps you turning pages.
  - Meticulously researched and expertly presented.
  - Beautifully written with vivid prose and memorable characters.
  - Perfect for book clubs and group discussions.

Perfect for bedtime reading, book clubs, or casual enjoyment, this book offers something for everyone.

Additional Details:
  - A substantial read that delivers incredible value.
  - Expertly crafted with attention to every detail.

A must-read for fans of the genre.",Books,Non-Fiction,Penguin Books,19.46,4.8,Original from products,4.8,4.833333333333333,6,6.0,1,2025-01-31,396.0,145.0,99.0,14.0,14.0,25.0,489.07,19.51928571428571,18.06,36.62,68.28,9.66,14.14,1.24,3.37
577bc486-8da7-4aa4-ab2b-12bdb72ebeb0,Nike Premium Womenswear,"The Nike Premium Womenswear combines style with everyday comfort.

Key Features:
  - Versatile design transitions seamlessly from day to night.
  - Moisture-wicking technology keeps you dry.
  - Tailored fit that flatters every body type.
  - Easy care fabric - machine washable.
  - Classic design that never goes out of style.
  - Reinforced stitching for enhanced durability.

Crafted with attention to detail, it offers the perfect balance of style and practicality.

A must-have addition to any wardrobe.",Clothing & Accessories,Womenswear,Nike,131.11,5.0,Original from products,5.0,5.0,1,1.0,1,2025-11-06,12.0,3.0,7.0,0.0,0.0,0.0,0.0,0.0,24.94,25.0,233.33,0.0,0.0,0.0,0.0
060c5f22-1a0c-45fb-800a-312a5b926e69,"Sleek Deep Learning: The Concepts, Techniques, and Tools","Discover the story behind Sleek Deep Learning: The Concepts, Techniques, and Tools.

Key Features:
  - Comprehensive coverage of the subject matter.
  - Features a foreword by a leading expert in the field.
  - Award-winning author delivers another masterpiece.
  - Perfect for book clubs and group discussions.
  - Includes discussion questions for book clubs.
  - Thought-provoking themes that resonate long after reading.

Perfect for bedtime reading, book clubs, or casual enjoyment, this book offers something for everyone.

Already a bestseller in multiple countries.",Books,Non-Fiction,HarperCollins,15.85,5.0,Original from products,5.0,5.0,1,1.0,136,2023-12-17,18.0,14.0,3.0,1.0,1.0,1.0,16.18,16.18,17.07,77.78,21.43,7.14,33.33,0.9,1.16
6ef410a7-f23b-4267-8fd8-3d3e857760ec,Cuisinart Ultra-Soft Bedding,"Designed to make your home more beautiful and functional.

Key Features:
  - Crafted from premium {material} for lasting quality.
  - Built to withstand daily use with durable construction.
  - Elegant finish adds a touch of sophistication.
  - Ergonomic design for comfortable use.
  - Temperature resistant up to {temp_c} degrees.

Whether you are redecorating or just looking for that perfect finishing touch, this piece fits beautifully.

Designed for real life, built to last.",Home & Kitchen,Bedding,Cuisinart,34.76,,No rating available,,,0,0.0,2,2023-01-19,38.0,21.0,9.0,1.0,1.0,1.0,33.84,33.84,19.44,55.26,42.86,4.76,11.11,0.89,1.61
8ec64f12-d5b3-413e-9913-35fe062cd5ba,Kraft Handcrafted Gourmet Food,"The Kraft Handcrafted Gourmet Food brings premium quality to your table.

Key Features:
  - Sourced from the finest origins around the world.
  - Perfect for gifting or everyday indulgence.
  - Premium quality guaranteed by our master artisans.
  - No artificial preservatives or additives.

Additional Details:
  - Storage: {storage_type}
  - Country of origin: {origin_country}

Perfect for sharing with loved ones.",Grocery & Gourmet,Gourmet Foods,Kraft,5.89,,No rating available,,,0,0.0,2,2023-06-26,8.0,6.0,0.0,0.0,0.0,0.0,0.0,0.0,15.91,75.0,0.0,0.0,,0.0,0.0
7b154416-87b4-4bc1-b3ce-31f85aa20819,H&M Emerald Jewelry,"Make a statement with the H&M Emerald Jewelry.

Key Features:
  - Easy care fabric - machine washable.
  - Eco-friendly materials sourced sustainably.
  - Premium {material} fabric for lasting comfort.
  - Tailored fit that flatters every body type.
  - Moisture-wicking technology keeps you dry.

Crafted with attention to detail, it offers the perfect balance of style and practicality.

A must-have addition to any wardrobe.",Clothing & Accessories,Jewelry,H&M,11.56,1.0,Original from products,1.0,1.0,1,1.0,1,2024-10-24,30.0,13.0,3.0,0.0,0.0,0.0,0.0,0.0,19.28,43.33,23.08,0.0,0.0,0.0,0.0
974eff69-6e03-4e77-9d0b-8a21e70f5833,Wilson Performance Cycling,"The Wilson Performance Cycling is built for those who push their limits.

Key Features:
  - Weather-resistant materials keep you protected.
  - Ventilated design for breathability.
  - Adjustable features for customized fit.
  - Quick-setup system saves time and hassle.
  - Reflective elements enhance visibility in low light.
  - Durable construction withstands the toughest conditions.

Additional Details:
  - Dimensions: {dim_cm} cm
  - Weight: {weight_g}g
  - Material: {material_quality} {material}

Built to last, backed by our warranty.",Sports & Outdoors,Cycling,Wilson,46.53,3.5,Original from products,3.5,3.5,4,4.0,282,2026-04-14,66.0,41.0,16.0,4.0,4.0,4.0,187.0,46.75,16.46,62.12,39.02,9.76,25.0,2.83,4.56
112d7b2c-fec0-442f-b3aa-4d676570bd76,Sony Air1 Wireless Headphones,"Engineered for excellence, the Sony Air1 Wireless Headphones sets a new standard.

Key Features:
  - Sleek, lightweight design for maximum portability.
  - Long-lasting battery designed for all-day productivity.
  - Advanced cooling system for sustained performance.
  - Premium build quality with aerospace-grade materials.
  - Enhanced security features including biometric authentication.

Designed with the modern user in mind, it combines powerful performance with an intuitive interface.

Perfect for professionals and enthusiasts alike.",Electronics,Headphones,Sony,334.24,4.0,Original from products,4.0,4.0,1,1.0,3,2025-02-20,30.0,13.0,6.0,1.0,1.0,1.0,331.79,331.79,16.0,43.33,46.15,7.69,16.67,11.06,25.52
8b90ec3c-b810-484a-8a6e-3631149ecacb,Goodyear Car Accessorie - Navy,"Engineered for peak automotive performance.

Key Features:
  - Tested for quality and reliability.
  - Long-lasting protection against the elements.
  - Non-abrasive and safe for all surfaces.
  - Compatible with all major vehicle makes and models.
  - Exceeds OEM specifications for quality and performance.
  - Easy application with no special tools required.

Additional Details:
  - Application: {app_method}
  - Compatibility: {compat_info}
  - Volume: {volume_ml}ml

Performance you can count on.",Automotive,Car Accessories,Goodyear,53.23,4.0,Original from products,4.0,4.0,2,2.0,2,2025-10-06,85.0,25.0,8.0,1.0,1.0,1.0,54.34,54.34,19.11,29.41,32.0,4.0,12.5,0.64,2.17
21853536-4ecb-48e8-a96f-f289fb187fcd,Staples Compact Printer,"The Staples Compact Printer streamlines your workflow.

Key Features:
  - Easy setup with no assembly required.
  - Streamlines your workflow for maximum efficiency.
  - Smooth, quiet operation for focused work.
  - Built to withstand daily use in demanding environments.
  - Eco-friendly materials and packaging.

Additional Details:
  - Color: {color_option}
  - Dimensions: {dim_cm} cm

Designed for the way you work.",Office Products,Printers,Staples,20.25,5.0,Original from products,5.0,5.0,1,1.0,1,2024-08-08,14.0,5.0,4.0,1.0,1.0,2.0,39.62,19.81,19.34,35.71,80.0,20.0,25.0,2.83,7.92
d5beeaa2-6999-4a44-9edf-f299efab2d46,L'Oreal Haircare Shampoo,"Nourish and pamper yourself with the L'Oreal Haircare Shampoo.

Key Features:
  - Clinically proven results with regular use.
  - Delicate fragrance that lingers throughout the day.
  - Rich, luxurious texture that absorbs quickly.
  - Suitable for sensitive skin.
  - Formulated with natural ingredients for gentle care.

Your skin deserves the best.",Beauty & Personal Care,Haircare,L'Oreal,12.73,,No rating available,,,0,0.0,1,2026-04-10,5.0,0.0,0.0,0.0,0.0,0.0,0.0,0.0,27.95,0.0,,,,0.0,
44fb591e-8de0-4541-b160-90464edb9122,KitchenAid Professional Kitchenware,"The KitchenAid Professional Kitchenware brings both style and function to your space.

Key Features:
  - Built to withstand daily use with durable construction.
  - Temperature resistant up to {temp_c} degrees.
  - Dishwasher safe for effortless cleaning.
  - Ergonomic design for comfortable use.

Whether you are redecorating or just looking for that perfect finishing touch, this piece fits beautifully.

Make every day extraordinary.",Home & Kitchen,Kitchenware,KitchenAid,52.15,3.0,Original from products,3.0,3.0,1,1.0,1,2026-03-19,1.0,1.0,0.0,0.0,0.0,0.0,0.0,0.0,7.49,100.0,0.0,0.0,,0.0,0.0
53430b06-15c5-4cf1-a4a0-6f83c09aec66,Nike Essential Womenswear,"Make a statement with the Nike Essential Womenswear.

Key Features:
  - Eco-friendly materials sourced sustainably.
  - Four-way stretch fabric for unrestricted movement.
  - Tailored fit that flatters every body type.
  - Classic design that never goes out of style.

From casual outings to formal occasions, this piece transitions effortlessly across settings.

Additional Details:
  - Designed for comfort with a tailored silhouette.
  - Premium fabric construction for lasting wear.

A must-have addition to any wardrobe.",Clothing & Accessories,Womenswear,Nike,64.27,5.0,Original from products,5.0,5.0,1,1.0,325,2023-09-29,34.0,15.0,10.0,2.0,2.0,2.0,128.06,64.03,17.32,44.12,66.67,13.33,20.0,3.77,8.54
ff5a11ee-d83f-4539-9987-2267186fbfd8,Max: The Definitive Guide,"Unleash endless fun with the Max: The Definitive Guide.

Key Features:
  - Develops fine motor skills and hand-eye coordination.
  - Expandable with additional sets and accessories.
  - Encourages creative thinking and problem-solving skills.
  - Suitable for solo play or group activities.
  - STEM-focused learning through play.

Where learning meets play.",Toys & Games,Video Games,Fisher-Price,32.37,,No rating available,,,0,0.0,11,2025-12-11,24.0,3.0,4.0,0.0,0.0,0.0,0.0,0.0,24.57,12.5,133.33,0.0,0.0,0.0,0.0
94d8cca1-d1a9-4166-b0ed-7d41536afd08,Clinique Aura Perfume Spray,"Transform your daily routine with the Clinique Aura Perfume Spray.

Key Features:
  - Clinically proven results with regular use.
  - Rich, luxurious texture that absorbs quickly.
  - Antioxidant-rich formula protects against environmental damage.
  - Hydrating formula restores natural moisture balance.
  - Delicate fragrance that lingers throughout the day.
  - Free from parabens, sulfates, and phthalates.

Part of our commitment to clean beauty.",Beauty & Personal Care,Fragrance,Clinique,24.11,4.5,Original from products,4.5,4.5,2,2.0,2,2023-01-23,48.0,15.0,12.0,2.0,2.0,2.0,49.38,24.69,16.58,31.25,80.0,13.33,16.67,1.03,3.29
b800c615-b400-4529-85e4-5fc909e9a5a3,Adidas Classic Sandals,"Make a statement with the Adidas Classic Sandals.

Key Features:
  - Premium {material} fabric for lasting comfort.
  - Moisture-wicking technology keeps you dry.
  - Breathable material keeps you comfortable all day.
  - Eco-friendly materials sourced sustainably.
  - Four-way stretch fabric for unrestricted movement.
  - Reinforced stitching for enhanced durability.

From casual outings to formal occasions, this piece transitions effortlessly across settings.

Additional Details:
  - Designed for comfort with a tailored silhouette.
  - Easy care: machine washable for convenience.
  - Available in multiple sizes for the perfect fit.

A must-have addition to any wardrobe.",Clothing & Accessories,Footwear,Adidas,21.7,2.0,Original from products,2.0,2.0,1,1.0,28,2025-01-08,17.0,11.0,5.0,2.0,2.0,5.0,107.28,21.665,15.71,64.71,45.45,18.18,40.0,6.31,9.75
f6c0f76e-e47a-4cc8-99f4-2829cccbff35,KitchenAid Comfort Bedding,"The KitchenAid Comfort Bedding brings both style and function to your space.

Key Features:
  - Dishwasher safe for effortless cleaning.
  - Ergonomic design for comfortable use.
  - Versatile design complements any decor style.
  - Built to withstand daily use with durable construction.
  - Space-saving design fits perfectly in any room.

Whether you are redecorating or just looking for that perfect finishing touch, this piece fits beautifully.

Make every day extraordinary.",Home & Kitchen,Bedding,KitchenAid,79.07,,No rating available,,,0,0.0,1,2024-06-29,21.0,3.0,1.0,0.0,0.0,0.0,0.0,0.0,25.34,14.29,33.33,0.0,0.0,0.0,0.0
0ce88964-f56f-4aea-ac52-3e9d7ff2dad9,Le Creuset Modern Home Decor,"The Le Creuset Modern Home Decor brings both style and function to your space.

Key Features:
  - Stackable design for efficient storage.
  - Crafted from premium {material} for lasting quality.
  - Temperature resistant up to {temp_c} degrees.
  - Built to withstand daily use with durable construction.
  - Dishwasher safe for effortless cleaning.

Whether you are redecorating or just looking for that perfect finishing touch, this piece fits beautifully.

Additional Details:
  - Premium materials for lasting quality.
  - Easy to clean and maintain.
  - Dimensions: perfectly sized for your space.

The perfect addition to any modern home.",Home & Kitchen,Home Decor,Le Creuset,5.88,5.0,Original from products,5.0,5.0,1,1.0,1,2024-01-11,7.0,2.0,1.0,0.0,0.0,0.0,0.0,0.0,15.28,28.57,50.0,0.0,0.0,0.0,0.0
f889873f-297b-4fd9-b608-8e123c00483a,Fisher-Price Panoramic Machine Learning Puzzle,"Unleash endless fun with the Fisher-Price Panoramic Machine Learning Puzzle.

Key Features:
  - Encourages creative thinking and problem-solving skills.
  - Award-winning design loved by kids and parents.
  - Develops fine motor skills and hand-eye coordination.
  - Easy to learn, with endless replay value.

Additional Details:
  - Batteries: {battery_req}
  - Recommended age: {age_range}+

The perfect gift for any occasion.",Toys & Games,Puzzles,Fisher-Price,31.46,5.0,Original from products,5.0,5.0,1,1.0,3,2026-03-10,2.0,0.0,0.0,0.0,0.0,0.0,0.0,0.0,13.91,0.0,,,,0.0,
2bfee485-32ed-4f0c-870e-b7db15780fde,Wilson 88L Camping Gear,"Take your performance to the next level with the Wilson 88L Camping Gear.

Key Features:
  - Compression-molded for compact storage.
  - Ergonomic design reduces fatigue during extended use.
  - Reflective elements enhance visibility in low light.
  - Ventilated design for breathability.

Additional Details:
  - Weight: {weight_g}g
  - Dimensions: {dim_cm} cm
  - Material: {material_quality} {material}

Built to last, backed by our warranty.",Sports & Outdoors,Camping Gear,Wilson,257.12,4.0,Original from products,4.0,4.0,1,1.0,1,2025-04-05,3.0,2.0,2.0,1.0,1.0,1.0,266.15,266.15,19.36,66.67,100.0,50.0,50.0,88.72,133.07
f18f9d8a-7dec-484e-a5b3-5519d04d719e,Columbia Pro Team Sport,"Take your performance to the next level with the Columbia Pro Team Sport.

Key Features:
  - Lightweight design for effortless portability.
  - Reinforced stress points for long-lasting durability.
  - Ventilated design for breathability.
  - Durable construction withstands the toughest conditions.
  - Adjustable features for customized fit.

Additional Details:
  - Capacity: {capacity_l}L
  - Weight: {weight_g}g
  - Dimensions: {dim_cm} cm

Built to last, backed by our warranty.",Sports & Outdoors,Team Sports,Columbia,22.25,,No rating available,,,0,0.0,5,2023-06-22,46.0,32.0,12.0,2.0,2.0,3.0,65.75,22.165,17.65,69.57,37.5,6.25,16.67,1.43,2.05
a9d6a489-8f30-4dc2-91b9-3f9ab5d3d720,Wilson Performance Cycling,"Engineered for peak performance in any condition.

Key Features:
  - Lightweight design for effortless portability.
  - Weather-resistant materials keep you protected.
  - Reflective elements enhance visibility in low light.
  - Reinforced stress points for long-lasting durability.

Built to last, backed by our warranty.",Sports & Outdoors,Cycling,Wilson,47.58,,No rating available,,,0,0.0,1,2023-06-23,8.0,3.0,2.0,0.0,0.0,0.0,0.0,0.0,14.68,37.5,66.67,0.0,0.0,0.0,0.0
47fa2b1f-bc05-45c7-8bca-b528774942f0,Nike Casual Menswear,"Make a statement with the Nike Casual Menswear.

Key Features:
  - Moisture-wicking technology keeps you dry.
  - Tailored fit that flatters every body type.
  - Classic design that never goes out of style.
  - Versatile design transitions seamlessly from day to night.
  - Easy care fabric - machine washable.

Crafted with attention to detail, it offers the perfect balance of style and practicality.

Experience the perfect blend of style and comfort.",Clothing & Accessories,Menswear,Nike,34.83,5.0,Original from products,5.0,5.0,1,1.0,5,2023-05-27,127.0,63.0,32.0,4.0,4.0,4.0,138.05,34.5125,17.42,49.61,50.79,6.35,12.5,1.09,2.19
cb5d1f1b-21c8-46ba-aabc-a8f95af9f370,KitchenAid Air Appliance,"Elevate your everyday living with the KitchenAid Air Appliance.

Key Features:
  - Versatile design complements any decor style.
  - Crafted from premium {material} for lasting quality.
  - Built to withstand daily use with durable construction.
  - Easy to clean and maintain for everyday use.
  - Elegant finish adds a touch of sophistication.

Designed to enhance your living space while providing practical everyday functionality.

Additional Details:
  - Dimensions: perfectly sized for your space.
  - Easy to clean and maintain.
  - Premium materials for lasting quality.

Backed by our satisfaction guarantee.",Home & Kitchen,Appliances,KitchenAid,33.31,5.0,Original from products,5.0,5.0,1,1.0,2,2024-01-15,4.0,3.0,4.0,1.0,1.0,1.0,32.95,32.95,11.02,75.0,133.33,33.33,25.0,8.24,10.98
0fd2840e-7ffa-4de0-ab59-f32f97760787,Apple Max 9th Gen,"Experience cutting-edge technology with the Apple Max 9th Gen.

Key Features:
  - Advanced cooling system for sustained performance.
  - Premium build quality with aerospace-grade materials.
  - Long-lasting battery designed for all-day productivity.
  - Intuitive user interface with customizable settings.
  - Supports high-resolution audio for immersive sound.
  - Enhanced security features including biometric authentication.

Whether you are working from home, gaming, or streaming, this device is built to handle it all with ease.

Additional Details:
  - High-resolution display with vivid color reproduction.
  - Connectivity: USB-C, HDMI, WiFi 6, Bluetooth.

Perfect for professionals and enthusiasts alike.",Electronics,Laptops,Apple,309.85,5.0,Original from products,5.0,5.0,1,1.0,1,2023-03-27,0.0,0.0,0.0,0.0,0.0,0.0,0.0,0.0,0.0,,,,,,
808b0afc-b94e-49be-a768-db0b73ad0cd2,Estee Lauder Velvet Eau de Parfum,"Reveal your natural beauty with the Estee Lauder Velvet Eau de Parfum.

Key Features:
  - Antioxidant-rich formula protects against environmental damage.
  - Clinically proven results with regular use.
  - Rich, luxurious texture that absorbs quickly.
  - Free from parabens, sulfates, and phthalates.
  - Delicate fragrance that lingers throughout the day.

Additional Details:
  - Volume: {volume_ml}ml
  - Shelf life: {shelf_life}m
  - Skin type: {skin_type}

Loved by beauty experts and enthusiasts alike.",Beauty & Personal Care,Fragrance,Estee Lauder,28.53,5.0,Original from products,5.0,5.0,1,1.0,1,2023-11-26,13.0,4.0,2.0,1.0,1.0,1.0,28.88,28.88,16.44,30.77,50.0,25.0,50.0,2.22,7.22
e2254729-d296-45bf-beed-f69e6edbb049,KitchenAid Bedding in Cream,"Elevate your everyday living with the KitchenAid Bedding in Cream.

Key Features:
  - Stackable design for efficient storage.
  - Ergonomic design for comfortable use.
  - Elegant finish adds a touch of sophistication.
  - Easy to clean and maintain for everyday use.
  - Crafted from premium {material} for lasting quality.
  - Space-saving design fits perfectly in any room.

Whether you are redecorating or just looking for that perfect finishing touch, this piece fits beautifully.

Additional Details:
  - Dimensions: perfectly sized for your space.
  - Easy to clean and maintain.
  - Available in a variety of finishes.

Backed by our satisfaction guarantee.",Home & Kitchen,Bedding,KitchenAid,49.68,4.0,Original from products,4.0,4.0,1,1.0,4,2025-08-11,5.0,2.0,3.0,1.0,1.0,2.0,98.22,49.11,13.44,40.0,150.0,50.0,33.33,19.64,49.11
14aa716c-9404-4b1e-90e3-9dfcfcc0033d,KitchenAid Ultra-Soft Bedding,"Designed to make your home more beautiful and functional.

Key Features:
  - Space-saving design fits perfectly in any room.
  - Dishwasher safe for effortless cleaning.
  - Temperature resistant up to {temp_c} degrees.
  - Stackable design for efficient storage.

Designed to enhance your living space while providing practical everyday functionality.

Designed for real life, built to last.",Home & Kitchen,Bedding,KitchenAid,75.56,,No rating available,,,0,0.0,2,2025-12-25,4.0,4.0,1.0,0.0,0.0,0.0,0.0,0.0,15.06,100.0,25.0,0.0,0.0,0.0,0.0
db8a054f-7069-4c80-b41f-21ac10d45981,Nike Series17 Running Shoes,"The Nike Series17 Running Shoes combines style with everyday comfort.

Key Features:
  - Eco-friendly materials sourced sustainably.
  - Reinforced stitching for enhanced durability.
  - Versatile design transitions seamlessly from day to night.
  - Premium {material} fabric for lasting comfort.
  - Breathable material keeps you comfortable all day.

Crafted with attention to detail, it offers the perfect balance of style and practicality.

Additional Details:
  - Designed for comfort with a tailored silhouette.
  - Easy care: machine washable for convenience.

A must-have addition to any wardrobe.",Clothing & Accessories,Footwear,Nike,35.35,3.5,Original from products,3.5,3.5,2,2.0,8,2025-09-07,48.0,20.0,14.0,3.0,3.0,3.0,109.25999999999999,36.419999999999995,16.24,41.67,70.0,15.0,21.43,2.28,5.46
a1cc5081-192e-4895-82ff-91dbde642565,Nike Core Tote Bag,"Designed for those who refuse to compromise on style.

Key Features:
  - Premium {material} fabric for lasting comfort.
  - Moisture-wicking technology keeps you dry.
  - Eco-friendly materials sourced sustainably.
  - Versatile design transitions seamlessly from day to night.

Crafted with attention to detail, it offers the perfect balance of style and practicality.

A must-have addition to any wardrobe.",Clothing & Accessories,Bags,Nike,235.87,5.0,Original from products,5.0,5.0,1,1.0,1,2024-09-10,4.0,4.0,1.0,0.0,0.0,0.0,0.0,0.0,14.16,100.0,25.0,0.0,0.0,0.0,0.0
dd7f06d5-acb6-41c9-9283-04f6b571c4e9,Blockchain for Young Learners,"Discover the story behind Blockchain for Young Learners.

Key Features:
  - Meticulously researched and expertly presented.
  - Comprehensive coverage of the subject matter.
  - Award-winning author delivers another masterpiece.
  - Perfect for book clubs and group discussions.
  - Includes exclusive content and illustrations.
  - Thought-provoking themes that resonate long after reading.

Whether you are a longtime fan or new to the genre, this book will captivate you from the first page.

Additional Details:
  - A substantial read that delivers incredible value.
  - Available in multiple formats for your reading preference.

Already a bestseller in multiple countries.",Books,Educational,Penguin Books,15.1,,No rating available,,,0,0.0,1,2025-05-17,3.0,0.0,2.0,0.0,0.0,0.0,0.0,0.0,14.95,0.0,,,0.0,0.0,
5e8855cc-835f-493f-8e5c-38c61cc98cbc,Nike Premium Accessorie,"The Nike Premium Accessorie combines style with everyday comfort.

Key Features:
  - Classic design that never goes out of style.
  - Four-way stretch fabric for unrestricted movement.
  - Easy care fabric - machine washable.
  - Reinforced stitching for enhanced durability.

From casual outings to formal occasions, this piece transitions effortlessly across settings.

Additional Details:
  - Premium fabric construction for lasting wear.
  - Designed for comfort with a tailored silhouette.

Experience the perfect blend of style and comfort.",Clothing & Accessories,Accessories,Nike,39.35,,No rating available,,,0,0.0,1,2026-03-23,3.0,4.0,1.0,0.0,0.0,0.0,0.0,0.0,11.99,133.33,25.0,0.0,0.0,0.0,0.0
29c51c4a-3690-4fad-9a99-c2404b42e985,Sony Max5 Fitness Tracker,"Engineered for excellence, the Sony Max5 Fitness Tracker sets a new standard.

Key Features:
  - Long-lasting battery designed for all-day productivity.
  - Features a high-resolution display with vivid color accuracy.
  - Equipped with the latest processor for seamless multitasking.
  - Sleek, lightweight design for maximum portability.

Designed with the modern user in mind, it combines powerful performance with an intuitive interface.

Additional Details:
  - High-resolution display with vivid color reproduction.
  - Connectivity: USB-C, HDMI, WiFi 6, Bluetooth.

Elevate your daily experience with this premium device.",Electronics,Wearables,Sony,45.3,,No rating available,,,0,0.0,1,2023-03-08,49.0,18.0,4.0,0.0,0.0,0.0,0.0,0.0,26.49,36.73,22.22,0.0,0.0,0.0,0.0
fac9f7cb-7484-4330-bd8a-42565f5794cb,L'Oreal Liquid Makeup,"Nourish and pamper yourself with the L'Oreal Liquid Makeup.

Key Features:
  - Formulated with natural ingredients for gentle care.
  - Free from parabens, sulfates, and phthalates.
  - Delicate fragrance that lingers throughout the day.
  - Hydrating formula restores natural moisture balance.
  - Dermatologist-tested and suitable for all skin types.
  - Antioxidant-rich formula protects against environmental damage.

Additional Details:
  - Volume: {volume_ml}ml
  - Skin type: {skin_type}

See the difference with every use.",Beauty & Personal Care,Makeup,L'Oreal,16.32,4.8,Original from products,4.8,4.75,4,4.0,1,2026-02-01,185.0,66.0,55.0,7.0,7.0,10.0,164.17,16.48,17.61,35.68,83.33,10.61,12.73,0.89,2.49
eaaf2b74-b09a-4bf5-b0b2-09021044cab8,Instant Pot Microfiber Kitchenware,"Transform your home with the Instant Pot Microfiber Kitchenware.

Key Features:
  - Dishwasher safe for effortless cleaning.
  - Versatile design complements any decor style.
  - Ergonomic design for comfortable use.
  - Temperature resistant up to {temp_c} degrees.
  - Stackable design for efficient storage.
  - Easy to clean and maintain for everyday use.

Designed to enhance your living space while providing practical everyday functionality.

Additional Details:
  - Available in a variety of finishes.
  - Dimensions: perfectly sized for your space.

The perfect addition to any modern home.",Home & Kitchen,Kitchenware,Instant Pot,94.87,4.2,Original from products,4.2,4.25,28,28.0,2,2025-06-20,1629.0,724.0,404.0,41.0,41.0,55.0,5218.45,94.82073170731708,17.11,44.44,55.8,5.66,10.15,3.2,7.21
044c6fd0-6bdf-48ea-b10c-2128c690f3fb,KitchenAid Linen Home Decor,"The KitchenAid Linen Home Decor brings both style and function to your space.

Key Features:
  - Stackable design for efficient storage.
  - Space-saving design fits perfectly in any room.
  - Ergonomic design for comfortable use.
  - Built to withstand daily use with durable construction.
  - Elegant finish adds a touch of sophistication.
  - Dishwasher safe for effortless cleaning.

Whether you are redecorating or just looking for that perfect finishing touch, this piece fits beautifully.

Additional Details:
  - Easy to clean and maintain.
  - Premium materials for lasting quality.
  - Available in a variety of finishes.

Backed by our satisfaction guarantee.",Home & Kitchen,Home Decor,KitchenAid,18.89,3.0,Original from products,3.0,3.0,2,2.0,1,2024-04-26,72.0,30.0,14.0,2.0,2.0,3.0,58.730000000000004,19.59,17.69,41.67,46.67,6.67,14.29,0.82,1.96
64576c64-34fe-4f5a-b0d1-045b679e62a3,"Pyrex 14"" Kitchenware Set","The Pyrex 14"" Kitchenware Set brings both style and function to your space.

Key Features:
  - Easy to clean and maintain for everyday use.
  - Crafted from premium {material} for lasting quality.
  - Temperature resistant up to {temp_c} degrees.
  - Built to withstand daily use with durable construction.
  - Versatile design complements any decor style.
  - Ergonomic design for comfortable use.

Whether you are redecorating or just looking for that perfect finishing touch, this piece fits beautifully.

The perfect addition to any modern home.",Home & Kitchen,Kitchenware,Pyrex,11.07,5.0,Original from products,5.0,5.0,2,2.0,1,2024-07-13,8.0,5.0,2.0,1.0,1.0,1.0,10.67,10.67,15.62,62.5,40.0,20.0,50.0,1.33,2.13
d774c7a8-e8a7-4379-a26e-2f1299b393fc,Nerf Luna Action Figure,"Unleash endless fun with the Nerf Luna Action Figure.

Key Features:
  - Durable design withstands active play.
  - Award-winning design loved by kids and parents.
  - Suitable for solo play or group activities.
  - Encourages creative thinking and problem-solving skills.
  - Develops fine motor skills and hand-eye coordination.

Additional Details:
  - Batteries: {battery_req}
  - Box dimensions: {dim_cm} cm
  - Recommended age: {age_range}+

The perfect gift for any occasion.",Toys & Games,Action Figures,Nerf,25.49,2.0,Original from products,2.0,2.0,3,3.0,2,2024-06-30,127.0,44.0,28.0,4.0,4.0,4.0,103.57,25.8925,19.87,34.65,63.64,9.09,14.29,0.82,2.35
2bb7db38-20ca-4318-9910-ee9802679169,Nike Womenswear in Brown,"Designed for those who refuse to compromise on style.

Key Features:
  - Easy care fabric - machine washable.
  - Four-way stretch fabric for unrestricted movement.
  - Moisture-wicking technology keeps you dry.
  - Premium {material} fabric for lasting comfort.
  - Breathable material keeps you comfortable all day.
  - Tailored fit that flatters every body type.

From casual outings to formal occasions, this piece transitions effortlessly across settings.

Available in multiple colors to suit your style.",Clothing & Accessories,Womenswear,Nike,79.66,,No rating available,,,0,0.0,1,2023-07-16,6.0,2.0,1.0,1.0,1.0,1.0,79.97,79.97,23.54,33.33,50.0,50.0,100.0,13.33,39.98
07d0959d-aa53-43e0-b844-ea183196b748,L'Oreal Haircare Treatment,"Transform your daily routine with the L'Oreal Haircare Treatment.

Key Features:
  - Suitable for sensitive skin.
  - Delicate fragrance that lingers throughout the day.
  - Rich, luxurious texture that absorbs quickly.
  - Dermatologist-tested and suitable for all skin types.

Additional Details:
  - Skin type: {skin_type}
  - Shelf life: {shelf_life}m

See the difference with every use.",Beauty & Personal Care,Haircare,L'Oreal,22.52,,No rating available,,,0,0.0,1,2023-10-15,16.0,7.0,4.0,1.0,1.0,1.0,21.7,21.7,20.12,43.75,57.14,14.29,25.0,1.36,3.1
da073e84-d1ca-4cc9-b1bd-c399cd13fe61,Continental Premium Car Accessorie,"Engineered for peak automotive performance.

Key Features:
  - Exceeds OEM specifications for quality and performance.
  - UV-resistant formula prevents fading and cracking.
  - Tested for quality and reliability.
  - Professional-grade formula for superior results.

Additional Details:
  - Volume: {volume_ml}ml
  - Temperature range: {temp_range}

Trusted by mechanics and enthusiasts worldwide.",Automotive,Car Accessories,Continental,27.66,5.0,Original from products,5.0,5.0,1,1.0,2,2024-01-04,13.0,6.0,5.0,1.0,1.0,2.0,57.44,28.72,23.39,46.15,83.33,16.67,20.0,4.42,9.57
b2f92c9c-a3df-4ffa-bbca-e47ae8022fe2,Spalding Max10 Outdoor Recreation,"The Spalding Max10 Outdoor Recreation is built for those who push their limits.

Key Features:
  - Lightweight design for effortless portability.
  - Ventilated design for breathability.
  - Ergonomic design reduces fatigue during extended use.
  - Reflective elements enhance visibility in low light.

Additional Details:
  - Dimensions: {dim_cm} cm
  - Capacity: {capacity_l}L
  - Weight: {weight_g}g

Trusted by athletes and adventurers worldwide.",Sports & Outdoors,Outdoor Recreation,Spalding,18.03,3.0,Original from products,3.0,3.0,1,1.0,1,2023-01-08,12.0,3.0,4.0,1.0,1.0,2.0,36.86,18.43,24.97,25.0,133.33,33.33,25.0,3.07,12.29
4036abc7-b954-434d-ad6f-df3f3a602bc5,Le Creuset Home Decor - Cream,"Designed to make your home more beautiful and functional.

Key Features:
  - Ergonomic design for comfortable use.
  - Easy to clean and maintain for everyday use.
  - Dishwasher safe for effortless cleaning.
  - Versatile design complements any decor style.
  - Stackable design for efficient storage.

Designed to enhance your living space while providing practical everyday functionality.

Backed by our satisfaction guarantee.",Home & Kitchen,Home Decor,Le Creuset,60.38,5.0,Original from products,5.0,5.0,1,1.0,106,2024-09-16,3.0,2.0,2.0,1.0,1.0,1.0,62.77,62.77,7.06,66.67,100.0,50.0,50.0,20.92,31.38
db631d35-ff3a-4c56-89f8-423c58983a9b,L'Oreal Aura Rollerball,"Nourish and pamper yourself with the L'Oreal Aura Rollerball.

Key Features:
  - Cruelty-free and never tested on animals.
  - Delicate fragrance that lingers throughout the day.
  - Free from parabens, sulfates, and phthalates.
  - Hydrating formula restores natural moisture balance.

Part of our commitment to clean beauty.",Beauty & Personal Care,Fragrance,L'Oreal,31.65,,No rating available,,,0,0.0,1,2024-08-17,8.0,9.0,2.0,0.0,0.0,0.0,0.0,0.0,12.38,112.5,22.22,0.0,0.0,0.0,0.0
66be4c4b-1532-42a8-86f3-51ef5e5d60d4,KitchenAid Furniture - Sand,"Elevate your everyday living with the KitchenAid Furniture - Sand.

Key Features:
  - Temperature resistant up to {temp_c} degrees.
  - Versatile design complements any decor style.
  - Ergonomic design for comfortable use.
  - Dishwasher safe for effortless cleaning.
  - Easy to clean and maintain for everyday use.

Designed to enhance your living space while providing practical everyday functionality.

Make every day extraordinary.",Home & Kitchen,Furniture,KitchenAid,14.13,,No rating available,,,0,0.0,4,2024-02-16,16.0,3.0,0.0,0.0,0.0,0.0,0.0,0.0,18.16,18.75,0.0,0.0,,0.0,0.0
711badf2-0969-4206-bab7-98747e445c38,Cuisinart Home Decor - Slate,"Elevate your everyday living with the Cuisinart Home Decor - Slate.

Key Features:
  - Temperature resistant up to {temp_c} degrees.
  - Dishwasher safe for effortless cleaning.
  - Elegant finish adds a touch of sophistication.
  - Versatile design complements any decor style.

Whether you are redecorating or just looking for that perfect finishing touch, this piece fits beautifully.

Designed for real life, built to last.",Home & Kitchen,Home Decor,Cuisinart,94.08,,No rating available,,,0,0.0,2,2023-08-09,5.0,0.0,3.0,0.0,0.0,0.0,0.0,0.0,18.47,0.0,,,0.0,0.0,
776df9ea-e13e-40b6-bb01-fa51110f4390,A premium legacy,"Discover the story behind A premium legacy.

Key Features:
  - Thought-provoking themes that resonate long after reading.
  - Includes exclusive content and illustrations.
  - Meticulously researched and expertly presented.
  - Beautifully written with vivid prose and memorable characters.
  - Features a foreword by a leading expert in the field.
  - Gripping narrative that keeps you turning pages.

Perfect for bedtime reading, book clubs, or casual enjoyment, this book offers something for everyone.

Additional Details:
  - A substantial read that delivers incredible value.
  - Available in multiple formats for your reading preference.

Order your copy today and start reading.",Books,Fiction,Cambridge Press,20.53,5.0,Original from products,5.0,5.0,1,1.0,2,2026-04-24,5.0,2.0,1.0,0.0,0.0,0.0,0.0,0.0,19.7,40.0,50.0,0.0,0.0,0.0,0.0
599afd9a-72f9-4f7e-b325-6f795e3d220e,Nike Accessorie - Sage,"Make a statement with the Nike Accessorie - Sage.

Key Features:
  - Easy care fabric - machine washable.
  - Classic design that never goes out of style.
  - Four-way stretch fabric for unrestricted movement.
  - Reinforced stitching for enhanced durability.
  - Versatile design transitions seamlessly from day to night.

Crafted with attention to detail, it offers the perfect balance of style and practicality.

Available in multiple colors to suit your style.",Clothing & Accessories,Accessories,Nike,69.04,,No rating available,,,0,0.0,1,2025-04-26,11.0,7.0,1.0,0.0,0.0,0.0,0.0,0.0,13.69,63.64,14.29,0.0,0.0,0.0,0.0
1f8ad473-b99b-4859-8ddb-78d1733577dd,Dell Core Pro,"The Dell Core Pro delivers exceptional performance for all your needs.

Key Features:
  - Premium build quality with aerospace-grade materials.
  - Long-lasting battery designed for all-day productivity.
  - Sleek, lightweight design for maximum portability.
  - Advanced connectivity options including WiFi 6 and Bluetooth 5.3.

Designed with the modern user in mind, it combines powerful performance with an intuitive interface.

Additional Details:
  - Slim and portable form factor for easy travel.
  - High-resolution display with vivid color reproduction.

Order today and experience the difference.",Electronics,Laptops,Dell,225.68,,No rating available,,,0,0.0,5,2024-08-15,4.0,2.0,2.0,0.0,0.0,0.0,0.0,0.0,15.78,50.0,100.0,0.0,0.0,0.0,0.0
34421bc0-cc97-4807-a0a7-5ad759d87c65,Le Creuset Rustic Lighting,"Designed to make your home more beautiful and functional.

Key Features:
  - Versatile design complements any decor style.
  - Stackable design for efficient storage.
  - Dishwasher safe for effortless cleaning.
  - Elegant finish adds a touch of sophistication.

Designed to enhance your living space while providing practical everyday functionality.

The perfect addition to any modern home.",Home & Kitchen,Lighting,Le Creuset,68.82,,No rating available,,,0,0.0,1,2025-06-20,5.0,1.0,0.0,0.0,0.0,0.0,0.0,0.0,16.68,20.0,0.0,0.0,,0.0,0.0
8326976a-f93c-45f1-9f15-07de1285060d,Apple X18 Ultrabook,"Upgrade your setup with the powerful Apple X18 Ultrabook.

Key Features:
  - Sleek, lightweight design for maximum portability.
  - Enhanced security features including biometric authentication.
  - Intuitive user interface with customizable settings.
  - Advanced cooling system for sustained performance.
  - Advanced connectivity options including WiFi 6 and Bluetooth 5.3.

Whether you are working from home, gaming, or streaming, this device is built to handle it all with ease.

Elevate your daily experience with this premium device.",Electronics,Laptops,Apple,215.97,,No rating available,,,0,0.0,27,2024-04-09,21.0,3.0,0.0,0.0,0.0,0.0,0.0,0.0,22.52,14.29,0.0,0.0,,0.0,0.0
86011e5c-52b7-4cbf-a9e1-f18981e6f241,KitchenAid Premium Nylon Bedding,"Transform your home with the KitchenAid Premium Nylon Bedding.

Key Features:
  - Elegant finish adds a touch of sophistication.
  - Ergonomic design for comfortable use.
  - Stackable design for efficient storage.
  - Space-saving design fits perfectly in any room.
  - Dishwasher safe for effortless cleaning.
  - Built to withstand daily use with durable construction.

Whether you are redecorating or just looking for that perfect finishing touch, this piece fits beautifully.

The perfect addition to any modern home.",Home & Kitchen,Bedding,KitchenAid,79.14,,No rating available,,,0,0.0,1,2023-09-26,4.0,3.0,2.0,2.0,2.0,2.0,157.01999999999998,78.50999999999999,24.05,75.0,66.67,66.67,100.0,39.25,52.34
78c15786-9013-4add-8b7d-2939a24ffebe,Entrepreneurship: A advanced History,"Entrepreneurship: A advanced History offers a fresh perspective on an important topic.

Key Features:
  - Award-winning author delivers another masterpiece.
  - Includes discussion questions for book clubs.
  - Meticulously researched and expertly presented.
  - Gripping narrative that keeps you turning pages.
  - Includes exclusive content and illustrations.
  - Beautifully written with vivid prose and memorable characters.

Perfect for bedtime reading, book clubs, or casual enjoyment, this book offers something for everyone.

Order your copy today and start reading.",Books,Non-Fiction,Penguin Books,5.64,,No rating available,,,0,0.0,10,2025-04-19,2.0,0.0,0.0,0.0,0.0,0.0,0.0,0.0,32.23,0.0,,,,0.0,
c64a19bc-f692-4de2-9ae5-454cd9d84637,Bosch Professional Tools & Equipment,"Engineered for peak automotive performance.

Key Features:
  - Professional-grade formula for superior results.
  - Quick-drying formula saves time.
  - Exceeds OEM specifications for quality and performance.
  - Tested for quality and reliability.
  - Weather-resistant for year-round protection.
  - Non-abrasive and safe for all surfaces.

Additional Details:
  - Temperature range: {temp_range}
  - Volume: {volume_ml}ml
  - Compatibility: {compat_info}

Performance you can count on.",Automotive,Tools & Equipment,Bosch,12.24,,No rating available,,,0,0.0,2,2025-08-18,10.0,5.0,1.0,0.0,0.0,0.0,0.0,0.0,10.88,50.0,20.0,0.0,0.0,0.0,0.0
8f18338c-4ecd-4288-bc47-d7682a3c7ec7,Sony Book1 Bluetooth Earbuds,"Engineered for excellence, the Sony Book1 Bluetooth Earbuds sets a new standard.

Key Features:
  - Features a high-resolution display with vivid color accuracy.
  - Equipped with the latest processor for seamless multitasking.
  - Enhanced security features including biometric authentication.
  - Long-lasting battery designed for all-day productivity.

Designed with the modern user in mind, it combines powerful performance with an intuitive interface.

Additional Details:
  - Connectivity: USB-C, HDMI, WiFi 6, Bluetooth.
  - High-resolution display with vivid color reproduction.
  - Long battery life for all-day usage.

Order today and experience the difference.",Electronics,Headphones,Sony,89.61,,No rating available,,,0,0.0,1,2025-03-22,6.0,2.0,4.0,0.0,0.0,0.0,0.0,0.0,13.96,33.33,200.0,0.0,0.0,0.0,0.0
e4728ecc-a82d-463e-83d3-a7cb9a30123b,Wilson Camping Gear Kit,"Take your performance to the next level with the Wilson Camping Gear Kit.

Key Features:
  - Lightweight design for effortless portability.
  - Adjustable features for customized fit.
  - Ventilated design for breathability.
  - Compression-molded for compact storage.

Ready for wherever your journey takes you.",Sports & Outdoors,Camping Gear,Wilson,50.88,,No rating available,,,0,0.0,1,2024-12-07,10.0,2.0,0.0,0.0,0.0,0.0,0.0,0.0,18.43,20.0,0.0,0.0,,0.0,0.0
2cb05a68-8668-4506-960f-2457204261f5,KitchenAid Premium Kitchenware,"The KitchenAid Premium Kitchenware brings both style and function to your space.

Key Features:
  - Dishwasher safe for effortless cleaning.
  - Crafted from premium {material} for lasting quality.
  - Elegant finish adds a touch of sophistication.
  - Versatile design complements any decor style.
  - Stackable design for efficient storage.
  - Ergonomic design for comfortable use.

Designed to enhance your living space while providing practical everyday functionality.

Backed by our satisfaction guarantee.",Home & Kitchen,Kitchenware,KitchenAid,57.91,,No rating available,,,0,0.0,140,2023-01-04,15.0,6.0,6.0,0.0,0.0,0.0,0.0,0.0,15.67,40.0,100.0,0.0,0.0,0.0,0.0
17c54b71-8faa-43b5-9416-a11b5715b4a2,LG Edge17 Smartphone,"Upgrade your setup with the powerful LG Edge17 Smartphone.

Key Features:
  - Equipped with the latest processor for seamless multitasking.
  - Advanced connectivity options including WiFi 6 and Bluetooth 5.3.
  - Supports high-resolution audio for immersive sound.
  - Advanced cooling system for sustained performance.

Whether you are working from home, gaming, or streaming, this device is built to handle it all with ease.

Additional Details:
  - Slim and portable form factor for easy travel.
  - Long battery life for all-day usage.
  - Connectivity: USB-C, HDMI, WiFi 6, Bluetooth.

Order today and experience the difference.",Electronics,Smartphones,LG,188.28,,No rating available,,,0,0.0,3,2025-03-06,5.0,1.0,2.0,0.0,0.0,0.0,0.0,0.0,23.37,20.0,200.0,0.0,0.0,0.0,0.0
e38d1f5f-2a70-46be-acaa-92edc3c81788,Adidas Menswear in Green,"The Adidas Menswear in Green combines style with everyday comfort.

Key Features:
  - Reinforced stitching for enhanced durability.
  - Easy care fabric - machine washable.
  - Versatile design transitions seamlessly from day to night.
  - Eco-friendly materials sourced sustainably.
  - Classic design that never goes out of style.
  - Premium {material} fabric for lasting comfort.

From casual outings to formal occasions, this piece transitions effortlessly across settings.

A must-have addition to any wardrobe.",Clothing & Accessories,Menswear,Adidas,68.42,4.0,Original from products,4.0,4.0,1,1.0,1,2025-02-10,96.0,32.0,19.0,3.0,3.0,8.0,542.03,67.8,18.18,33.33,59.38,9.38,15.79,5.65,16.94
ddea521a-f6e7-4379-9a0f-841f828b1473,Samsung Accessorie Stand,"The Samsung Accessorie Stand delivers exceptional performance for all your needs.

Key Features:
  - Enhanced security features including biometric authentication.
  - Sleek, lightweight design for maximum portability.
  - Advanced cooling system for sustained performance.
  - Advanced connectivity options including WiFi 6 and Bluetooth 5.3.

Designed with the modern user in mind, it combines powerful performance with an intuitive interface.

Elevate your daily experience with this premium device.",Electronics,Accessories,Samsung,335.15,,No rating available,,,0,0.0,1,2024-05-29,0.0,0.0,0.0,0.0,0.0,0.0,0.0,0.0,0.0,,,,,,
c854a70f-ffd2-43a3-94b0-794fd0cb9733,Adidas Womenswear in Red,"Elevate your wardrobe with the Adidas Womenswear in Red.

Key Features:
  - Versatile design transitions seamlessly from day to night.
  - Moisture-wicking technology keeps you dry.
  - Tailored fit that flatters every body type.
  - Premium {material} fabric for lasting comfort.
  - Eco-friendly materials sourced sustainably.

From casual outings to formal occasions, this piece transitions effortlessly across settings.

Additional Details:
  - Available in multiple sizes for the perfect fit.
  - Designed for comfort with a tailored silhouette.

Available in multiple colors to suit your style.",Clothing & Accessories,Womenswear,Adidas,20.74,4.0,Original from products,4.0,4.0,3,3.0,57,2023-10-31,49.0,23.0,15.0,2.0,2.0,2.0,42.69,21.345,19.16,46.94,65.22,8.7,13.33,0.87,1.86
85016e04-8cd0-47e3-8b77-52d6de00cfcf,Nike Premium Menswear,"Elevate your wardrobe with the Nike Premium Menswear.

Key Features:
  - Breathable material keeps you comfortable all day.
  - Four-way stretch fabric for unrestricted movement.
  - Moisture-wicking technology keeps you dry.
  - Premium {material} fabric for lasting comfort.

Crafted with attention to detail, it offers the perfect balance of style and practicality.

Additional Details:
  - Premium fabric construction for lasting wear.
  - Designed for comfort with a tailored silhouette.
  - Available in multiple sizes for the perfect fit.

Join thousands of satisfied customers worldwide.",Clothing & Accessories,Menswear,Nike,40.39,5.0,Original from products,5.0,5.0,1,1.0,3,2026-05-05,5.0,2.0,0.0,0.0,0.0,0.0,0.0,0.0,16.76,40.0,0.0,0.0,,0.0,0.0
f50de20e-3700-4d59-b65c-aaf826bd1f94,Le Creuset Smart Lighting,"Designed to make your home more beautiful and functional.

Key Features:
  - Space-saving design fits perfectly in any room.
  - Built to withstand daily use with durable construction.
  - Temperature resistant up to {temp_c} degrees.
  - Crafted from premium {material} for lasting quality.
  - Stackable design for efficient storage.

Whether you are redecorating or just looking for that perfect finishing touch, this piece fits beautifully.

Designed for real life, built to last.",Home & Kitchen,Lighting,Le Creuset,25.93,,No rating available,,,0,0.0,1,2024-04-12,5.0,1.0,1.0,0.0,0.0,0.0,0.0,0.0,21.38,20.0,100.0,0.0,0.0,0.0,0.0
2615e520-795d-4a24-9d47-5b4307afebf8,Modern of time,"Dive into the captivating world of Modern of time.

Key Features:
  - Comprehensive coverage of the subject matter.
  - Gripping narrative that keeps you turning pages.
  - Includes discussion questions for book clubs.
  - Beautifully written with vivid prose and memorable characters.

Whether you are a longtime fan or new to the genre, this book will captivate you from the first page.

Order your copy today and start reading.",Books,Fiction,Penguin Books,12.74,2.0,Original from products,2.0,2.0,1,1.0,2,2023-12-06,1.0,2.0,2.0,0.0,0.0,0.0,0.0,0.0,14.51,200.0,100.0,0.0,0.0,0.0,0.0
0cae6b2b-a5f9-43e7-8349-92ad987901ec,Apple Pro8 Bluetooth Earbuds,"Upgrade your setup with the powerful Apple Pro8 Bluetooth Earbuds.

Key Features:
  - Intuitive user interface with customizable settings.
  - Enhanced security features including biometric authentication.
  - Advanced connectivity options including WiFi 6 and Bluetooth 5.3.
  - Premium build quality with aerospace-grade materials.
  - Advanced cooling system for sustained performance.

Designed with the modern user in mind, it combines powerful performance with an intuitive interface.

Elevate your daily experience with this premium device.",Electronics,Headphones,Apple,187.9,,No rating available,,,0,0.0,8,2025-05-30,20.0,7.0,1.0,0.0,0.0,0.0,0.0,0.0,14.4,35.0,14.29,0.0,0.0,0.0,0.0
1e9375d3-32a3-4855-9af4-f0d384694c2b,Apple X12 Activity Band,"Engineered for excellence, the Apple X12 Activity Band sets a new standard.

Key Features:
  - Sleek, lightweight design for maximum portability.
  - Premium build quality with aerospace-grade materials.
  - Advanced connectivity options including WiFi 6 and Bluetooth 5.3.
  - Supports high-resolution audio for immersive sound.
  - Features a high-resolution display with vivid color accuracy.
  - Enhanced security features including biometric authentication.

Designed with the modern user in mind, it combines powerful performance with an intuitive interface.

Perfect for professionals and enthusiasts alike.",Electronics,Wearables,Apple,13.8,,No rating available,,,0,0.0,6,2024-08-24,62.0,24.0,18.0,1.0,1.0,1.0,14.11,14.11,18.82,38.71,75.0,4.17,5.56,0.23,0.59
b5f57c4a-54b3-4636-b454-1722c7540a17,"Samsung Ultra 13"" Display Tablet","The Samsung Ultra 13"" Display Tablet delivers exceptional performance for all your needs.

Key Features:
  - Equipped with the latest processor for seamless multitasking.
  - Supports high-resolution audio for immersive sound.
  - Premium build quality with aerospace-grade materials.
  - Advanced connectivity options including WiFi 6 and Bluetooth 5.3.
  - Sleek, lightweight design for maximum portability.

Whether you are working from home, gaming, or streaming, this device is built to handle it all with ease.

Perfect for professionals and enthusiasts alike.",Electronics,Tablets,Samsung,811.19,,No rating available,,,0,0.0,23,2024-11-26,2.0,3.0,1.0,0.0,0.0,0.0,0.0,0.0,23.24,150.0,33.33,0.0,0.0,0.0,0.0
7465f92f-fc91-4f1e-8989-636192034112,My First Finance,"Discover the story behind My First Finance.

Key Features:
  - Meticulously researched and expertly presented.
  - Beautifully written with vivid prose and memorable characters.
  - Features a foreword by a leading expert in the field.
  - Comprehensive coverage of the subject matter.
  - Perfect for book clubs and group discussions.

Whether you are a longtime fan or new to the genre, this book will captivate you from the first page.

Additional Details:
  - Available in multiple formats for your reading preference.
  - A substantial read that delivers incredible value.
  - Critically acclaimed with outstanding reader reviews.

Critically acclaimed and reader-approved.",Books,Children's Books,HarperCollins,18.58,,No rating available,,,0,0.0,1,2025-03-19,12.0,2.0,6.0,0.0,0.0,0.0,0.0,0.0,16.69,16.67,300.0,0.0,0.0,0.0,0.0
c7d4af0f-6f0b-45fd-b222-7316c071f512,Nike Z8 Running Shoes,"Designed for those who refuse to compromise on style.

Key Features:
  - Four-way stretch fabric for unrestricted movement.
  - Versatile design transitions seamlessly from day to night.
  - Eco-friendly materials sourced sustainably.
  - Reinforced stitching for enhanced durability.

Crafted with attention to detail, it offers the perfect balance of style and practicality.

Additional Details:
  - Designed for comfort with a tailored silhouette.
  - Available in multiple sizes for the perfect fit.

Available in multiple colors to suit your style.",Clothing & Accessories,Footwear,Nike,24.48,3.0,Original from products,3.0,3.0,1,1.0,1,2024-04-04,10.0,3.0,2.0,1.0,1.0,1.0,25.55,25.55,11.87,30.0,66.67,33.33,50.0,2.56,8.52
8c08b507-1f47-4e21-beb5-258709f5c6d3,An Premium Pioneer: Principles and Applications,"Discover the story behind An Premium Pioneer: Principles and Applications.

Key Features:
  - Award-winning author delivers another masterpiece.
  - Beautifully written with vivid prose and memorable characters.
  - Thought-provoking themes that resonate long after reading.
  - Features a foreword by a leading expert in the field.

Perfect for bedtime reading, book clubs, or casual enjoyment, this book offers something for everyone.

Already a bestseller in multiple countries.",Books,Comics,Oxford University Press,36.7,5.0,Original from products,5.0,5.0,1,1.0,3,2023-07-09,11.0,2.0,3.0,1.0,1.0,1.0,36.57,36.57,16.04,18.18,150.0,50.0,33.33,3.32,18.28
20eb21bc-729f-4a94-842c-c415b73440c6,Ralph Lauren Premium Menswear,"Elevate your wardrobe with the Ralph Lauren Premium Menswear.

Key Features:
  - Tailored fit that flatters every body type.
  - Premium {material} fabric for lasting comfort.
  - Classic design that never goes out of style.
  - Versatile design transitions seamlessly from day to night.
  - Reinforced stitching for enhanced durability.

Crafted with attention to detail, it offers the perfect balance of style and practicality.

Additional Details:
  - Available in multiple sizes for the perfect fit.
  - Premium fabric construction for lasting wear.

Join thousands of satisfied customers worldwide.",Clothing & Accessories,Menswear,Ralph Lauren,28.41,,No rating available,,,0,0.0,1,2023-07-28,9.0,4.0,1.0,0.0,0.0,0.0,0.0,0.0,13.8,44.44,25.0,0.0,0.0,0.0,0.0
1d4e8909-0873-43a1-87f9-c968b439d6e1,Apple Accessorie Adapter,"Engineered for excellence, the Apple Accessorie Adapter sets a new standard.

Key Features:
  - Long-lasting battery designed for all-day productivity.
  - Equipped with the latest processor for seamless multitasking.
  - Features a high-resolution display with vivid color accuracy.
  - Intuitive user interface with customizable settings.

Designed with the modern user in mind, it combines powerful performance with an intuitive interface.

Backed by a comprehensive warranty and dedicated support.",Electronics,Accessories,Apple,164.58,,No rating available,,,0,0.0,1,2026-03-17,6.0,0.0,1.0,0.0,0.0,0.0,0.0,0.0,21.98,0.0,,,0.0,0.0,
027dba4e-9f9b-42a3-9083-a37076fda985,Goodyear Synthetic Fluid,"Protect and enhance your vehicle with the Goodyear Synthetic Fluid.

Key Features:
  - UV-resistant formula prevents fading and cracking.
  - Tested for quality and reliability.
  - Weather-resistant for year-round protection.
  - Non-abrasive and safe for all surfaces.
  - Exceeds OEM specifications for quality and performance.
  - Professional-grade formula for superior results.

Additional Details:
  - Temperature range: {temp_range}
  - Volume: {volume_ml}ml

Your vehicle deserves the best care.",Automotive,Fluids,Goodyear,24.89,4.0,Original from products,4.0,4.0,1,1.0,2,2024-09-22,9.0,2.0,2.0,1.0,1.0,1.0,25.75,25.75,19.36,22.22,100.0,50.0,50.0,2.86,12.88
c30f55f0-90c3-46b6-a757-206ad5548872,Apple Wireless Accessorie,"The Apple Wireless Accessorie delivers exceptional performance for all your needs.

Key Features:
  - Premium build quality with aerospace-grade materials.
  - Long-lasting battery designed for all-day productivity.
  - Intuitive user interface with customizable settings.
  - Equipped with the latest processor for seamless multitasking.
  - Enhanced security features including biometric authentication.

Whether you are working from home, gaming, or streaming, this device is built to handle it all with ease.

Additional Details:
  - High-resolution display with vivid color reproduction.
  - Connectivity: USB-C, HDMI, WiFi 6, Bluetooth.

Order today and experience the difference.",Electronics,Accessories,Apple,476.77,,No rating available,,,0,0.0,1,2024-06-04,1.0,4.0,2.0,0.0,0.0,0.0,0.0,0.0,12.19,400.0,50.0,0.0,0.0,0.0,0.0
4dca5eb4-81a3-4758-abbb-f82a3512b877,Belkin Elite Edge11 Laptop,"Upgrade your setup with the powerful Belkin Elite Edge11 Laptop.

Key Features:
  - Enhanced security features including biometric authentication.
  - Premium build quality with aerospace-grade materials.
  - Long-lasting battery designed for all-day productivity.
  - Advanced connectivity options including WiFi 6 and Bluetooth 5.3.

Designed with the modern user in mind, it combines powerful performance with an intuitive interface.

Backed by a comprehensive warranty and dedicated support.",Electronics,Laptops,Belkin,139.37,,No rating available,,,0,0.0,1,2024-02-03,12.0,1.0,0.0,0.0,0.0,0.0,0.0,0.0,22.46,8.33,0.0,0.0,,0.0,0.0
0a337711-3362-422b-918b-b36bf81feccb,Apple Series2 Pro 5G,"The Apple Series2 Pro 5G delivers exceptional performance for all your needs.

Key Features:
  - Intuitive user interface with customizable settings.
  - Enhanced security features including biometric authentication.
  - Long-lasting battery designed for all-day productivity.
  - Features a high-resolution display with vivid color accuracy.

Whether you are working from home, gaming, or streaming, this device is built to handle it all with ease.

Additional Details:
  - Slim and portable form factor for easy travel.
  - Connectivity: USB-C, HDMI, WiFi 6, Bluetooth.

Order today and experience the difference.",Electronics,Smartphones,Apple,166.55,5.0,Original from products,5.0,5.0,1,1.0,1,2025-06-18,11.0,4.0,4.0,1.0,1.0,1.0,170.09,170.09,15.56,36.36,100.0,25.0,25.0,15.46,42.52
5dfa0ac8-a67b-4d42-9877-036cead74d27,Staples Printer Pro,"The Staples Printer Pro streamlines your workflow.

Key Features:
  - Built to withstand daily use in demanding environments.
  - Ergonomic design reduces strain during extended use.
  - Premium materials ensure long-lasting performance.
  - Easy setup with no assembly required.

Designed for the way you work.",Office Products,Printers,Staples,41.18,3.7,Original from products,3.7,3.6666666666666665,3,3.0,1,2026-02-12,103.0,28.0,16.0,3.0,3.0,4.0,166.76,41.71,19.65,27.18,57.14,10.71,18.75,1.62,5.96
7eae57c1-c5f0-403f-94c2-adccd2e891d7,Wilson Max10 Team Sport,"Conquer any challenge with the Wilson Max10 Team Sport.

Key Features:
  - Quick-setup system saves time and hassle.
  - Lightweight design for effortless portability.
  - Ergonomic design reduces fatigue during extended use.
  - Weather-resistant materials keep you protected.

Additional Details:
  - Capacity: {capacity_l}L
  - Material: {material_quality} {material}

Trusted by athletes and adventurers worldwide.",Sports & Outdoors,Team Sports,Wilson,78.13,,No rating available,,,0,0.0,1,2025-08-16,8.0,3.0,3.0,0.0,0.0,0.0,0.0,0.0,19.54,37.5,100.0,0.0,0.0,0.0,0.0
c2e167b0-7512-4854-a8da-f1f3d8f6a0af,Wilson Pro Team Sport,"Conquer any challenge with the Wilson Pro Team Sport.

Key Features:
  - Compression-molded for compact storage.
  - Ventilated design for breathability.
  - Quick-setup system saves time and hassle.
  - Durable construction withstands the toughest conditions.

Additional Details:
  - Dimensions: {dim_cm} cm
  - Capacity: {capacity_l}L

Ready for wherever your journey takes you.",Sports & Outdoors,Team Sports,Wilson,53.24,3.5,Original from products,3.5,3.5,2,2.0,1,2024-10-28,6.0,4.0,4.0,1.0,1.0,1.0,53.56,53.56,11.99,66.67,100.0,25.0,25.0,8.93,13.39
29bd55a5-5ba9-4ddb-abf7-a7e11113e713,Post-it Organization Set,"Boost your productivity with the Post-it Organization Set.

Key Features:
  - Compatible with standard office supplies and accessories.
  - Built to withstand daily use in demanding environments.
  - Space-saving profile fits any desk setup.
  - Easy setup with no assembly required.

Designed for the way you work.",Office Products,Organization,Post-it,38.94,4.0,Original from products,4.0,4.0,1,1.0,1,2024-08-15,30.0,12.0,5.0,2.0,2.0,5.0,199.03,39.765,19.85,40.0,41.67,16.67,40.0,6.63,16.59
ec18ade1-b0a3-48c3-bc9f-de34fc29c34e,Samsung Air7 DSLR,"The Samsung Air7 DSLR delivers exceptional performance for all your needs.

Key Features:
  - Advanced cooling system for sustained performance.
  - Sleek, lightweight design for maximum portability.
  - Features a high-resolution display with vivid color accuracy.
  - Long-lasting battery designed for all-day productivity.
  - Intuitive user interface with customizable settings.
  - Advanced connectivity options including WiFi 6 and Bluetooth 5.3.

Designed with the modern user in mind, it combines powerful performance with an intuitive interface.

Elevate your daily experience with this premium device.",Electronics,Cameras,Samsung,886.76,,No rating available,,,0,0.0,1,2025-12-15,1.0,0.0,0.0,0.0,0.0,0.0,0.0,0.0,89.23,0.0,,,,0.0,
51aaaec0-3190-4437-bd77-d17378d85bb0,Staples Adjustable Office Furniture,"Boost your productivity with the Staples Adjustable Office Furniture.

Key Features:
  - Built to withstand daily use in demanding environments.
  - Streamlines your workflow for maximum efficiency.
  - Adjustable settings for personalized comfort.
  - Premium materials ensure long-lasting performance.
  - Smooth, quiet operation for focused work.

Designed for the way you work.",Office Products,Office Furniture,Staples,24.2,,No rating available,,,0,0.0,2,2025-12-03,9.0,8.0,0.0,0.0,0.0,0.0,0.0,0.0,10.48,88.89,0.0,0.0,,0.0,0.0
d37b86a6-746e-48e8-a8af-8d1cfd60864b,Adidas Womenswear in Red,"Make a statement with the Adidas Womenswear in Red.

Key Features:
  - Four-way stretch fabric for unrestricted movement.
  - Classic design that never goes out of style.
  - Premium {material} fabric for lasting comfort.
  - Eco-friendly materials sourced sustainably.
  - Moisture-wicking technology keeps you dry.

Crafted with attention to detail, it offers the perfect balance of style and practicality.

Join thousands of satisfied customers worldwide.",Clothing & Accessories,Womenswear,Adidas,37.54,,No rating available,,,0,0.0,1,2024-05-01,5.0,4.0,4.0,0.0,0.0,0.0,0.0,0.0,11.16,80.0,100.0,0.0,0.0,0.0,0.0
370d21fc-9e17-4f91-be42-ab3f8891324a,CamelBak Adjustable Fitness Equipment,"Engineered for peak performance in any condition.

Key Features:
  - Reinforced stress points for long-lasting durability.
  - Compression-molded for compact storage.
  - Durable construction withstands the toughest conditions.
  - Ventilated design for breathability.
  - Quick-setup system saves time and hassle.
  - Weather-resistant materials keep you protected.

Trusted by athletes and adventurers worldwide.",Sports & Outdoors,Fitness Equipment,CamelBak,60.93,5.0,Original from products,5.0,5.0,1,1.0,1,2026-04-17,6.0,2.0,4.0,1.0,1.0,3.0,183.39,61.13,16.26,33.33,200.0,50.0,25.0,30.56,91.7
73a2d656-ffa8-458d-9fc2-d7489c59329f,Instant Pot Modern Furniture,"Elevate your everyday living with the Instant Pot Modern Furniture.

Key Features:
  - Elegant finish adds a touch of sophistication.
  - Versatile design complements any decor style.
  - Ergonomic design for comfortable use.
  - Space-saving design fits perfectly in any room.
  - Dishwasher safe for effortless cleaning.

Designed to enhance your living space while providing practical everyday functionality.

Additional Details:
  - Available in a variety of finishes.
  - Dimensions: perfectly sized for your space.

The perfect addition to any modern home.",Home & Kitchen,Furniture,Instant Pot,105.47,,No rating available,,,0,0.0,1,2025-10-28,29.0,10.0,7.0,0.0,0.0,0.0,0.0,0.0,26.03,34.48,70.0,0.0,0.0,0.0,0.0
ea0afd71-a6f0-4e9c-b905-b62721bca09f,Cuisinart Furniture Set,"Designed to make your home more beautiful and functional.

Key Features:
  - Crafted from premium {material} for lasting quality.
  - Elegant finish adds a touch of sophistication.
  - Easy to clean and maintain for everyday use.
  - Stackable design for efficient storage.

Designed to enhance your living space while providing practical everyday functionality.

Additional Details:
  - Dimensions: perfectly sized for your space.
  - Premium materials for lasting quality.

The perfect addition to any modern home.",Home & Kitchen,Furniture,Cuisinart,30.48,,No rating available,,,0,0.0,1,2025-11-21,11.0,4.0,2.0,0.0,0.0,0.0,0.0,0.0,24.13,36.36,50.0,0.0,0.0,0.0,0.0
25debbec-d996-4422-8c51-d35343de8bb1,Bosch Electronic Display,"Engineered for peak automotive performance.

Key Features:
  - Non-abrasive and safe for all surfaces.
  - Weather-resistant for year-round protection.
  - Long-lasting protection against the elements.
  - UV-resistant formula prevents fading and cracking.

Trusted by mechanics and enthusiasts worldwide.",Automotive,Electronics,Bosch,28.8,4.5,Original from products,4.5,4.5,2,2.0,5,2023-03-12,68.0,30.0,13.0,3.0,3.0,5.0,146.01999999999998,28.94,19.47,44.12,43.33,10.0,23.08,2.15,4.87
b8370e9e-7970-4cac-a79f-3f8f5d18beae,Apple Air2 Fitness Tracker,"Engineered for excellence, the Apple Air2 Fitness Tracker sets a new standard.

Key Features:
  - Premium build quality with aerospace-grade materials.
  - Intuitive user interface with customizable settings.
  - Sleek, lightweight design for maximum portability.
  - Advanced connectivity options including WiFi 6 and Bluetooth 5.3.
  - Supports high-resolution audio for immersive sound.

Whether you are working from home, gaming, or streaming, this device is built to handle it all with ease.

Additional Details:
  - High-resolution display with vivid color reproduction.
  - Long battery life for all-day usage.
  - Connectivity: USB-C, HDMI, WiFi 6, Bluetooth.

Order today and experience the difference.",Electronics,Wearables,Apple,51.13,5.0,Original from products,5.0,5.0,1,1.0,1,2023-06-12,5.0,5.0,3.0,1.0,1.0,1.0,52.92,52.92,11.2,100.0,60.0,20.0,33.33,10.58,10.58
a3cf009c-a949-4612-a91d-54c0c6076472,Swingline Heavy-Duty Supplie,"Stay organized and productive with the Swingline Heavy-Duty Supplie.

Key Features:
  - Ergonomic design reduces strain during extended use.
  - Built to withstand daily use in demanding environments.
  - Adjustable settings for personalized comfort.
  - Eco-friendly materials and packaging.
  - Premium materials ensure long-lasting performance.
  - Compatible with standard office supplies and accessories.

Designed for the way you work.",Office Products,Supplies,Swingline,9.83,4.5,Original from products,4.5,4.5,2,2.0,1,2024-01-07,9.0,4.0,3.0,1.0,1.0,1.0,10.07,10.07,17.72,44.44,75.0,25.0,33.33,1.12,2.52
0ae12b0d-c386-4668-9fef-676f4ab93216,Le Creuset Microfiber Kitchenware,"Elevate your everyday living with the Le Creuset Microfiber Kitchenware.

Key Features:
  - Easy to clean and maintain for everyday use.
  - Temperature resistant up to {temp_c} degrees.
  - Crafted from premium {material} for lasting quality.
  - Built to withstand daily use with durable construction.
  - Stackable design for efficient storage.

Designed to enhance your living space while providing practical everyday functionality.

Additional Details:
  - Easy to clean and maintain.
  - Dimensions: perfectly sized for your space.

Designed for real life, built to last.",Home & Kitchen,Kitchenware,Le Creuset,32.14,,No rating available,,,0,0.0,3,2025-08-07,19.0,9.0,3.0,0.0,0.0,0.0,0.0,0.0,19.13,47.37,33.33,0.0,0.0,0.0,0.0
3ea4fffe-c11a-4d38-9dfd-a55452ede270,Spalding Cycling Pro,"Engineered for peak performance in any condition.

Key Features:
  - Ergonomic design reduces fatigue during extended use.
  - Adjustable features for customized fit.
  - Quick-setup system saves time and hassle.
  - Reflective elements enhance visibility in low light.
  - Lightweight design for effortless portability.
  - Compression-molded for compact storage.

Performance you can rely on.",Sports & Outdoors,Cycling,Spalding,53.18,4.0,Original from products,4.0,4.0,1,1.0,2,2023-04-08,74.0,27.0,11.0,3.0,3.0,4.0,212.39999999999998,52.60666666666666,15.93,36.49,40.74,11.11,27.27,2.87,7.87
f81e1fd5-a01b-4fbe-81d6-5dc5ab19b03c,Castrol Prime7 Electronic,"Protect and enhance your vehicle with the Castrol Prime7 Electronic.

Key Features:
  - Long-lasting protection against the elements.
  - UV-resistant formula prevents fading and cracking.
  - Weather-resistant for year-round protection.
  - Easy application with no special tools required.
  - Quick-drying formula saves time.
  - Non-abrasive and safe for all surfaces.

Your vehicle deserves the best care.",Automotive,Electronics,Castrol,120.75,4.8,Original from products,4.8,4.777777777777778,9,9.0,1,2023-04-14,692.0,259.0,180.0,19.0,19.0,23.0,2791.99,121.39684210526316,18.34,37.43,69.5,7.34,10.56,4.03,10.78
08676ed8-777d-4ad4-9377-bf76bb6fb98b,Apple Classic Tab,"Experience cutting-edge technology with the Apple Classic Tab.

Key Features:
  - Enhanced security features including biometric authentication.
  - Long-lasting battery designed for all-day productivity.
  - Equipped with the latest processor for seamless multitasking.
  - Features a high-resolution display with vivid color accuracy.
  - Intuitive user interface with customizable settings.

Whether you are working from home, gaming, or streaming, this device is built to handle it all with ease.

Elevate your daily experience with this premium device.",Electronics,Tablets,Apple,218.29,,No rating available,,,0,0.0,21,2023-02-09,7.0,4.0,4.0,1.0,1.0,1.0,210.83,210.83,16.19,57.14,100.0,25.0,25.0,30.12,52.71
24028209-ddfe-4ac2-9205-fff5cd6df978,"PepsiCo Pantry Staple - 27""","The PepsiCo Pantry Staple - 27"" brings premium quality to your table.

Key Features:
  - Versatile ingredient for countless recipes.
  - No artificial preservatives or additives.
  - Premium quality guaranteed by our master artisans.
  - Freshness sealed for optimal taste.

Additional Details:
  - Shelf life: {shelf_life}m
  - Country of origin: {origin_country}
  - Net weight: {weight_g}g

From our family to yours.",Grocery & Gourmet,Pantry Staples,PepsiCo,5.07,3.0,Original from products,3.0,3.0,1,1.0,1,2023-08-28,11.0,3.0,0.0,0.0,0.0,0.0,0.0,0.0,26.03,27.27,0.0,0.0,,0.0,0.0
9a4c5e8a-5831-4b7f-8a36-28150eeea59e,Apex and the professional apex,"Dive into the captivating world of Apex and the professional apex.

Key Features:
  - Includes exclusive content and illustrations.
  - Comprehensive coverage of the subject matter.
  - Perfect for book clubs and group discussions.
  - Meticulously researched and expertly presented.

Whether you are a longtime fan or new to the genre, this book will captivate you from the first page.

Order your copy today and start reading.",Books,Children's Books,Penguin Books,9.73,,No rating available,,,0,0.0,41,2026-02-19,0.0,0.0,0.0,0.0,0.0,0.0,0.0,0.0,0.0,,,,,,
15aab0b8-557b-4fed-b273-06eee86de77d,L'Oreal Haircare Shampoo,"The L'Oreal Haircare Shampoo is your new essential for radiant skin.

Key Features:
  - Dermatologist-tested and suitable for all skin types.
  - Clinically proven results with regular use.
  - Formulated with natural ingredients for gentle care.
  - Suitable for sensitive skin.
  - Cruelty-free and never tested on animals.
  - Hydrating formula restores natural moisture balance.

See the difference with every use.",Beauty & Personal Care,Haircare,L'Oreal,46.86,4.0,Original from products,4.0,4.0,5,5.0,1,2025-06-18,186.0,59.0,43.0,9.0,9.0,13.0,620.06,47.25333333333333,19.84,31.72,72.88,15.25,20.93,3.33,10.51
2af47ff5-b419-4687-a803-5da416791c9a,Samsung Air12 In-Ear Monitors,"Experience cutting-edge technology with the Samsung Air12 In-Ear Monitors.

Key Features:
  - Sleek, lightweight design for maximum portability.
  - Premium build quality with aerospace-grade materials.
  - Advanced connectivity options including WiFi 6 and Bluetooth 5.3.
  - Supports high-resolution audio for immersive sound.

Whether you are working from home, gaming, or streaming, this device is built to handle it all with ease.

Additional Details:
  - High-resolution display with vivid color reproduction.
  - Connectivity: USB-C, HDMI, WiFi 6, Bluetooth.

Perfect for professionals and enthusiasts alike.",Electronics,Headphones,Samsung,330.06,5.0,Original from products,5.0,5.0,1,1.0,1,2025-06-12,26.0,2.0,5.0,1.0,1.0,1.0,314.09,314.09,23.72,7.69,250.0,50.0,20.0,12.08,157.04
8da0a9ff-c2ca-4dbc-ada0-b81e99c86412,Shadow Agent: From Theory to Practice,"Shadow Agent: From Theory to Practice is a compelling read you won't want to put down.

Key Features:
  - Includes exclusive content and illustrations.
  - Features a foreword by a leading expert in the field.
  - Thought-provoking themes that resonate long after reading.
  - Perfect for book clubs and group discussions.
  - Meticulously researched and expertly presented.

Perfect for bedtime reading, book clubs, or casual enjoyment, this book offers something for everyone.

Already a bestseller in multiple countries.",Books,Comics,Penguin Books,14.2,,No rating available,,,0,0.0,1,2023-12-31,1.0,0.0,1.0,0.0,0.0,0.0,0.0,0.0,5.73,0.0,,,0.0,0.0,
1af2ed68-8b17-4484-b5e9-2aab1d96497b,Schwinn Waterproof Camping Gear,"Take your performance to the next level with the Schwinn Waterproof Camping Gear.

Key Features:
  - Ventilated design for breathability.
  - Ergonomic design reduces fatigue during extended use.
  - Compression-molded for compact storage.
  - Quick-setup system saves time and hassle.
  - Durable construction withstands the toughest conditions.

Built to last, backed by our warranty.",Sports & Outdoors,Camping Gear,Schwinn,42.17,5.0,Original from products,5.0,5.0,4,4.0,1,2025-02-18,70.0,24.0,21.0,6.0,6.0,10.0,415.48,42.26666666666667,16.71,34.29,87.5,25.0,28.57,5.94,17.31
ed7fbf83-108c-43eb-979c-ba557f72567e,KitchenAid Decorative Home Decor,"Transform your home with the KitchenAid Decorative Home Decor.

Key Features:
  - Crafted from premium {material} for lasting quality.
  - Ergonomic design for comfortable use.
  - Elegant finish adds a touch of sophistication.
  - Easy to clean and maintain for everyday use.
  - Stackable design for efficient storage.
  - Versatile design complements any decor style.

Whether you are redecorating or just looking for that perfect finishing touch, this piece fits beautifully.

Backed by our satisfaction guarantee.",Home & Kitchen,Home Decor,KitchenAid,93.49,5.0,Original from products,5.0,5.0,2,2.0,1,2025-08-29,18.0,5.0,5.0,1.0,1.0,1.0,97.18,97.18,20.14,27.78,100.0,20.0,20.0,5.4,19.44
8dccb08e-c4da-4377-88ba-d6f70abd52f6,"Lenovo Pro 32""","The Lenovo Pro 32"" delivers exceptional performance for all your needs.

Key Features:
  - Equipped with the latest processor for seamless multitasking.
  - Advanced cooling system for sustained performance.
  - Premium build quality with aerospace-grade materials.
  - Features a high-resolution display with vivid color accuracy.

Designed with the modern user in mind, it combines powerful performance with an intuitive interface.

Additional Details:
  - Slim and portable form factor for easy travel.
  - Long battery life for all-day usage.
  - High-resolution display with vivid color reproduction.

Backed by a comprehensive warranty and dedicated support.",Electronics,Laptops,Lenovo,74.84,,No rating available,,,0,0.0,2,2024-10-26,14.0,3.0,2.0,0.0,0.0,0.0,0.0,0.0,19.0,21.43,66.67,0.0,0.0,0.0,0.0
ede55b83-a7fa-4873-93aa-c69628714e2e,H&M Prime2 Training Shoes,"Elevate your wardrobe with the H&M Prime2 Training Shoes.

Key Features:
  - Versatile design transitions seamlessly from day to night.
  - Tailored fit that flatters every body type.
  - Eco-friendly materials sourced sustainably.
  - Reinforced stitching for enhanced durability.
  - Breathable material keeps you comfortable all day.

From casual outings to formal occasions, this piece transitions effortlessly across settings.

Additional Details:
  - Designed for comfort with a tailored silhouette.
  - Easy care: machine washable for convenience.

Join thousands of satisfied customers worldwide.",Clothing & Accessories,Footwear,H&M,44.28,,No rating available,,,0,0.0,1,2025-12-03,17.0,8.0,1.0,0.0,0.0,0.0,0.0,0.0,15.38,47.06,12.5,0.0,0.0,0.0,0.0
69160d6d-a5d0-4737-8f79-e024e4355e18,Hasbro Sunset 3000 Piece Puzzle,"The Hasbro Sunset 3000 Piece Puzzle offers hours of engaging entertainment.

Key Features:
  - Easy to learn, with endless replay value.
  - Safe, non-toxic materials certified for children.
  - Encourages creative thinking and problem-solving skills.
  - Expandable with additional sets and accessories.
  - Award-winning design loved by kids and parents.
  - Durable design withstands active play.

Where learning meets play.",Toys & Games,Puzzles,Hasbro,97.76,4.0,Original from products,4.0,4.0,1,1.0,3,2024-12-11,60.0,33.0,17.0,2.0,2.0,3.0,290.79,96.08500000000001,17.14,55.0,51.52,6.06,11.76,4.85,8.81
9d0d4a96-a03b-4500-8e94-6ba5a7fd936e,Logitech Edge13 DSLR,"Experience cutting-edge technology with the Logitech Edge13 DSLR.

Key Features:
  - Advanced cooling system for sustained performance.
  - Intuitive user interface with customizable settings.
  - Long-lasting battery designed for all-day productivity.
  - Advanced connectivity options including WiFi 6 and Bluetooth 5.3.

Whether you are working from home, gaming, or streaming, this device is built to handle it all with ease.

Additional Details:
  - Slim and portable form factor for easy travel.
  - High-resolution display with vivid color reproduction.
  - Connectivity: USB-C, HDMI, WiFi 6, Bluetooth.

Perfect for professionals and enthusiasts alike.",Electronics,Cameras,Logitech,173.19,5.0,Original from products,5.0,5.0,1,1.0,1,2024-02-09,11.0,7.0,3.0,0.0,0.0,0.0,0.0,0.0,11.4,63.64,42.86,0.0,0.0,0.0,0.0
b8cfd15d-f114-4dc4-8b81-eb89f074c4bb,L'Oreal Haircare Serum,"Nourish and pamper yourself with the L'Oreal Haircare Serum.

Key Features:
  - Antioxidant-rich formula protects against environmental damage.
  - Rich, luxurious texture that absorbs quickly.
  - Cruelty-free and never tested on animals.
  - Delicate fragrance that lingers throughout the day.
  - Suitable for sensitive skin.
  - Clinically proven results with regular use.

Additional Details:
  - Shelf life: {shelf_life}m
  - Volume: {volume_ml}ml

Part of our commitment to clean beauty.",Beauty & Personal Care,Haircare,L'Oreal,14.36,,No rating available,,,0,0.0,1,2025-03-07,1.0,0.0,1.0,1.0,1.0,1.0,15.04,15.04,18.88,0.0,,,100.0,15.04,
581da0b5-30ec-4a08-8d81-2a374a66ea91,Staples Stationery Pack,"Designed for efficiency, the Staples Stationery Pack delivers.

Key Features:
  - Built to withstand daily use in demanding environments.
  - Premium materials ensure long-lasting performance.
  - Eco-friendly materials and packaging.
  - Streamlines your workflow for maximum efficiency.
  - Easy setup with no assembly required.

Additional Details:
  - Dimensions: {dim_cm} cm
  - Weight: {weight_g}g

The smart choice for modern professionals.",Office Products,Stationery,Staples,25.58,5.0,Original from products,5.0,5.0,1,1.0,12,2026-03-22,47.0,22.0,11.0,2.0,2.0,3.0,74.7,24.77,15.74,46.81,50.0,9.09,18.18,1.59,3.4
1063bdf9-5119-4f27-bcdb-051b1a60eaf0,Apple Core Tab,"Upgrade your setup with the powerful Apple Core Tab.

Key Features:
  - Long-lasting battery designed for all-day productivity.
  - Equipped with the latest processor for seamless multitasking.
  - Supports high-resolution audio for immersive sound.
  - Enhanced security features including biometric authentication.
  - Sleek, lightweight design for maximum portability.
  - Intuitive user interface with customizable settings.

Designed with the modern user in mind, it combines powerful performance with an intuitive interface.

Order today and experience the difference.",Electronics,Tablets,Apple,107.95,,No rating available,,,0,0.0,2,2025-10-27,34.0,9.0,3.0,0.0,0.0,0.0,0.0,0.0,23.27,26.47,33.33,0.0,0.0,0.0,0.0
5e5580f7-bf6e-482a-b953-d666826d6ba0,Apple Ultra 10th Gen,"Engineered for excellence, the Apple Ultra 10th Gen sets a new standard.

Key Features:
  - Premium build quality with aerospace-grade materials.
  - Sleek, lightweight design for maximum portability.
  - Equipped with the latest processor for seamless multitasking.
  - Enhanced security features including biometric authentication.
  - Supports high-resolution audio for immersive sound.
  - Advanced cooling system for sustained performance.

Whether you are working from home, gaming, or streaming, this device is built to handle it all with ease.

Perfect for professionals and enthusiasts alike.",Electronics,Laptops,Apple,56.53,5.0,Original from products,5.0,5.0,1,1.0,2,2024-09-13,26.0,6.0,6.0,1.0,1.0,1.0,57.55,57.55,24.48,23.08,100.0,16.67,16.67,2.21,9.59
1774fa31-785b-4453-99a3-3165f15c3da4,Merrell Outdoor Recreation Set,"Take your performance to the next level with the Merrell Outdoor Recreation Set.

Key Features:
  - Reinforced stress points for long-lasting durability.
  - Quick-setup system saves time and hassle.
  - Lightweight design for effortless portability.
  - Adjustable features for customized fit.
  - Compression-molded for compact storage.
  - Ergonomic design reduces fatigue during extended use.

Additional Details:
  - Dimensions: {dim_cm} cm
  - Capacity: {capacity_l}L

Trusted by athletes and adventurers worldwide.",Sports & Outdoors,Outdoor Recreation,Merrell,83.76,5.0,Original from products,5.0,5.0,1,1.0,1,2025-01-14,4.0,5.0,3.0,1.0,1.0,1.0,86.23,86.23,8.37,125.0,60.0,20.0,33.33,21.56,17.25
684ddd4e-85c7-4969-8e1e-224a92f777c2,Samsung Pixel1 Smartphone,"Engineered for excellence, the Samsung Pixel1 Smartphone sets a new standard.

Key Features:
  - Equipped with the latest processor for seamless multitasking.
  - Advanced connectivity options including WiFi 6 and Bluetooth 5.3.
  - Premium build quality with aerospace-grade materials.
  - Advanced cooling system for sustained performance.

Whether you are working from home, gaming, or streaming, this device is built to handle it all with ease.

Additional Details:
  - Slim and portable form factor for easy travel.
  - Long battery life for all-day usage.
  - Connectivity: USB-C, HDMI, WiFi 6, Bluetooth.

Elevate your daily experience with this premium device.",Electronics,Smartphones,Samsung,328.03,4.0,Original from products,4.0,4.0,3,3.0,2,2026-05-02,123.0,55.0,27.0,5.0,5.0,6.0,1995.03,333.784,18.75,44.72,49.09,9.09,18.52,16.22,36.27
d74b2d27-83c9-4d3b-b650-ff3f91f9e1e7,Advanced Optimization,"Discover the story behind Advanced Optimization.

Key Features:
  - Includes discussion questions for book clubs.
  - Features a foreword by a leading expert in the field.
  - Meticulously researched and expertly presented.
  - Perfect for book clubs and group discussions.

Whether you are a longtime fan or new to the genre, this book will captivate you from the first page.

Additional Details:
  - Available in multiple formats for your reading preference.
  - A substantial read that delivers incredible value.

Order your copy today and start reading.",Books,Educational,Penguin Books,11.98,,No rating available,,,0,0.0,3,2025-07-22,0.0,0.0,0.0,0.0,0.0,0.0,0.0,0.0,0.0,,,,,,
0333c9f1-54bd-4d80-9fda-09280e528fc1,Wilson Pro Team Sport,"The Wilson Pro Team Sport is built for those who push their limits.

Key Features:
  - Ergonomic design reduces fatigue during extended use.
  - Weather-resistant materials keep you protected.
  - Adjustable features for customized fit.
  - Reflective elements enhance visibility in low light.
  - Compression-molded for compact storage.
  - Durable construction withstands the toughest conditions.

Additional Details:
  - Dimensions: {dim_cm} cm
  - Weight: {weight_g}g
  - Material: {material_quality} {material}

Trusted by athletes and adventurers worldwide.",Sports & Outdoors,Team Sports,Wilson,43.86,2.0,Original from products,2.0,2.0,1,1.0,2,2024-09-18,8.0,2.0,1.0,1.0,1.0,4.0,171.24,42.81,18.34,25.0,50.0,50.0,100.0,21.4,85.62
4fa8f97d-f6ea-47d9-ba99-285c5a3bb3ff,My First Meditation,"Dive into the captivating world of My First Meditation.

Key Features:
  - Thought-provoking themes that resonate long after reading.
  - Perfect for book clubs and group discussions.
  - Beautifully written with vivid prose and memorable characters.
  - Gripping narrative that keeps you turning pages.
  - Award-winning author delivers another masterpiece.

Perfect for bedtime reading, book clubs, or casual enjoyment, this book offers something for everyone.

A must-read for fans of the genre.",Books,Children's Books,HarperCollins,8.66,,No rating available,,,0,0.0,1,2023-12-17,3.0,4.0,1.0,0.0,0.0,0.0,0.0,0.0,6.13,133.33,25.0,0.0,0.0,0.0,0.0
e6c597ce-cd80-4439-ab5e-bdb9fdc77149,Pyrex Modern Furniture,"Transform your home with the Pyrex Modern Furniture.

Key Features:
  - Temperature resistant up to {temp_c} degrees.
  - Ergonomic design for comfortable use.
  - Space-saving design fits perfectly in any room.
  - Crafted from premium {material} for lasting quality.
  - Versatile design complements any decor style.

Designed to enhance your living space while providing practical everyday functionality.

Additional Details:
  - Dimensions: perfectly sized for your space.
  - Easy to clean and maintain.

The perfect addition to any modern home.",Home & Kitchen,Furniture,Pyrex,40.82,,No rating available,,,0,0.0,5,2026-02-03,9.0,4.0,3.0,0.0,0.0,0.0,0.0,0.0,15.81,44.44,75.0,0.0,0.0,0.0,0.0
c3f78b59-fd61-4c40-91f2-a5ae1e894b43,Wilson Outdoor Recreation Set,"Conquer any challenge with the Wilson Outdoor Recreation Set.

Key Features:
  - Compression-molded for compact storage.
  - Lightweight design for effortless portability.
  - Reflective elements enhance visibility in low light.
  - Durable construction withstands the toughest conditions.

Additional Details:
  - Weight: {weight_g}g
  - Material: {material_quality} {material}
  - Capacity: {capacity_l}L

Built to last, backed by our warranty.",Sports & Outdoors,Outdoor Recreation,Wilson,39.25,,No rating available,,,0,0.0,2,2026-05-03,9.0,6.0,0.0,0.0,0.0,0.0,0.0,0.0,15.73,66.67,0.0,0.0,,0.0,0.0
155788a3-3c19-4b95-955c-34c0f87d57fe,Architecture: The Definitive Guide,"Architecture: The Definitive Guide is a compelling read you won't want to put down.

Key Features:
  - Comprehensive coverage of the subject matter.
  - Includes exclusive content and illustrations.
  - Gripping narrative that keeps you turning pages.
  - Perfect for book clubs and group discussions.
  - Includes discussion questions for book clubs.
  - Award-winning author delivers another masterpiece.

Whether you are a longtime fan or new to the genre, this book will captivate you from the first page.

Additional Details:
  - A substantial read that delivers incredible value.
  - Available in multiple formats for your reading preference.
  - Expertly crafted with attention to every detail.

Order your copy today and start reading.",Books,Educational,Simon & Schuster,8.44,,No rating available,,,0,0.0,1,2023-03-30,0.0,0.0,0.0,0.0,0.0,0.0,0.0,0.0,0.0,,,,,,
350c4202-5edd-42fd-9696-fe1b499cda86,Zara Essential Casual Sneakers,"Elevate your wardrobe with the Zara Essential Casual Sneakers.

Key Features:
  - Four-way stretch fabric for unrestricted movement.
  - Eco-friendly materials sourced sustainably.
  - Reinforced stitching for enhanced durability.
  - Premium {material} fabric for lasting comfort.
  - Breathable material keeps you comfortable all day.
  - Versatile design transitions seamlessly from day to night.

Crafted with attention to detail, it offers the perfect balance of style and practicality.

Join thousands of satisfied customers worldwide.",Clothing & Accessories,Footwear,Zara,108.92,,No rating available,,,0,0.0,2,2023-02-09,9.0,4.0,2.0,0.0,0.0,0.0,0.0,0.0,18.42,44.44,50.0,0.0,0.0,0.0,0.0
db8d4457-8949-47a3-a0bb-c3b8900727dc,Advanced Computer Vision,"Dive into the captivating world of Advanced Computer Vision.

Key Features:
  - Meticulously researched and expertly presented.
  - Comprehensive coverage of the subject matter.
  - Gripping narrative that keeps you turning pages.
  - Beautifully written with vivid prose and memorable characters.
  - Thought-provoking themes that resonate long after reading.

Whether you are a longtime fan or new to the genre, this book will captivate you from the first page.

Already a bestseller in multiple countries.",Books,Educational,Hachette,17.68,,No rating available,,,0,0.0,1,2023-05-24,5.0,4.0,0.0,0.0,0.0,0.0,0.0,0.0,11.79,80.0,0.0,0.0,,0.0,0.0
9222e866-25ba-44ee-b61e-8b52c7353034,Nestle Original Snack,"The Nestle Original Snack brings premium quality to your table.

Key Features:
  - Freshness sealed for optimal taste.
  - Expertly crafted using traditional methods.
  - Perfect for gifting or everyday indulgence.
  - Hand-selected for superior quality.

A taste worth savoring.",Grocery & Gourmet,Snacks,Nestle,10.65,5.0,Original from products,5.0,5.0,1,1.0,1,2024-04-27,12.0,6.0,4.0,0.0,0.0,0.0,0.0,0.0,15.43,50.0,66.67,0.0,0.0,0.0,0.0
f4cc0e61-c082-4e87-a185-0cab28cf34d5,Coleman Team Sport Set,"Engineered for peak performance in any condition.

Key Features:
  - Weather-resistant materials keep you protected.
  - Reinforced stress points for long-lasting durability.
  - Ergonomic design reduces fatigue during extended use.
  - Adjustable features for customized fit.

Additional Details:
  - Weight: {weight_g}g
  - Capacity: {capacity_l}L
  - Material: {material_quality} {material}

Trusted by athletes and adventurers worldwide.",Sports & Outdoors,Team Sports,Coleman,93.44,4.0,Original from products,4.0,4.0,1,1.0,1,2023-07-19,138.0,57.0,24.0,5.0,5.0,5.0,461.42,92.284,18.99,41.3,42.11,8.77,20.83,3.34,8.1
873c9039-bba6-4e4d-9248-4df04d539770,KitchenAid Professional Kitchenware,"Transform your home with the KitchenAid Professional Kitchenware.

Key Features:
  - Elegant finish adds a touch of sophistication.
  - Stackable design for efficient storage.
  - Built to withstand daily use with durable construction.
  - Temperature resistant up to {temp_c} degrees.

Whether you are redecorating or just looking for that perfect finishing touch, this piece fits beautifully.

Additional Details:
  - Available in a variety of finishes.
  - Premium materials for lasting quality.
  - Easy to clean and maintain.

Designed for real life, built to last.",Home & Kitchen,Kitchenware,KitchenAid,74.28,,No rating available,,,0,0.0,1,2026-01-04,7.0,4.0,0.0,0.0,0.0,0.0,0.0,0.0,17.02,57.14,0.0,0.0,,0.0,0.0
a096d73d-1daa-41fc-b3c9-ef7233052cfc,Nike Premium Womenswear,"Elevate your wardrobe with the Nike Premium Womenswear.

Key Features:
  - Moisture-wicking technology keeps you dry.
  - Premium {material} fabric for lasting comfort.
  - Classic design that never goes out of style.
  - Reinforced stitching for enhanced durability.
  - Tailored fit that flatters every body type.

Crafted with attention to detail, it offers the perfect balance of style and practicality.

Available in multiple colors to suit your style.",Clothing & Accessories,Womenswear,Nike,27.32,3.0,Original from products,3.0,3.0,2,2.0,1,2026-02-14,8.0,2.0,3.0,2.0,2.0,2.0,55.61,27.805,19.41,25.0,150.0,100.0,66.67,6.95,27.8
294958eb-ae9d-46e7-b55e-f394581c67cc,LG Ultra Mirrorless Camera,"Upgrade your setup with the powerful LG Ultra Mirrorless Camera.

Key Features:
  - Advanced cooling system for sustained performance.
  - Advanced connectivity options including WiFi 6 and Bluetooth 5.3.
  - Enhanced security features including biometric authentication.
  - Sleek, lightweight design for maximum portability.
  - Intuitive user interface with customizable settings.

Designed with the modern user in mind, it combines powerful performance with an intuitive interface.

Additional Details:
  - Slim and portable form factor for easy travel.
  - Connectivity: USB-C, HDMI, WiFi 6, Bluetooth.

Elevate your daily experience with this premium device.",Electronics,Cameras,LG,181.53,,No rating available,,,0,0.0,18,2023-08-14,8.0,3.0,1.0,0.0,0.0,0.0,0.0,0.0,20.33,37.5,33.33,0.0,0.0,0.0,0.0
04f4e6f5-8abc-4544-badb-a909ff3a2352,Zara Air1 Running Shoes,"Elevate your wardrobe with the Zara Air1 Running Shoes.

Key Features:
  - Breathable material keeps you comfortable all day.
  - Easy care fabric - machine washable.
  - Premium {material} fabric for lasting comfort.
  - Moisture-wicking technology keeps you dry.
  - Reinforced stitching for enhanced durability.

From casual outings to formal occasions, this piece transitions effortlessly across settings.

Additional Details:
  - Easy care: machine washable for convenience.
  - Available in multiple sizes for the perfect fit.
  - Premium fabric construction for lasting wear.

Experience the perfect blend of style and comfort.",Clothing & Accessories,Footwear,Zara,29.78,5.0,Original from products,5.0,5.0,1,1.0,1,2025-10-30,8.0,3.0,3.0,0.0,0.0,0.0,0.0,0.0,32.98,37.5,100.0,0.0,0.0,0.0,0.0
40c60ba3-70ba-4a8c-8d32-a114241b8f8f,Apple Prime8 Ultra,"Experience cutting-edge technology with the Apple Prime8 Ultra.

Key Features:
  - Advanced cooling system for sustained performance.
  - Equipped with the latest processor for seamless multitasking.
  - Enhanced security features including biometric authentication.
  - Supports high-resolution audio for immersive sound.
  - Advanced connectivity options including WiFi 6 and Bluetooth 5.3.

Designed with the modern user in mind, it combines powerful performance with an intuitive interface.

Additional Details:
  - Connectivity: USB-C, HDMI, WiFi 6, Bluetooth.
  - High-resolution display with vivid color reproduction.

Elevate your daily experience with this premium device.",Electronics,Smartphones,Apple,203.89,,No rating available,,,0,0.0,145,2023-06-26,11.0,7.0,4.0,1.0,1.0,1.0,201.41,201.41,14.75,63.64,57.14,14.29,25.0,18.31,28.77
bd62a52c-fda1-4881-9d1a-6193ced2fca2,Fellowes Premium Stationery Set,"Designed for efficiency, the Fellowes Premium Stationery Set delivers.

Key Features:
  - Built to withstand daily use in demanding environments.
  - Adjustable settings for personalized comfort.
  - Space-saving profile fits any desk setup.
  - Streamlines your workflow for maximum efficiency.

Additional Details:
  - Dimensions: {dim_cm} cm
  - Weight: {weight_g}g

Backed by our quality guarantee.",Office Products,Stationery,Fellowes,24.55,5.0,Original from products,5.0,5.0,1,1.0,5,2025-09-08,80.0,21.0,15.0,1.0,1.0,1.0,25.6,25.6,24.47,26.25,71.43,4.76,6.67,0.32,1.22
30319d69-8cdb-4768-b9fa-b6ada8e0c9bf,Nike Premium Menswear,"Designed for those who refuse to compromise on style.

Key Features:
  - Versatile design transitions seamlessly from day to night.
  - Moisture-wicking technology keeps you dry.
  - Breathable material keeps you comfortable all day.
  - Premium {material} fabric for lasting comfort.
  - Tailored fit that flatters every body type.
  - Easy care fabric - machine washable.

Crafted with attention to detail, it offers the perfect balance of style and practicality.

Available in multiple colors to suit your style.",Clothing & Accessories,Menswear,Nike,27.82,5.0,Original from products,5.0,5.0,1,1.0,1,2024-03-31,3.0,0.0,4.0,1.0,1.0,1.0,28.52,28.52,17.21,0.0,,,25.0,9.51,
6419c8ce-2987-4355-a943-906c673fa754,Mattel Nova Board Game,"Bring joy to playtime with the Mattel Nova Board Game.

Key Features:
  - Durable design withstands active play.
  - Award-winning design loved by kids and parents.
  - Suitable for solo play or group activities.
  - Encourages creative thinking and problem-solving skills.
  - Expandable with additional sets and accessories.

Winner of multiple toy awards.",Toys & Games,Board Games,Mattel,11.26,,No rating available,,,0,0.0,2,2023-02-20,2.0,3.0,0.0,0.0,0.0,0.0,0.0,0.0,13.54,150.0,0.0,0.0,,0.0,0.0
0f1e0d87-71e1-4120-9b78-1a6e82714f30,Fitbit Book19 DSLR,"Experience cutting-edge technology with the Fitbit Book19 DSLR.

Key Features:
  - Long-lasting battery designed for all-day productivity.
  - Advanced connectivity options including WiFi 6 and Bluetooth 5.3.
  - Features a high-resolution display with vivid color accuracy.
  - Equipped with the latest processor for seamless multitasking.
  - Premium build quality with aerospace-grade materials.

Designed with the modern user in mind, it combines powerful performance with an intuitive interface.

Order today and experience the difference.",Electronics,Cameras,Fitbit,166.17,5.0,Original from products,5.0,5.0,1,1.0,1,2024-06-17,6.0,3.0,1.0,0.0,0.0,0.0,0.0,0.0,32.03,50.0,33.33,0.0,0.0,0.0,0.0
add54b88-7fbc-4bd9-99e1-42fc308f3f72,Adidas Classic Fit Menswear,"Elevate your wardrobe with the Adidas Classic Fit Menswear.

Key Features:
  - Classic design that never goes out of style.
  - Eco-friendly materials sourced sustainably.
  - Moisture-wicking technology keeps you dry.
  - Tailored fit that flatters every body type.
  - Reinforced stitching for enhanced durability.

From casual outings to formal occasions, this piece transitions effortlessly across settings.

Join thousands of satisfied customers worldwide.",Clothing & Accessories,Menswear,Adidas,30.96,5.0,Original from products,5.0,5.0,1,1.0,2,2025-10-22,81.0,32.0,13.0,1.0,1.0,1.0,32.37,32.37,19.83,39.51,40.62,3.12,7.69,0.4,1.01
e5a36b0e-138b-453a-8668-d51aa72d64c2,Instant Pot Classic Lighting,"Elevate your everyday living with the Instant Pot Classic Lighting.

Key Features:
  - Dishwasher safe for effortless cleaning.
  - Ergonomic design for comfortable use.
  - Temperature resistant up to {temp_c} degrees.
  - Versatile design complements any decor style.
  - Crafted from premium {material} for lasting quality.

Whether you are redecorating or just looking for that perfect finishing touch, this piece fits beautifully.

The perfect addition to any modern home.",Home & Kitchen,Lighting,Instant Pot,13.17,5.0,Original from products,5.0,5.0,1,1.0,9,2026-03-09,14.0,6.0,2.0,1.0,1.0,2.0,25.3,12.65,20.1,42.86,33.33,16.67,50.0,1.81,4.22
eb8313fc-01b5-418d-97ed-452df97a6a05,Adidas Essential Menswear,"Designed for those who refuse to compromise on style.

Key Features:
  - Four-way stretch fabric for unrestricted movement.
  - Easy care fabric - machine washable.
  - Reinforced stitching for enhanced durability.
  - Moisture-wicking technology keeps you dry.

From casual outings to formal occasions, this piece transitions effortlessly across settings.

Experience the perfect blend of style and comfort.",Clothing & Accessories,Menswear,Adidas,47.46,,No rating available,,,0,0.0,1,2023-06-01,5.0,0.0,2.0,0.0,0.0,0.0,0.0,0.0,15.69,0.0,,,0.0,0.0,
551ce1f9-8010-4d50-81bd-ac1ce8f64f2d,Fisher-Price Ember Board Game,"Bring joy to playtime with the Fisher-Price Ember Board Game.

Key Features:
  - Expandable with additional sets and accessories.
  - Encourages creative thinking and problem-solving skills.
  - Suitable for solo play or group activities.
  - Includes everything needed for immediate play.
  - STEM-focused learning through play.
  - Easy to learn, with endless replay value.

Additional Details:
  - Batteries: {battery_req}
  - Players: {player_count}

The perfect gift for any occasion.",Toys & Games,Board Games,Fisher-Price,44.62,3.0,Original from products,3.0,3.0,1,1.0,2,2025-11-08,3.0,1.0,1.0,1.0,1.0,1.0,46.52,46.52,20.82,33.33,100.0,100.0,100.0,15.51,46.52
2c625841-a848-47a7-bae9-4be42c6f6846,Goodyear Fluid SAE 5W-30,"The Goodyear Fluid SAE 5W-30 delivers professional-grade results.

Key Features:
  - Quick-drying formula saves time.
  - UV-resistant formula prevents fading and cracking.
  - Easy application with no special tools required.
  - Long-lasting protection against the elements.
  - Compatible with all major vehicle makes and models.

Additional Details:
  - Application: {app_method}
  - Compatibility: {compat_info}

Your vehicle deserves the best care.",Automotive,Fluids,Goodyear,205.45,5.0,Original from products,5.0,5.0,1,1.0,1,2024-01-01,106.0,27.0,16.0,1.0,1.0,2.0,391.78,195.89,18.16,25.47,59.26,3.7,6.25,3.7,14.51
5c06efaf-245a-4010-be1c-96022e38100e,PepsiCo Premium Beverage,"Elevate your culinary creations with PepsiCo Premium Beverage.

Key Features:
  - Perfect for gifting or everyday indulgence.
  - Versatile ingredient for countless recipes.
  - Hand-selected for superior quality.
  - Expertly crafted using traditional methods.
  - Sourced from the finest origins around the world.
  - Ethically sourced and sustainably produced.

Additional Details:
  - Storage: {storage_type}
  - Shelf life: {shelf_life}m
  - Country of origin: {origin_country}

Perfect for sharing with loved ones.",Grocery & Gourmet,Beverages,PepsiCo,6.58,,No rating available,,,0,0.0,1,2024-08-01,5.0,2.0,1.0,0.0,0.0,0.0,0.0,0.0,11.07,40.0,50.0,0.0,0.0,0.0,0.0
3b2552ec-8714-4c94-b09b-1fce1bab8f05,Apple Max7 Bluetooth Earbuds,"Experience cutting-edge technology with the Apple Max7 Bluetooth Earbuds.

Key Features:
  - Advanced cooling system for sustained performance.
  - Advanced connectivity options including WiFi 6 and Bluetooth 5.3.
  - Premium build quality with aerospace-grade materials.
  - Long-lasting battery designed for all-day productivity.

Designed with the modern user in mind, it combines powerful performance with an intuitive interface.

Additional Details:
  - High-resolution display with vivid color reproduction.
  - Long battery life for all-day usage.
  - Slim and portable form factor for easy travel.

Backed by a comprehensive warranty and dedicated support.",Electronics,Headphones,Apple,102.88,5.0,Original from products,5.0,5.0,3,3.0,2,2023-05-16,20.0,5.0,4.0,2.0,2.0,2.0,205.06,102.53,21.21,25.0,80.0,40.0,50.0,10.25,41.01
6014b105-9f70-4ad9-8cb2-441a091bc827,Olay Bath & Body - Lavender,"Transform your daily routine with the Olay Bath & Body - Lavender.

Key Features:
  - Clinically proven results with regular use.
  - Cruelty-free and never tested on animals.
  - Free from parabens, sulfates, and phthalates.
  - Suitable for sensitive skin.
  - Delicate fragrance that lingers throughout the day.

Loved by beauty experts and enthusiasts alike.",Beauty & Personal Care,Bath & Body,Olay,11.95,3.0,Original from products,3.0,3.0,1,1.0,2,2026-04-28,22.0,8.0,8.0,2.0,2.0,2.0,24.41,12.205,22.49,36.36,100.0,25.0,25.0,1.11,3.05
8f95d984-6cee-479b-8b36-983a1913d771,Apple Accessorie Charger,"Upgrade your setup with the powerful Apple Accessorie Charger.

Key Features:
  - Intuitive user interface with customizable settings.
  - Advanced cooling system for sustained performance.
  - Supports high-resolution audio for immersive sound.
  - Advanced connectivity options including WiFi 6 and Bluetooth 5.3.
  - Premium build quality with aerospace-grade materials.
  - Enhanced security features including biometric authentication.

Designed with the modern user in mind, it combines powerful performance with an intuitive interface.

Additional Details:
  - Long battery life for all-day usage.
  - Slim and portable form factor for easy travel.

Elevate your daily experience with this premium device.",Electronics,Accessories,Apple,173.59,,No rating available,,,0,0.0,2,2025-09-12,5.0,2.0,0.0,0.0,0.0,0.0,0.0,0.0,19.19,40.0,0.0,0.0,,0.0,0.0
bd5dc4ac-a0b7-4e71-a490-f5612a4c6112,M&M's Non-GMO Organic Food,"Elevate your culinary creations with M&M's Non-GMO Organic Food.

Key Features:
  - Sourced from the finest origins around the world.
  - Expertly crafted using traditional methods.
  - Freshness sealed for optimal taste.
  - Ethically sourced and sustainably produced.
  - No artificial preservatives or additives.

Perfect for sharing with loved ones.",Grocery & Gourmet,Organic Foods,M&M's,8.85,,No rating available,,,0,0.0,4,2025-03-11,11.0,4.0,5.0,0.0,0.0,0.0,0.0,0.0,29.22,36.36,125.0,0.0,0.0,0.0,0.0
e218ae73-e52b-41cd-be42-73a06f169fe4,The elegant vertex,"The elegant vertex is a compelling read you won't want to put down.

Key Features:
  - Gripping narrative that keeps you turning pages.
  - Features a foreword by a leading expert in the field.
  - Thought-provoking themes that resonate long after reading.
  - Award-winning author delivers another masterpiece.
  - Comprehensive coverage of the subject matter.
  - Includes discussion questions for book clubs.

Whether you are a longtime fan or new to the genre, this book will captivate you from the first page.

Additional Details:
  - A substantial read that delivers incredible value.
  - Expertly crafted with attention to every detail.
  - Critically acclaimed with outstanding reader reviews.

Already a bestseller in multiple countries.",Books,Fiction,Penguin Books,9.33,,No rating available,,,0,0.0,2,2025-06-25,1.0,0.0,1.0,0.0,0.0,0.0,0.0,0.0,8.55,0.0,,,0.0,0.0,
a3c44c20-02fd-4102-8825-548cd500b92d,Nike Pro9 Running Shoes,"Make a statement with the Nike Pro9 Running Shoes.

Key Features:
  - Tailored fit that flatters every body type.
  - Moisture-wicking technology keeps you dry.
  - Classic design that never goes out of style.
  - Premium {material} fabric for lasting comfort.

Crafted with attention to detail, it offers the perfect balance of style and practicality.

Additional Details:
  - Premium fabric construction for lasting wear.
  - Available in multiple sizes for the perfect fit.
  - Designed for comfort with a tailored silhouette.

Experience the perfect blend of style and comfort.",Clothing & Accessories,Footwear,Nike,31.51,4.5,Original from products,4.5,4.5,2,2.0,7,2025-12-25,57.0,18.0,11.0,2.0,2.0,5.0,162.32,32.475,16.18,31.58,61.11,11.11,18.18,2.85,9.02
f7d00f98-d143-46e7-ac9f-4e56089dab8c,Acer Accessorie Adapter,"Engineered for excellence, the Acer Accessorie Adapter sets a new standard.

Key Features:
  - Equipped with the latest processor for seamless multitasking.
  - Advanced cooling system for sustained performance.
  - Enhanced security features including biometric authentication.
  - Premium build quality with aerospace-grade materials.
  - Sleek, lightweight design for maximum portability.
  - Long-lasting battery designed for all-day productivity.

Designed with the modern user in mind, it combines powerful performance with an intuitive interface.

Additional Details:
  - Connectivity: USB-C, HDMI, WiFi 6, Bluetooth.
  - Slim and portable form factor for easy travel.

Backed by a comprehensive warranty and dedicated support.",Electronics,Accessories,Acer,37.55,3.0,Original from products,3.0,3.0,2,2.0,1,2023-06-28,148.0,67.0,22.0,2.0,2.0,2.0,73.25,36.625,19.07,45.27,32.84,2.99,9.09,0.49,1.09
4b9c83ae-69fe-4826-ac62-bae53913ea33,Apple Accessorie Stand,"Engineered for excellence, the Apple Accessorie Stand sets a new standard.

Key Features:
  - Enhanced security features including biometric authentication.
  - Intuitive user interface with customizable settings.
  - Equipped with the latest processor for seamless multitasking.
  - Long-lasting battery designed for all-day productivity.
  - Features a high-resolution display with vivid color accuracy.

Designed with the modern user in mind, it combines powerful performance with an intuitive interface.

Additional Details:
  - Long battery life for all-day usage.
  - Slim and portable form factor for easy travel.

Order today and experience the difference.",Electronics,Accessories,Apple,286.89,3.8,Original from products,3.8,3.8,5,5.0,8,2023-11-03,87.0,34.0,27.0,6.0,6.0,8.0,2318.48,287.55,15.57,39.08,79.41,17.65,22.22,26.65,68.19
be0febce-c6db-44a8-9b49-162463988db9,Nike Casual Menswear,"Elevate your wardrobe with the Nike Casual Menswear.

Key Features:
  - Breathable material keeps you comfortable all day.
  - Classic design that never goes out of style.
  - Easy care fabric - machine washable.
  - Eco-friendly materials sourced sustainably.

From casual outings to formal occasions, this piece transitions effortlessly across settings.

Additional Details:
  - Premium fabric construction for lasting wear.
  - Easy care: machine washable for convenience.
  - Available in multiple sizes for the perfect fit.

Experience the perfect blend of style and comfort.",Clothing & Accessories,Menswear,Nike,22.04,2.0,Original from products,2.0,2.0,1,1.0,2,2023-02-16,4.0,2.0,0.0,0.0,0.0,0.0,0.0,0.0,14.2,50.0,0.0,0.0,,0.0,0.0
7b214c32-0b09-4499-98b3-adf53f8801f4,Coca-Cola Organic Beverage,"Savor the rich flavors of the Coca-Cola Organic Beverage.

Key Features:
  - Freshness sealed for optimal taste.
  - Perfect for gifting or everyday indulgence.
  - Hand-selected for superior quality.
  - Premium quality guaranteed by our master artisans.
  - Versatile ingredient for countless recipes.

Perfect for sharing with loved ones.",Grocery & Gourmet,Beverages,Coca-Cola,7.86,,No rating available,,,0,0.0,1,2024-09-01,13.0,7.0,2.0,0.0,0.0,0.0,0.0,0.0,13.64,53.85,28.57,0.0,0.0,0.0,0.0
b47d09df-cbf3-4a7e-a7dc-3d8fba9ede4c,LEGO Prime Deluxe Ella,"Unleash endless fun with the LEGO Prime Deluxe Ella.

Key Features:
  - Easy to learn, with endless replay value.
  - Includes everything needed for immediate play.
  - Suitable for solo play or group activities.
  - Expandable with additional sets and accessories.

Additional Details:
  - Box dimensions: {dim_cm} cm
  - Recommended age: {age_range}+

Trusted by parents and loved by children.",Toys & Games,Action Figures,LEGO,10.62,3.9,Original from products,3.9,3.857142857142857,14,14.0,11,2024-09-08,460.0,186.0,119.0,17.0,17.0,19.0,202.01,10.615294117647059,17.29,40.43,63.98,9.14,14.29,0.44,1.09
d2ecc3eb-9cef-4b7a-8d4a-89c51817135c,Bosch Car Accessorie - White,"Protect and enhance your vehicle with the Bosch Car Accessorie - White.

Key Features:
  - Tested for quality and reliability.
  - Compatible with all major vehicle makes and models.
  - Easy application with no special tools required.
  - Quick-drying formula saves time.

Trusted by mechanics and enthusiasts worldwide.",Automotive,Car Accessories,Bosch,23.28,,No rating available,,,0,0.0,1,2023-02-07,13.0,4.0,7.0,1.0,1.0,1.0,23.45,23.45,18.29,30.77,175.0,25.0,14.29,1.8,5.86
c26f8cbd-e751-4339-ba06-dabb5c3fc40b,Samsung Book13 DSLR,"Experience cutting-edge technology with the Samsung Book13 DSLR.

Key Features:
  - Equipped with the latest processor for seamless multitasking.
  - Premium build quality with aerospace-grade materials.
  - Enhanced security features including biometric authentication.
  - Long-lasting battery designed for all-day productivity.
  - Advanced connectivity options including WiFi 6 and Bluetooth 5.3.
  - Sleek, lightweight design for maximum portability.

Whether you are working from home, gaming, or streaming, this device is built to handle it all with ease.

Additional Details:
  - Connectivity: USB-C, HDMI, WiFi 6, Bluetooth.
  - Long battery life for all-day usage.

Backed by a comprehensive warranty and dedicated support.",Electronics,Cameras,Samsung,123.34,,No rating available,,,0,0.0,70,2025-04-04,6.0,3.0,0.0,0.0,0.0,0.0,0.0,0.0,10.74,50.0,0.0,0.0,,0.0,0.0
9d68d51a-1599-4a5a-92b1-667b4aec1eb6,The Blockchain: Building Real-World Solutions,"The Blockchain: Building Real-World Solutions offers a fresh perspective on an important topic.

Key Features:
  - Perfect for book clubs and group discussions.
  - Award-winning author delivers another masterpiece.
  - Features a foreword by a leading expert in the field.
  - Thought-provoking themes that resonate long after reading.
  - Includes discussion questions for book clubs.
  - Meticulously researched and expertly presented.

Whether you are a longtime fan or new to the genre, this book will captivate you from the first page.

A must-read for fans of the genre.",Books,Non-Fiction,Penguin Books,13.92,5.0,Original from products,5.0,5.0,1,1.0,1,2023-01-12,2.0,1.0,0.0,0.0,0.0,0.0,0.0,0.0,23.77,50.0,0.0,0.0,,0.0,0.0
14daea5b-0057-4804-8001-4d53c7006e70,Nike Casual Womenswear,"Make a statement with the Nike Casual Womenswear.

Key Features:
  - Classic design that never goes out of style.
  - Easy care fabric - machine washable.
  - Breathable material keeps you comfortable all day.
  - Versatile design transitions seamlessly from day to night.

Crafted with attention to detail, it offers the perfect balance of style and practicality.

A must-have addition to any wardrobe.",Clothing & Accessories,Womenswear,Nike,46.67,5.0,Original from products,5.0,5.0,2,2.0,3,2025-09-15,70.0,28.0,14.0,2.0,2.0,3.0,135.61,45.115,16.22,40.0,50.0,7.14,14.29,1.94,4.84
9f3a318b-d5cc-4da4-8fd9-663f9671439c,The Versatile Cascade,"Discover the story behind The Versatile Cascade.

Key Features:
  - Gripping narrative that keeps you turning pages.
  - Features a foreword by a leading expert in the field.
  - Beautifully written with vivid prose and memorable characters.
  - Includes exclusive content and illustrations.
  - Includes discussion questions for book clubs.
  - Meticulously researched and expertly presented.

Whether you are a longtime fan or new to the genre, this book will captivate you from the first page.

Additional Details:
  - Available in multiple formats for your reading preference.
  - Critically acclaimed with outstanding reader reviews.
  - A substantial read that delivers incredible value.

A must-read for fans of the genre.",Books,Fiction,Penguin Books,28.75,,No rating available,,,0,0.0,1,2025-05-29,36.0,13.0,10.0,1.0,1.0,2.0,59.18,29.59,21.43,36.11,76.92,7.69,10.0,1.64,4.55
2cb8afa1-906e-42c6-bc0f-a58557387ecf,Nike Max14 Running Shoes,"Designed for those who refuse to compromise on style.

Key Features:
  - Reinforced stitching for enhanced durability.
  - Classic design that never goes out of style.
  - Eco-friendly materials sourced sustainably.
  - Easy care fabric - machine washable.

Crafted with attention to detail, it offers the perfect balance of style and practicality.

Join thousands of satisfied customers worldwide.",Clothing & Accessories,Footwear,Nike,54.32,,No rating available,,,0,0.0,6,2025-10-13,8.0,6.0,1.0,0.0,0.0,0.0,0.0,0.0,18.08,75.0,16.67,0.0,0.0,0.0,0.0
1c06bb38-495a-42b6-9576-bc0b27f3501a,Nike Classic Fit Menswear,"Make a statement with the Nike Classic Fit Menswear.

Key Features:
  - Eco-friendly materials sourced sustainably.
  - Versatile design transitions seamlessly from day to night.
  - Premium {material} fabric for lasting comfort.
  - Moisture-wicking technology keeps you dry.

Crafted with attention to detail, it offers the perfect balance of style and practicality.

Experience the perfect blend of style and comfort.",Clothing & Accessories,Menswear,Nike,62.34,,No rating available,,,0,0.0,1,2023-05-28,10.0,0.0,3.0,0.0,0.0,0.0,0.0,0.0,31.19,0.0,,,0.0,0.0,
31575edd-2512-4b79-a8bf-ef9e15d0789a,Elite World History: The From Theory to Practice,"Discover the story behind Elite World History: The From Theory to Practice.

Key Features:
  - Perfect for book clubs and group discussions.
  - Includes exclusive content and illustrations.
  - Award-winning author delivers another masterpiece.
  - Gripping narrative that keeps you turning pages.

Perfect for bedtime reading, book clubs, or casual enjoyment, this book offers something for everyone.

Additional Details:
  - A substantial read that delivers incredible value.
  - Critically acclaimed with outstanding reader reviews.

A must-read for fans of the genre.",Books,Non-Fiction,Penguin Books,28.85,1.0,Original from products,1.0,1.0,1,1.0,1,2025-12-21,4.0,4.0,4.0,2.0,2.0,4.0,112.57,28.595,15.85,100.0,100.0,50.0,50.0,28.14,28.14
d477e2b1-796a-4d3e-9c83-a22d09ade40a,Adidas Menswear in Cobalt,"Designed for those who refuse to compromise on style.

Key Features:
  - Eco-friendly materials sourced sustainably.
  - Breathable material keeps you comfortable all day.
  - Reinforced stitching for enhanced durability.
  - Easy care fabric - machine washable.

From casual outings to formal occasions, this piece transitions effortlessly across settings.

Additional Details:
  - Easy care: machine washable for convenience.
  - Premium fabric construction for lasting wear.
  - Available in multiple sizes for the perfect fit.

A must-have addition to any wardrobe.",Clothing & Accessories,Menswear,Adidas,49.26,4.0,Original from products,4.0,4.0,8,8.0,1,2024-11-14,140.0,50.0,30.0,10.0,10.0,14.0,686.34,49.034,18.55,35.71,60.0,20.0,33.33,4.9,13.73
186f61dd-1b37-4d39-a253-3e93a2f57374,Le Creuset Modern Lighting,"The Le Creuset Modern Lighting brings both style and function to your space.

Key Features:
  - Built to withstand daily use with durable construction.
  - Space-saving design fits perfectly in any room.
  - Temperature resistant up to {temp_c} degrees.
  - Ergonomic design for comfortable use.
  - Elegant finish adds a touch of sophistication.
  - Stackable design for efficient storage.

Designed to enhance your living space while providing practical everyday functionality.

Additional Details:
  - Dimensions: perfectly sized for your space.
  - Available in a variety of finishes.

Backed by our satisfaction guarantee.",Home & Kitchen,Lighting,Le Creuset,43.94,5.0,Original from products,5.0,5.0,1,1.0,1,2025-12-12,2.0,1.0,1.0,0.0,0.0,0.0,0.0,0.0,34.74,50.0,100.0,0.0,0.0,0.0,0.0
74349029-5f56-4769-bfb9-4c151b0c3a2d,Wilson Air3 Fitness Equipment,"Engineered for peak performance in any condition.

Key Features:
  - Durable construction withstands the toughest conditions.
  - Reflective elements enhance visibility in low light.
  - Compression-molded for compact storage.
  - Reinforced stress points for long-lasting durability.
  - Weather-resistant materials keep you protected.
  - Ergonomic design reduces fatigue during extended use.

Performance you can rely on.",Sports & Outdoors,Fitness Equipment,Wilson,100.77,,No rating available,,,0,0.0,4,2025-05-17,17.0,4.0,2.0,1.0,1.0,1.0,103.09,103.09,23.3,23.53,50.0,25.0,50.0,6.06,25.77
a6fbc223-a2e5-4cd3-a74d-429130cdf9ec,Apple Studio Noise-Canceling Headphones,"Upgrade your setup with the powerful Apple Studio Noise-Canceling Headphones.

Key Features:
  - Premium build quality with aerospace-grade materials.
  - Sleek, lightweight design for maximum portability.
  - Advanced cooling system for sustained performance.
  - Long-lasting battery designed for all-day productivity.
  - Advanced connectivity options including WiFi 6 and Bluetooth 5.3.
  - Equipped with the latest processor for seamless multitasking.

Whether you are working from home, gaming, or streaming, this device is built to handle it all with ease.

Elevate your daily experience with this premium device.",Electronics,Headphones,Apple,317.9,3.0,Original from products,3.0,3.0,1,1.0,1,2025-03-29,9.0,6.0,5.0,1.0,1.0,1.0,308.31,308.31,21.73,66.67,83.33,16.67,20.0,34.26,51.38
9fc09c6f-3d90-4b33-a950-cc9b977df8ed,Castrol Universal Car Accessorie,"Protect and enhance your vehicle with the Castrol Universal Car Accessorie.

Key Features:
  - Long-lasting protection against the elements.
  - Quick-drying formula saves time.
  - Compatible with all major vehicle makes and models.
  - Non-abrasive and safe for all surfaces.
  - Easy application with no special tools required.

Additional Details:
  - Volume: {volume_ml}ml
  - Compatibility: {compat_info}

Trusted by mechanics and enthusiasts worldwide.",Automotive,Car Accessories,Castrol,55.11,,No rating available,,,0,0.0,96,2023-02-10,58.0,32.0,16.0,0.0,0.0,0.0,0.0,0.0,16.92,55.17,50.0,0.0,0.0,0.0,0.0
29015888-2b89-4204-8244-ba4d3257caec,A Sophisticated Aurora,"A Sophisticated Aurora offers a fresh perspective on an important topic.

Key Features:
  - Includes exclusive content and illustrations.
  - Features a foreword by a leading expert in the field.
  - Comprehensive coverage of the subject matter.
  - Includes discussion questions for book clubs.
  - Thought-provoking themes that resonate long after reading.

Perfect for bedtime reading, book clubs, or casual enjoyment, this book offers something for everyone.

Additional Details:
  - Expertly crafted with attention to every detail.
  - Available in multiple formats for your reading preference.

A must-read for fans of the genre.",Books,Fiction,HarperCollins,6.76,,No rating available,,,0,0.0,1,2025-05-12,0.0,0.0,0.0,0.0,0.0,0.0,0.0,0.0,0.0,,,,,,
b087b284-ed9a-41f3-8394-5f82b5d41503,LEGO Bloom Board Game,"The LEGO Bloom Board Game sparks creativity and imagination.

Key Features:
  - Encourages creative thinking and problem-solving skills.
  - STEM-focused learning through play.
  - Includes everything needed for immediate play.
  - Expandable with additional sets and accessories.

The perfect gift for any occasion.",Toys & Games,Board Games,LEGO,15.09,4.0,Original from products,4.0,4.0,1,1.0,3,2024-07-13,7.0,2.0,1.0,1.0,1.0,1.0,15.17,15.17,11.19,28.57,50.0,50.0,100.0,2.17,7.58
6e4e80df-8d3b-45c3-8f81-1ab758215ff8,Spalding Adjustable Fitness Equipment,"Conquer any challenge with the Spalding Adjustable Fitness Equipment.

Key Features:
  - Durable construction withstands the toughest conditions.
  - Lightweight design for effortless portability.
  - Reinforced stress points for long-lasting durability.
  - Reflective elements enhance visibility in low light.

Ready for wherever your journey takes you.",Sports & Outdoors,Fitness Equipment,Spalding,46.64,,No rating available,,,0,0.0,2,2025-11-24,3.0,2.0,2.0,2.0,2.0,2.0,91.86,45.93,12.74,66.67,100.0,100.0,100.0,30.62,45.93
a0c63932-3335-49e7-b637-8d3b0c7680f8,L'Oreal Skincare Cream,"The L'Oreal Skincare Cream is your new essential for radiant skin.

Key Features:
  - Suitable for sensitive skin.
  - Cruelty-free and never tested on animals.
  - Dermatologist-tested and suitable for all skin types.
  - Rich, luxurious texture that absorbs quickly.
  - Formulated with natural ingredients for gentle care.

Additional Details:
  - Volume: {volume_ml}ml
  - Shelf life: {shelf_life}m

See the difference with every use.",Beauty & Personal Care,Skincare,L'Oreal,33.78,3.5,Original from products,3.5,3.5,4,4.0,2,2025-05-03,101.0,33.0,19.0,4.0,4.0,6.0,199.61999999999998,33.1325,17.63,32.67,57.58,12.12,21.05,1.98,6.05
589e0131-5300-428c-a674-12ca700a0214,"Garnier Haircare - 16""","Reveal your natural beauty with the Garnier Haircare - 16"".

Key Features:
  - Free from parabens, sulfates, and phthalates.
  - Rich, luxurious texture that absorbs quickly.
  - Suitable for sensitive skin.
  - Formulated with natural ingredients for gentle care.
  - Cruelty-free and never tested on animals.

Additional Details:
  - Skin type: {skin_type}
  - Ingredients: {ingredient_highlight}
  - Shelf life: {shelf_life}m

Your skin deserves the best.",Beauty & Personal Care,Haircare,Garnier,21.74,,No rating available,,,0,0.0,1,2023-04-03,6.0,3.0,5.0,0.0,0.0,0.0,0.0,0.0,12.11,50.0,166.67,0.0,0.0,0.0,0.0
ff991311-edc8-4bd9-9e20-780f3cd9239d,Twinnings Non-GMO Organic Food,"Indulge in the exquisite taste of Twinnings Non-GMO Organic Food.

Key Features:
  - Premium quality guaranteed by our master artisans.
  - No artificial preservatives or additives.
  - Versatile ingredient for countless recipes.
  - Rich, authentic flavor profile.
  - Perfect for gifting or everyday indulgence.
  - Ethically sourced and sustainably produced.

From our family to yours.",Grocery & Gourmet,Organic Foods,Twinnings,14.12,,No rating available,,,0,0.0,7,2026-01-14,8.0,2.0,1.0,0.0,0.0,0.0,0.0,0.0,21.47,25.0,50.0,0.0,0.0,0.0,0.0
fd2f2ff0-2363-4f9d-a8db-227bf021d16a,Theragun Fitness Equipment Pro,"Take your performance to the next level with the Theragun Fitness Equipment Pro.

Key Features:
  - Compression-molded for compact storage.
  - Durable construction withstands the toughest conditions.
  - Ventilated design for breathability.
  - Quick-setup system saves time and hassle.
  - Weather-resistant materials keep you protected.

Additional Details:
  - Dimensions: {dim_cm} cm
  - Material: {material_quality} {material}
  - Capacity: {capacity_l}L

Ready for wherever your journey takes you.",Sports & Outdoors,Fitness Equipment,Theragun,121.08,,No rating available,,,0,0.0,1,2023-03-20,56.0,20.0,9.0,1.0,1.0,1.0,122.42,122.42,18.03,35.71,45.0,5.0,11.11,2.19,6.12
a3b05ea3-5b3c-4492-aacd-738020015127,Nike Pro Casual Sneakers,"Designed for those who refuse to compromise on style.

Key Features:
  - Eco-friendly materials sourced sustainably.
  - Reinforced stitching for enhanced durability.
  - Versatile design transitions seamlessly from day to night.
  - Breathable material keeps you comfortable all day.

From casual outings to formal occasions, this piece transitions effortlessly across settings.

Experience the perfect blend of style and comfort.",Clothing & Accessories,Footwear,Nike,71.87,,No rating available,,,0,0.0,1,2024-01-09,4.0,4.0,3.0,0.0,0.0,0.0,0.0,0.0,10.96,100.0,75.0,0.0,0.0,0.0,0.0
898fa4a9-8691-41bd-a883-77b591553413,Apple Z10 Digital Camera,"Engineered for excellence, the Apple Z10 Digital Camera sets a new standard.

Key Features:
  - Sleek, lightweight design for maximum portability.
  - Features a high-resolution display with vivid color accuracy.
  - Equipped with the latest processor for seamless multitasking.
  - Advanced cooling system for sustained performance.

Whether you are working from home, gaming, or streaming, this device is built to handle it all with ease.

Additional Details:
  - Connectivity: USB-C, HDMI, WiFi 6, Bluetooth.
  - Slim and portable form factor for easy travel.
  - Long battery life for all-day usage.

Perfect for professionals and enthusiasts alike.",Electronics,Cameras,Apple,348.81,,No rating available,,,0,0.0,2,2023-09-28,4.0,0.0,0.0,0.0,0.0,0.0,0.0,0.0,20.4,0.0,,,,0.0,
520cf0b3-8fe9-42ba-a245-f42e60a656d9,Wilson Edge13 Camping Gear,"Take your performance to the next level with the Wilson Edge13 Camping Gear.

Key Features:
  - Ergonomic design reduces fatigue during extended use.
  - Compression-molded for compact storage.
  - Weather-resistant materials keep you protected.
  - Quick-setup system saves time and hassle.
  - Adjustable features for customized fit.

Built to last, backed by our warranty.",Sports & Outdoors,Camping Gear,Wilson,29.52,,No rating available,,,0,0.0,8,2026-04-29,44.0,20.0,14.0,0.0,0.0,0.0,0.0,0.0,15.58,45.45,70.0,0.0,0.0,0.0,0.0
73c21a86-0eb5-4378-9535-05b92c3e8482,Apple Classic Pro,"The Apple Classic Pro delivers exceptional performance for all your needs.

Key Features:
  - Long-lasting battery designed for all-day productivity.
  - Sleek, lightweight design for maximum portability.
  - Intuitive user interface with customizable settings.
  - Features a high-resolution display with vivid color accuracy.

Designed with the modern user in mind, it combines powerful performance with an intuitive interface.

Additional Details:
  - Slim and portable form factor for easy travel.
  - Long battery life for all-day usage.
  - High-resolution display with vivid color reproduction.

Perfect for professionals and enthusiasts alike.",Electronics,Laptops,Apple,210.29,,No rating available,,,0,0.0,1,2023-07-11,18.0,4.0,5.0,0.0,0.0,0.0,0.0,0.0,14.82,22.22,125.0,0.0,0.0,0.0,0.0
e065748b-4b46-4d4f-9b51-89ed0f702ef8,Nike Menswear in Gray,"The Nike Menswear in Gray combines style with everyday comfort.

Key Features:
  - Easy care fabric - machine washable.
  - Reinforced stitching for enhanced durability.
  - Breathable material keeps you comfortable all day.
  - Four-way stretch fabric for unrestricted movement.
  - Moisture-wicking technology keeps you dry.
  - Tailored fit that flatters every body type.

Crafted with attention to detail, it offers the perfect balance of style and practicality.

Available in multiple colors to suit your style.",Clothing & Accessories,Menswear,Nike,24.31,5.0,Original from products,5.0,5.0,1,1.0,1,2025-11-19,8.0,2.0,2.0,1.0,1.0,1.0,23.23,23.23,14.52,25.0,100.0,50.0,50.0,2.9,11.62
4bf16321-aa0b-4ebb-a940-f905a908765e,Sony Ultra Air18 Laptop,"Experience cutting-edge technology with the Sony Ultra Air18 Laptop.

Key Features:
  - Enhanced security features including biometric authentication.
  - Advanced cooling system for sustained performance.
  - Supports high-resolution audio for immersive sound.
  - Advanced connectivity options including WiFi 6 and Bluetooth 5.3.
  - Long-lasting battery designed for all-day productivity.
  - Intuitive user interface with customizable settings.

Whether you are working from home, gaming, or streaming, this device is built to handle it all with ease.

Additional Details:
  - Connectivity: USB-C, HDMI, WiFi 6, Bluetooth.
  - High-resolution display with vivid color reproduction.

Order today and experience the difference.",Electronics,Laptops,Sony,47.29,5.0,Original from products,5.0,5.0,2,2.0,4,2023-10-05,26.0,8.0,2.0,1.0,1.0,1.0,47.41,47.41,24.48,30.77,25.0,12.5,50.0,1.82,5.93
aac451f8-462d-402c-9701-83603f5e3638,Finance: A robust History,"Finance: A robust History is a compelling read you won't want to put down.

Key Features:
  - Beautifully written with vivid prose and memorable characters.
  - Award-winning author delivers another masterpiece.
  - Includes exclusive content and illustrations.
  - Thought-provoking themes that resonate long after reading.
  - Perfect for book clubs and group discussions.
  - Includes discussion questions for book clubs.

Whether you are a longtime fan or new to the genre, this book will captivate you from the first page.

Additional Details:
  - A substantial read that delivers incredible value.
  - Expertly crafted with attention to every detail.

Order your copy today and start reading.",Books,Non-Fiction,Penguin Books,12.13,5.0,Original from products,5.0,5.0,1,1.0,28,2025-03-22,1.0,0.0,0.0,0.0,0.0,0.0,0.0,0.0,109.05,0.0,,,,0.0,
0ca36cba-669c-4376-898b-d697a5294cf1,Logitech Wireless Accessorie,"The Logitech Wireless Accessorie delivers exceptional performance for all your needs.

Key Features:
  - Enhanced security features including biometric authentication.
  - Supports high-resolution audio for immersive sound.
  - Features a high-resolution display with vivid color accuracy.
  - Advanced connectivity options including WiFi 6 and Bluetooth 5.3.

Designed with the modern user in mind, it combines powerful performance with an intuitive interface.

Additional Details:
  - Long battery life for all-day usage.
  - High-resolution display with vivid color reproduction.
  - Connectivity: USB-C, HDMI, WiFi 6, Bluetooth.

Elevate your daily experience with this premium device.",Electronics,Accessories,Logitech,379.16,,No rating available,,,0,0.0,2,2023-04-23,2.0,0.0,0.0,0.0,0.0,0.0,0.0,0.0,32.76,0.0,,,,0.0,
78a06385-d103-41bb-ae83-1019db361a37,Wilson Premium Outdoor Recreation,"The Wilson Premium Outdoor Recreation is built for those who push their limits.

Key Features:
  - Ventilated design for breathability.
  - Reinforced stress points for long-lasting durability.
  - Reflective elements enhance visibility in low light.
  - Quick-setup system saves time and hassle.

Trusted by athletes and adventurers worldwide.",Sports & Outdoors,Outdoor Recreation,Wilson,72.51,,No rating available,,,0,0.0,1,2024-05-03,7.0,1.0,1.0,0.0,0.0,0.0,0.0,0.0,13.48,14.29,100.0,0.0,0.0,0.0,0.0
a96865f2-cc32-4cdc-9def-1ba8ddbfd160,The Superior Apex Remastered,"Unleash endless fun with the The Superior Apex Remastered.

Key Features:
  - Suitable for solo play or group activities.
  - Durable design withstands active play.
  - Easy to learn, with endless replay value.
  - Award-winning design loved by kids and parents.
  - STEM-focused learning through play.
  - Develops fine motor skills and hand-eye coordination.

Additional Details:
  - Batteries: {battery_req}
  - Recommended age: {age_range}+

Where learning meets play.",Toys & Games,Video Games,LEGO,83.89,5.0,Original from products,5.0,5.0,1,1.0,6,2025-02-16,39.0,15.0,14.0,4.0,4.0,4.0,335.98,83.995,14.79,38.46,93.33,26.67,28.57,8.61,22.4
704d2633-0877-4ada-97c1-09c95c06e03d,Barbie Panoramic Statistics Puzzle,"Unleash endless fun with the Barbie Panoramic Statistics Puzzle.

Key Features:
  - Includes everything needed for immediate play.
  - Easy to learn, with endless replay value.
  - Durable design withstands active play.
  - Expandable with additional sets and accessories.
  - Safe, non-toxic materials certified for children.

The perfect gift for any occasion.",Toys & Games,Puzzles,Barbie,27.8,5.0,Original from products,5.0,5.0,2,2.0,3,2025-06-05,7.0,1.0,1.0,1.0,1.0,1.0,26.9,26.9,16.05,14.29,100.0,100.0,100.0,3.84,26.9
2237ff96-b78a-409e-ba13-3b7af0463aed,Zara Menswear in Cream,"Designed for those who refuse to compromise on style.

Key Features:
  - Eco-friendly materials sourced sustainably.
  - Easy care fabric - machine washable.
  - Moisture-wicking technology keeps you dry.
  - Versatile design transitions seamlessly from day to night.

Crafted with attention to detail, it offers the perfect balance of style and practicality.

A must-have addition to any wardrobe.",Clothing & Accessories,Menswear,Zara,152.02,5.0,Original from products,5.0,5.0,1,1.0,1,2025-12-24,6.0,0.0,1.0,0.0,0.0,0.0,0.0,0.0,15.84,0.0,,,0.0,0.0,
7b10c51f-7f57-4542-96cb-531815a363b1,Architecture: A superior History,"Architecture: A superior History offers a fresh perspective on an important topic.

Key Features:
  - Thought-provoking themes that resonate long after reading.
  - Gripping narrative that keeps you turning pages.
  - Includes discussion questions for book clubs.
  - Beautifully written with vivid prose and memorable characters.
  - Features a foreword by a leading expert in the field.

Whether you are a longtime fan or new to the genre, this book will captivate you from the first page.

Critically acclaimed and reader-approved.",Books,Non-Fiction,Penguin Books,15.3,,No rating available,,,0,0.0,1,2025-10-14,9.0,9.0,3.0,0.0,0.0,0.0,0.0,0.0,14.95,100.0,33.33,0.0,0.0,0.0,0.0
e2d1dda4-1585-40fc-ac1f-d58afe9b8d26,A essential nexus,"A essential nexus offers a fresh perspective on an important topic.

Key Features:
  - Meticulously researched and expertly presented.
  - Perfect for book clubs and group discussions.
  - Includes exclusive content and illustrations.
  - Gripping narrative that keeps you turning pages.

Whether you are a longtime fan or new to the genre, this book will captivate you from the first page.

Critically acclaimed and reader-approved.",Books,Fiction,HarperCollins,14.16,,No rating available,,,0,0.0,11,2024-10-08,1.0,0.0,0.0,0.0,0.0,0.0,0.0,0.0,9.68,0.0,,,,0.0,
e9f96c73-5388-4116-b3e3-c0ab5e0e98ac,KitchenAid Furniture - Black,"Designed to make your home more beautiful and functional.

Key Features:
  - Ergonomic design for comfortable use.
  - Crafted from premium {material} for lasting quality.
  - Space-saving design fits perfectly in any room.
  - Built to withstand daily use with durable construction.
  - Temperature resistant up to {temp_c} degrees.

Designed to enhance your living space while providing practical everyday functionality.

Additional Details:
  - Easy to clean and maintain.
  - Premium materials for lasting quality.
  - Available in a variety of finishes.

Backed by our satisfaction guarantee.",Home & Kitchen,Furniture,KitchenAid,19.59,,No rating available,,,0,0.0,2,2024-01-14,23.0,7.0,4.0,1.0,1.0,1.0,19.07,19.07,24.75,30.43,57.14,14.29,25.0,0.83,2.72
58fd8edb-60ef-4856-bf1f-644ffc133d12,Wilson Book19 Fitness Equipment,"Engineered for peak performance in any condition.

Key Features:
  - Reinforced stress points for long-lasting durability.
  - Adjustable features for customized fit.
  - Compression-molded for compact storage.
  - Quick-setup system saves time and hassle.
  - Durable construction withstands the toughest conditions.

Performance you can rely on.",Sports & Outdoors,Fitness Equipment,Wilson,107.09,4.3,Original from products,4.3,4.285714285714286,21,21.0,55,2023-11-22,1599.0,628.0,398.0,41.0,41.0,55.0,5883.08,106.91829268292682,17.79,39.27,63.38,6.53,10.3,3.68,9.37
e672476a-04a1-4d79-aecc-25c1811df7c0,Adidas Pro15 Training Shoes,"Elevate your wardrobe with the Adidas Pro15 Training Shoes.

Key Features:
  - Versatile design transitions seamlessly from day to night.
  - Moisture-wicking technology keeps you dry.
  - Four-way stretch fabric for unrestricted movement.
  - Reinforced stitching for enhanced durability.
  - Premium {material} fabric for lasting comfort.
  - Easy care fabric - machine washable.

Crafted with attention to detail, it offers the perfect balance of style and practicality.

Additional Details:
  - Designed for comfort with a tailored silhouette.
  - Available in multiple sizes for the perfect fit.
  - Easy care: machine washable for convenience.

A must-have addition to any wardrobe.",Clothing & Accessories,Footwear,Adidas,25.9,3.5,Original from products,3.5,3.5,2,2.0,1,2026-05-23,2.0,3.0,3.0,1.0,1.0,1.0,26.18,26.18,11.36,150.0,100.0,33.33,33.33,13.09,8.73
2598e723-19c8-4d48-acd3-ef82d5a1c555,Staples Office Furniture Pro,"Boost your productivity with the Staples Office Furniture Pro.

Key Features:
  - Ergonomic design reduces strain during extended use.
  - Streamlines your workflow for maximum efficiency.
  - Easy setup with no assembly required.
  - Adjustable settings for personalized comfort.

Additional Details:
  - Dimensions: {dim_cm} cm
  - Weight: {weight_g}g

The smart choice for modern professionals.",Office Products,Office Furniture,Staples,13.57,,No rating available,,,0,0.0,1,2025-01-28,1.0,0.0,0.0,0.0,0.0,0.0,0.0,0.0,5.5,0.0,,,,0.0,
233d8a06-84c1-4fd8-a3b2-34bbce6e2385,Sony Prime X8,"Upgrade your setup with the powerful Sony Prime X8.

Key Features:
  - Features a high-resolution display with vivid color accuracy.
  - Intuitive user interface with customizable settings.
  - Premium build quality with aerospace-grade materials.
  - Advanced cooling system for sustained performance.
  - Enhanced security features including biometric authentication.
  - Long-lasting battery designed for all-day productivity.

Designed with the modern user in mind, it combines powerful performance with an intuitive interface.

Additional Details:
  - High-resolution display with vivid color reproduction.
  - Long battery life for all-day usage.
  - Slim and portable form factor for easy travel.

Perfect for professionals and enthusiasts alike.",Electronics,Smartphones,Sony,367.78,3.5,Original from products,3.5,3.5,2,2.0,1,2026-02-07,0.0,0.0,0.0,0.0,0.0,0.0,0.0,0.0,0.0,,,,,,
